question_id,author_of_record,question,is_answerable,gold_doc_id,gold_article_id,gold_clause_id,reference_answer,gold_passage,grade_doc,grade_article,grade_clause,grade_answerable,grade_overall,notes
Q001,Hương,"Cách thức chuyển tiền từ nước ngoài vào Việt Nam để thanh toán các chi phí chuẩn bị đầu tư hợp pháp khi chưa được cấp Giấy chứng nhận đăng ký đầu tư hoặc Thông báo đáp ứng điều kiện góp vốn, mua cổ phần, mua lại phần vốn góp được quy định như thế nào?",True,06/2019/TT-NHNN,8,1,"Nhà đầu tư có thể sử dụng các cách chuyển tiền như sau để thực hiện thanh toán: (i) chuyển tiền từ nước ngoài, hoặc (ii) chuyển tiền từ tài khoản thanh toán bằng ngoại tệ của nhà đầu tư nước ngoài đó mở tại ngân hàng được phép tại Việt Nam, hoặc (iii) chuyển tiền từ tài khoản thanh toán bằng đồng Việt Nam, của nhà đầu tư nước ngoài đó mở tại ngân hàng được phép tại Việt Nam (Điều 8.1 thông tư 06/2019/TT-NHNN)","Điều 8. Chuyển tiền thực hiện hoạt động chuẩn bị đầu tư
1. Trước khi được cơ quan có thẩm quyền cấp Giấy chứng nhận đăng ký đầu
tư, Thông báo về việc đáp ứng điều kiện góp vốn, mua cổ phần, mua lại phần vốn
góp của nhà đầu tư nước ngoài, Giấy phép thành lập và hoạt động theo pháp luật
chuyên ngành, ký kết hợp đồng PPP, nhà đầu tư nước ngoài được phép chuyển tiền
từ nước ngoài hoặc từ tài khoản thanh toán bằng ngoại tệ, đồng Việt Nam của nhà
đầu tư nước ngoài đó mở tại ngân hàng được phép tại Việt Nam để thanh toán các
chi phí hợp pháp trong giai đoạn thực hiện hoạt động chuẩn bị đầu tư tại Việt Nam.
2. Sau khi được cơ quan có thẩm quyền cấp Giấy chứng nhận đăng ký đầu tư,
Thông báo về việc đáp ứng điều kiện góp vốn, mua cổ phần, mua lại phần vốn góp
của nhà đầu tư nước ngoài, Giấy phép thành lập và hoạt động theo pháp luật
chuyên ngành, ký kết hợp đồng PPP, số tiền nhà đầu tư nước ngoài đã chuyển vào
Việt Nam để thực hiện hoạt động chuẩn bị đầu tư được sử dụng để:
a) Chuyển một phần hoặc toàn bộ thành vốn góp;
b) Chuyển một phần hoặc toàn bộ thành vốn vay nước ngoài của doanh nghiệp
có vốn đầu tư trực tiếp nước ngoài. Trường hợp chuyển thành khoản vay nước
CÔNG BÁO/Số 611 + 612/Ngày 03-8-2019 85
ngoài, doanh nghiệp có vốn đầu tư trực tiếp nước ngoài tuân thủ quy định của pháp
luật về vay, trả nợ nước ngoài của doanh nghiệp. Thời hạn của khoản vay nước
ngoài được tính từ ngày dự án được cấp có thẩm quyền cấp Giấy chứng nhận đăng
ký đầu tư, Giấy phép thành lập và hoạt động theo pháp luật chuyên ngành, ký kết
hợp đồng PPP hoặc ngày mà các bên ký thỏa thuận vay nước ngoài (tùy thuộc vào
ngày nào đến sau) đến ngày trả nợ cuối cùng;
c) Chuyển trả cho nhà đầu tư nước ngoài bằng ngoại tệ, đồng Việt Nam số tiền
đã chuyển vào Việt Nam để thực hiện hoạt động chuẩn bị đầu tư sau khi đã trừ đi
các chi phí hợp pháp liên quan đến hoạt động chuẩn bị đầu tư tại Việt Nam.
3. Trường hợp không được cơ quan có thẩm quyền cấp Giấy chứng nhận đăng
ký đầu tư, Thông báo về việc đáp ứng điều kiện góp vốn, mua cổ phần, mua lại
pháp luật chuyên ngành, ký kết hợp đồng PPP hoặc không tiếp tục thực hiện dự án
đầu tư trực tiếp tại Việt Nam, nhà đầu tư nước ngoài được chuyển ra nước ngoài số
tiền còn lại bằng ngoại tệ hoặc được mua ngoại tệ để chuyển ra nước ngoài đối với
số tiền đã chuyển vào Việt Nam và tiền lãi phát sinh (nếu có) sau khi trừ đi các chi
phí hợp pháp liên quan đến hoạt động chuẩn bị đầu tư tại Việt Nam.
4. Các giao dịch quy định tại khoản 1, khoản 2 và khoản 3 Điều này thực hiện
trên cơ sở thỏa thuận giữa các bên liên quan, xuất trình các tài liệu, chứng từ hợp lệ
chứng minh số tiền đã chuyển vào Việt Nam và các chi phí hợp pháp liên quan đến
hoạt động chuẩn bị đầu tư tại Việt Nam, đảm bảo tuân thủ quy định về quản lý
ngoại hối, quy định của pháp luật về đầu tư, pháp luật về kế toán và các quy định
pháp luật có liên quan.",,,,,,
Q002,Hương,Doanh nghiệp có được mua ngoại tệ để hoàn trả cho chuyên gia nước ngoài trong trường hợp chuyên gia này đã ứng trước tiền chi tiêu bằng đồng Việt Nam cho chuyến công tác tại TP.HCM không,True,32/2013/TT-NHNN,4,,Công ty không thể mua ngoại tệ để thanh toán cho việc hoàn trả tiền ứng trước tiền công tác phí của chuyên gia nước ngoài chi tiêu bằng VND tại TP.HCM,"Điều 4. Các trường hợp được sử dụng ngoại hối trên lãnh thổ Việt Nam
1. Cơ quan hải quan, công an, bộ đội biên phòng và các cơ quan Nhà nước
khác tại các cửa khẩu của Việt Nam và kho ngoại quan được niêm vết bằng ngoại I tệ
và thu bằng ngoại tệ chuyển khoản hoặc tiền mặt từ người không cư trú đôi với các
loại thuế, phí thị thực xuất nhập cảnh, phí cung ứng địch vụ và các loại phí, lệ phí
khác theo quy định của pháp luật.
2. Ngân hàng, tổ chức tín dụng phi ngân hàng, chi nhánh ngân hàng nước
ngoài được phép kinh doanh, cung ứng dịch vụ ngoại hồi (sau đây gọi tắt là tổ
chức tín dụng được phép) được giao dịch, thanh toán, niêm yêt, quảng cáo, báo giá,
định giá, ghi giá trong hợp đồng, thỏa thuận bằng ngoại hối trong phạm vi kính
doanh, cung ứng dịch vụ ngoại hối đã được Ngân hàng Nhà nước Việt Nam cho
phép thực hiện theo quy định của pháp luật.
3. Tổ chức khác được phép cung ứng dịch vụ ngoại hối được giao dịch và
niêm yết băng ngoại tệ trong phạm vi cung ứng dịch vụ ngoại hỗi đã được Ngân
hàng Nhà nước Việt Nam cho phép thực hiện theo quy định của pháp luật.
4. Người cư trú là tổ chức có tư cách pháp nhân được điều chuyển vốn nội
bộ băng ngoại tệ chuyên khoản giữa tài khoản của tô chức đó với tài khoản của
đơn vị phụ thuộc không có tư cách pháp nhân và ngược lại,
5. Người cư trú được góp vốn bằng ngoại tệ chuyên khoản đề thực hiện dự
án đâu tư nước ngoài tại Việt Nam.
6. Người cư trú thực hiện hợp đồng uỷ thác nhập khẩu, xuất khẩu theo quy
định sau:
a) Người cư trú nhận uỷ thác nhập khẩu được ghi giá trong hợp đồng uỷ
thác nhập khẩu bằng ngoại tệ và nhận thanh toán bằng ngoại tệ chuyên khoản đôi
với giá trị hợp đồng nhập khâu từ bên uỷ thác nhập khâu;
b) Người cư trú nhận uỷ thác xuất khẩu được ghi giả trong hợp đồng uỷ thác
xuất khâu bằng ngoại tệ và thanh toán bằng ngoại tệ chuyển khoản đối với giá trị
hợp đồng xuất khâu cho bên uỷ thác xuất khẩu.
7. Người cư trú là nhà thầu trong nước, nhà thầu nước ngoài thực hiện theo
quy định sau:
8) Đối với chị phí ngoài nước liên quan đến việc thực hiện gói thầu thông
qua đấu thầu quốc tế theo quy định tại Luật Đấu thầu: nhà thầu được chào thầu
bằng ngoại tệ và nhận thanh toán bằng ngoại tệ chuyên khoản từ chủ đầu tư, nhà
thầu chính đẻ thanh toán, chỉ trả và chuyển ra nước ngoài.
b) Đối với việc thực hiện gói thầu theo quy định của pháp luật về dầu khí:
nhà thầu được chào thầu bằng ngoại tệ và nhận thanh toán bằng ngoại tỆ chuyển
khoản từ chủ đầu tư, nhà thâu chính để thanh toán, chỉ trả và chuyên ra nước
ngoài.
8. Người cư trú là doanh nghiệp bảo hiểm thực hiện theo quy định sau:
8) Được báo giá, định giá, ghi giá dịch vụ bảo hiểm trong hợp đồng bằng
ngoại tệ và nhận thanh toán bằng ngoại tệ chuyên khoản từ bên mua bảo hiểm đổi
với hàng hoá, dịch vụ phải mua tái bảo hiểm ở nước ngoài;
b) Trường hợp phát sinh tôn thất đối với phần tái bảo hiểm ra nước ngoài,
người cư trú là tô chức mua bảo hiểm được nhận số tiền bồi thường bằng ngoại tệ
chuyên khoản từ công ty tái bảo hiểm nước ngoài thông qua doanh nghiệp bảo
hiểm đề thanh toán các chi phí khắc phục tôn thất ở nước ngoài.
9, Người cư trú là tô chức kinh doanh hàng miễn thuế được niêm yết giá hàng
hoá bằng ngoại tệ và nhận thanh toán bằng ngoại tệ chuyên khoản hoặc tiền. mặt từ
việc cung câp hàng hoá. Ngoại tệ sử dụng trong giao dịch tại cửa hàng miễn thuế
thực hiện theo quy định của pháp luật về kinh doanh bán hàng miễn thuê.
10. Người cư trú là tô chức cung ứng dịch vụ ở khu cách ly tại các cửa khẩu
quốc tế, tổ chức kinh doanh kho ngoại quan được niêm vết, báo giá, định giá, ghi
giá trong hợp đồng bằng ngoại tệ và nhận thanh toán bằng ngoại tệ chuyển khoản
hoặc tiền mặt từ việc cung cấp hàng hoá và dịch vụ. „
11. Người cư trú là tổ chức làm đại lý cho hãng vận tải nước ngoài trên cơ
sở hợp đồng đại lý ký kết giữa hai bên thực hiện theo quy định sau:
a) Được thay mặt cho hãng vận tải nước ngoài báo giá, định giá, ghi giá trong -
hợp đồng bằng ngoại tệ đối với cước phí vận tải hàng hoá quốc tế. Việc thanh toán
phải thực hiện bằng đồng Việt Nam;
b) Được chi hộ bằng ngoại tệ chuyên khoản để thanh toán tiền mua hàng
hoá, dịch vụ tại cảng biển quốc tế, khu cách ly tại sân bay quốc tế;
c) Được chỉ hộ bằng ngoại tệ tiền mặt để trả lương, thưởng, phụ cấp cho
người không cư trú do hãng tàu biên nước ngoài uy quyên.
12. Người cư trú là đoanh nghiệp chế xuất thực hiện theo quy định sau:
a) Được ghi giá trong hợp đồng bằng ngoại tệ và thanh toán bằng ngoại tệ
chuyển khoán khi mua hàng hoá từ thị trường nội địa để sản xuất, gia công, tái chế,
lắp rấp hàng xuất khẩu hoặc để xuất khẩu, trừ hàng hoá thuộc diện cắm xuất khẩu.
Doanh nghiệp trong nước được báo giá, định giá bằng ngoại tệ và nhận thanh toán
bằng ngoại tệ chuyên khoản khi bán hàng hoá cho doanh nghiệp chế xuất;
b) Được báo giá, định giá, ghi giá trong hợp đồng bằng ngoại tệ và thanh
toán, nhận thanh toán bằng ngoại tệ chuyển khoản với doanh nghiệp chế xuất khác.
13. Người cư trú là tổ chức kinh doanh trong lĩnh vực vận chuyển hàng
không, khách sạn, du lịch được niêm yết, quảng cáo giá hàng hoá, dịch vụ bằng
Đồng Việt Nam và ngoại tệ tương đương trên trang tin điện tử, ấn phẩm chuyên
ngành (không bao gồm thực đơn và bảng giá dịch vụ) chỉ sử dụng tiếng nước
ngoài,
14. Người cư trú, người không cư trú là tổ chức được thoả thuận và trả
lương, thưởng, phụ cấp trong hợp đồng lao động bằng ngoại tệ chuyên khoản hoặc
tiền mặt cho người không cư trú và người cư trú là người nước ngoài làm việc cho
chính tổ chức đó.
15. Người không cư trú là cơ quan ngoại giao, cơ quan lãnh sự được niệm
vết bằng ngoại tệ và thu phí thị thực xuất nhập cảnh, các loại phí, lệ phí khác bằng
ngoại tệ chuyền khoản hoặc tiền mặt.
16, Người không cư trú thực hiện theo quy định sau:
a) Được chuyên khoản bằng ngoại tệ cho người không cư trú khác;
b) Được ghi giá trong hợp đồng bằng ngoại tệ và thanh toán tiền xuất khẩu
hàng hoá, dịch vụ bằng ngoại tệ chuyển khoản cho người cư trú. Người cư trú
được báo giá, định giá bằng ngoại tệ và nhận thanh toán bằng ngoại tệ chuyên
khoản khi cung cấp hàng hoá, dịch vụ cho người không cư trú.
| 17. Các trường hợp khác được phép sử dụng ngoại hối trên lãnh thổ Việt
Nam được Thông độc Ngân hàng Nhà nước Việt Nam xem xét, châp thuận căn cứ
vào tình hình thực tế và tính chất cần thiết của từng trường hợp.",,,,,,
Q003,Hương,Việc thanh toán giá trị chuyển nhượng phần vốn góp giữa hai pháp nhân nước ngoài đối với dòng vốn tại một doanh nghiệp đầu tư trực tiếp nước ngoài tại Việt Nam có bắt buộc phải thực hiện qua tài khoản vốn đầu tư trực tiếp không?,True,06/2019/TT-NHNN,10,2,"Theo Điều 10.1.a Thông tư 06/2019/TT-NHNN, việc thanh toán giá trị chuyển nhượng phần vốn góp tại doanh nghiệp có vốn đầu tư trực tiếp nước ngoài giữa các nhà đầu tư là người không cư trú  không thực hiện thông qua tài khoản vốn đầu tư trực tiếp. Do đó, việc thanh toán giá trị chuyển nhượng phần vốn góp giữa Công ty B và Công ty C KHÔNG thực hiện thông qua tài khoản vốn đầu tư trực tiếp.","Điều 10. Chuyển nhượng vốn đầu tư và dự án đầu tư
1. Việc thanh toán giá trị chuyển nhượng cổ phần, phần vốn góp tại doanh
nghiệp có vốn đầu tư trực tiếp nước ngoài quy định tại khoản 2 Điều 3 Thông tư
này được thực hiện như sau:
a) Giữa các nhà đầu tư là người không cư trú hoặc giữa các nhà đầu tư là người
cư trú không thực hiện thông qua tài khoản vốn đầu tư trực tiếp;
b) Giữa nhà đầu tư là người không cư trú và nhà đầu tư là người cư trú phải
thực hiện thông qua tài khoản vốn đầu tư trực tiếp.
2. Việc thanh toán giá trị chuyển nhượng dự án đầu tư giữa các nhà đầu tư
trong hợp đồng BCC, giữa các nhà đầu tư trực tiếp thực hiện dự án PPP được thực
hiện như sau:
a) Giữa các nhà đầu tư là người không cư trú hoặc giữa nhà đầu tư là người
không cư trú và nhà đầu tư là người cư trú trong hợp đồng BCC phải thực hiện
thông qua tài khoản vốn đầu tư trực tiếp;
b) Giữa các nhà đầu tư là người không cư trú hoặc giữa nhà đầu tư là người
không cư trú và nhà đầu tư là người cư trú trực tiếp thực hiện dự án PPP phải thực
hiện thông qua tài khoản vốn đầu tư trực tiếp.
3. Đồng tiền định giá, thanh toán giá trị chuyển nhượng vốn đầu tư, dự án đầu
tư trong hoạt động đầu tư trực tiếp nước ngoài vào Việt Nam:
a) Việc định giá, thanh toán giá trị chuyển nhượng vốn đầu tư, dự án đầu tư
giữa hai người không cư trú được phép thực hiện bằng ngoại tệ;
b) Việc định giá, thanh toán giá trị chuyển nhượng vốn đầu tư, dự án đầu tư
giữa người cư trú và người không cư trú, giữa người cư trú với nhau phải thực hiện
bằng đồng Việt Nam.
CÔNG BÁO/Số 611 + 612/Ngày 03-8-2019 87
TRÁCH NHIỆM CỦA CÁC BÊN LIÊN QUAN
Điều 10 Thông tư này.
5. Thực hiện báo cáo các nội dung liên quan theo yêu cầu của Ngân hàng
Nhà nước.
ĐIỀU KHOẢN THI HÀNH",,,,,,
Q004,Hương,"Con tôi 13t, chưa có cccd có thể độc lập mở tài khoản thanh toán không?",True,17/2024/TT-NHNN,11,,"Theo thông tư số 17/2024/TT-NHNN, người từ đủ 15 tuổi trở lên, không bị hạn chế hoặc mất năng lực hành vi dân sự mới được mở tài khoản thanh toán tại ngân hàng, chi nhánh ngân hàng nước ngoài. Do đó, con bạn chưa đủ tuổi mở tài khoản thanh toán.","Điều 11. Đối tượng mở tài khoản thanh toán
1. Cá nhân mở tài khoản thanh toán tại ngân hàng, chỉ nhánh ngân hàng
nước ngoài bao gôm:
a) Người từ đủ 15 tuôi trở lên không bị hạn chế hoặc mắt năng lực hành vi
dân sự theo quy định pháp luật Việt Nam;
b) Người chưa đủ 15 tuổi, người bị hạn chế hoặc mắt năng lực hành vi dân
sự theo quy định của pháp luật Việt Nam mở tài khoản thanh toán thông qua người
đại diện theo pháp luật;
c) Người có khó khăn trong nhận thức, làm chủ hành vi theo quy định của
pháp luật Việt Nam mở tài khoản thanh toán thông qua người giám hộ.
2. Tổ chức được thành lập, hoạt động hợp pháp theo quy định của pháp luật
Việt Nam bao gôm: tô chức là pháp nhân (pháp nhân Việt Nam, pháp nhân nước
ngoài), doanh nghiệp tư nhân, hộ kinh doanh và các tổ chức khác được mở tài
khoản thanh toán tại ngân hàng, chỉ nhánh ngân hàng nước ngoài theo quy định
của pháp luật.",,,,,,
Q006,Hương,"Sau khi ký và công chứng Hợp đồng thế chấp QSDĐ, Chi nhánh ngân hàng tôi phát hiện thông tin ngày cấp GCN trong hợp đồng không trùng với GCN gốc. Với sai sót này, Chi nhánh cần làm việc với Văn phòng công chứng theo hướng xử lý nào?",True,46/2024/QH15,52,4,"1. Căn cứ: 
- Luật Công chứng 2024.
2. Đánh giá về pháp lý: 
- Theo mô tả của Chi nhánh, QA hiểu rằng trường hợp này sai sót là lỗi kỹ thuật khi ghi nhận thông tin của GCN vào trong Hợp đồng thế chấp. 
- Điều 52 Luật Công chứng 2024 quy định:
""Điều 52. Sửa lỗi kỹ thuật trong văn bản công chứng
1. Lỗi kỹ thuật là lỗi do sai sót trong khi ghi chép, đánh máy, in ấn văn bản công chứng mà việc sửa lỗi đó không làm ảnh hưởng đến quyền và nghĩa vụ của người tham gia giao dịch.
2. Việc sửa lỗi kỹ thuật trong văn bản công chứng được thực hiện tại tổ chức hành nghề công chứng nơi đã thực hiện việc công chứng đó; trường hợp tổ chức hành nghề công chứng đã thực hiện việc công chứng chấm dứt hoạt động, chuyển đổi hoặc giải thể thì công chứng viên của tổ chức hành nghề công chứng đang lưu trữ hồ sơ công chứng thực hiện việc sửa lỗi kỹ thuật.
3. Công chứng viên thực hiện việc sửa lỗi kỹ thuật có trách nhiệm đối chiếu từng lỗi cần sửa với các giấy tờ trong hồ sơ công chứng, gạch chân chỗ cần sửa, sau đó ghi chữ, dấu hoặc con số đã được sửa vào bên lề của trang được sửa lỗi kỹ thuật, ghi thời điểm sửa lỗi kỹ thuật kèm theo họ, tên, chữ ký của mình và đóng dấu của tổ chức hành nghề công chứng; trường hợp khoảng trống bên lề không đủ chỗ để ghi nội dung sửa lỗi kỹ thuật thì có thể ghi vào trang đính kèm có đủ các nội dung nêu trên.
Công chứng viên có trách nhiệm sửa lỗi kỹ thuật đối với tất cả các bản gốc của văn bản công chứng, trừ trường hợp không thể thu hồi được tất cả các bản gốc. Việc sửa lỗi kỹ thuật phải được thông báo bằng văn bản cho những người tham gia giao dịch trong thời hạn 03 ngày làm việc kể từ ngày hoàn thành việc sửa lỗi kỹ thuật.""
3. Kết luận: 
- Đơn vị liên hệ với tổ chức công chứng nơi đã thực hiện công chứng Hợp đồng thế chấp để thực hiện thủ tục sửa lỗi kỹ thuật theo quy định.","Điều 52. Sửa lỗi kỹ thuật trong văn bản công chứng
1. Lỗi kỹ thuật là lỗi do sai sót trong khi ghi chép, đánh máy, in ấn văn bản
công chứng mà việc sửa lỗi đó không làm ảnh hưởng đến quyền và nghĩa vụ của
người tham gia giao dịch.
CÔNG BÁO/Số 1527 + 1528/Ngày 29-12-2024 61
2. Việc sửa lỗi kỹ thuật trong văn bản công chứng được thực hiện tại tổ chức
hành nghề công chứng nơi đã thực hiện việc công chứng đó; trường hợp tổ chức
hành nghề công chứng đã thực hiện việc công chứng chấm dứt hoạt động, chuyển
đổi hoặc giải thể thì công chứng viên của tổ chức hành nghề công chứng đang lưu
trữ hồ sơ công chứng thực hiện việc sửa lỗi kỹ thuật. Trường hợp tổ chức hành
nghề công chứng tạm ngừng hoạt động thì việc sửa lỗi kỹ thuật trong văn bản công
chứng thực hiện theo quy định tại khoản 4 Điều 32 của Luật này.
3. Công chứng viên thực hiện việc sửa lỗi kỹ thuật có trách nhiệm đối chiếu
từng lỗi cần sửa với các giấy tờ trong hồ sơ công chứng, gạch chân chỗ cần sửa,
sau đó ghi chữ, dấu hoặc con số đã được sửa vào bên lề của trang được sửa lỗi kỹ
thuật, ghi thời điểm sửa lỗi kỹ thuật kèm theo họ, tên, chữ ký của mình và đóng
dấu của tổ chức hành nghề công chứng; trường hợp khoảng trống bên lề không đủ
chỗ để ghi nội dung sửa lỗi kỹ thuật thì có thể ghi vào trang đính kèm có đủ các
nội dung nêu trên.
Công chứng viên có trách nhiệm sửa lỗi kỹ thuật đối với tất cả các bản gốc
của văn bản công chứng, trừ trường hợp không thể thu hồi được tất cả các bản
gốc. Việc sửa lỗi kỹ thuật phải được thông báo bằng văn bản cho những người
tham gia giao dịch trong thời hạn 03 ngày làm việc kể từ ngày hoàn thành việc
sửa lỗi kỹ thuật.
4. Việc sửa lỗi kỹ thuật trong văn bản công chứng điện tử thực hiện theo quy
định của Chính phủ.",,,,,,
Q007,Hương,"Khách hàng đến ngân hàng VPbank tất toán sổ tiết kiệm đúng hạn nhưng ký không giống chữ ký mẫu đã đăng ký, do quên chữ ký cũ hoặc ký bị run tay vì sức khỏe. Trường hợp này ngân hàng cần xử lý như thế nào cho đúng quy định?",True,23/2015/NĐ-CP,18,,"1. Căn cứ: 
- Nghị định 23/2015/NĐ-CP về cấp bản sao từ sổ gốc, chứng thực bản sao từ bản chính, chứng thực chữ ký và chứng thực hợp đồng, giao dịch; 
- Thông tư 48/2018/TT-NHNN quy định về tiền gửi tiết kiệm. 
2. Đánh giá về pháp lý: 
- Điểm c Khoản 1 Điều 18 Thông tư 48/2018/TT-NHNN: Người rút tiền phải “Nộp giấy rút tiền gửi tiết kiệm có chữ ký đúng với chữ ký mẫu đã đăng ký tại tổ chức tín dụng. Đối với người gửi tiền là người không viết được, người không đọc được, người không nhìn được: người gửi tiền thực hiện theo hướng dẫn của tổ chức tín dụng”.
3. Kết luận: 
- Như vậy, về nguyên tắc, chữ ký của Người rút tiền phải đúng với mẫu chữ ký đã đăng ký tại VPBank là một trong những điều kiện pháp lý bắt buộc để chủ sở hữu tiền gửi tiết kiệm rút tiền gửi tiết kiệm.
- VPbank cần giải thích rõ để KH hiểu rằng việc KH phải ký đúng chữ ký mẫu đã đăng ký khi rút tiền là quy định bắt buộc của pháp luật và là để bảo đảm an toàn về tài sản cho chính Khách hàng, tránh các trường hợp rủi ro do gian lận, lừa đảo hoặc nhầm lẫn về chủ thể giao dịch tiền gửi tiết kiệm. 
- Theo đó, VPbank hướng dẫn KH thực hiện thêm các thủ tục để xác minh thông tin KH như sau:
a) Nếu KH không ký được chữ ký đã đăng ký do quên: Khách hàng cần cung cấp bổ sung cho VPBank các căn cứ khác để VPBank xác thực KH (Người đến đề nghị rút tiền) chính là Chủ sở hữu tiền gửi tiết kiệm tại VPBank. Cụ thể: Văn bản chứng thực chữ ký của Khách hàng được cấp bởi UBND cấp xã/phường hoặc Phòng Tư pháp theo quy định về chứng thực chữ ký tại Nghị định số 23/2015/NĐ-CP. Sau khi KH cung cấp được Văn bản chứng thực chữ ký nêu trên, VPbank cho KH đăng ký thay đổi chữ ký mẫu và thực hiện thủ tục thanh toán tiền gốc, lãi của tiền gửi tiết kiệm cho KH theo quy định hiện hành.
b)Nếu KH không ký được giống chữ ký mẫu đã đăng ký do bệnh lý: VPbank hướng dẫn KH hai (02) phương án:
 (i) Cung cấp bổ sung Văn bản chứng thực chữ ký như nêu tại Điểm a ở trên; hoặc 
(ii) KH ủy quyền cho người khác thực hiện giao dịch tiền gửi tiết kiệm, văn bản ủy quyền phải được công chứng/chứng thực theo đúng quy định của pháp luật.","Điều 18. Thú tục chỉ trả tiền gửi tiết kiệm tại địa điểm giao dịch của
tô chức tín dụng
1, Tổ chức tín dụng đề nghị người gửi tiền thực hiện các thủ tục sau:
a) Xuất trình Thẻ tiết kiệm;
b) Xuất trình Giấy tờ xác minh thông tin của người gửi tiền, của tất cả
người gửi tiền (đối với tiền gửi tiết kiệm chung). Trường hợp chi trả tiền gửi
tiết kiệm thông qua người đại diện theo pháp luật, người đại diện theo pháp
luật phải xuất trình giấy tờ chứng minh tư cách đại diện của người đại diện
theo pháp luật, Giấy tờ xác minh thông tin của người đại diện theo pháp luật và
Giấy t tờ xác minh thông tin của người gửi tiền;
c) Nộp giấy rút tiền gửi tiết kiệm có chữ ký đúng với chữ ký mẫu đã
đăng ký tại tô chức tín dụng. Đối với người gửi tiền là người không viết được,
người không đọc được, người không nhìn được: người gửi tiền thực hiện theo
hướng dẫn của tô chức tín dụng.
2. Tổ chức tín dụng đối chiếu thông tin của người gửi tiền, thông tin của
người. đại diện theo pháp luật của người gửi tiền trong trường hợp chi trả tiền
gửi tiết kiệm thông qua người đại diện theo pháp luật, thông tin trên Thẻ tiết
kiệm, chữ ký trên giấy rút tiền đảm bảo chính xác với các thông tin lưu tại tô
chức tín dụng.
3. Sau khi tổ chức tín dụng. và người gửi tiền hoàn thành các thủ tục quy
định tại khoản Ị và 2-Điều này, tổ chức tín dụng thực hiện việc chỉ trả đầy đủ
. gốc, lãi tiền gửi tiết kiệm cho người gửi tiền.
4. Tổ chức tín dụng hướng dẫn thủ tục chỉ trả đối với các trường hợp chỉ
trả sau đây phù hợp với quy định của Thông tư này và quy định của pháp luật
_ có liên quan, đảm báo việc chỉ trả tiền gửi tiết kiệm chính xác, an toàn tài sản
cho người gửi tiền và an toàn hoạt động cho tô chức tín dụng:
a) Chỉ trả tiền gửi tiết kiệm theo thừa kế;
b) Chi trả tiền gửi tiết kiệm theo ủy quyền của người gửi tiền.",,,,,,
Q008,Hương,"Theo quy định quản lý ngoại hối, có bắt buộc người nước ngoài phải sở hữu đồng thời cả thẻ tạm trú và giấy phép lao động thì mới được phép chuyển các khoản thu nhập hợp pháp tại Việt Nam ra nước ngoài hay không?",True,47/2014/QH13,3,1,"Đúng.
(1) Khách hàng phải được phép cư trú tại Việt Nam. Thẻ tạm trú chỉ là một trong các hình thức xác nhận được phép cư trú tại Việt Nam của người nước ngoài.  Để chứng minh người nước ngoài được phép cư trú tại Việt Nam trong thời gian tạo ra thu nhập, khách hàng cần cung cấp được một trong các tài liệu sau (Luật Nhập cảnh, Xuất cảnh, Quá cảnh, Cư trú của người nước ngoài tại Việt Nam (“Luật NXCNN”), Điều 3.11, Điều 3.12. Điều 3.13, Điều 36, Điều 39, Điều 41):
(i) Thị thực nhập cảnh, chứng nhận tạm trú và khai báo tạm trú (Luật NXCNN, Điều 31 và Điều 33).
Chứng nhận tạm trú do đơn vị kiểm soát xuất nhập cảnh cấp cho người nước ngoài nhập cảnh vào Việt Nam bằng hình thức đóng dấu vào hộ chiếu hoặc đống dấu vào thị thực rời (Luật NXCNN, Điều 31.1).
(ii) Thẻ tạm trú (Luật NXCNN, Điều 36, 37 và 38);
(iii) Thẻ thường trú (Luật NXCNN, Điều 39 và Điều 41);

(2) Khách hàng phải có giấy phép lao động, giấy xác nhận không thuộc trường hợp phải xin cấp giấy phép lao động hoặc thông báo trước ít nhất ba ngày làm việc kể từ khi người lao động nước ngoài dự kiến bắt đầu làm việc tại Việt Nam. Các trường hợp cụ thể phải xin từng loại giấy tờ hay phải thực hiện nghĩa vụ thông báo có quy định riêng.

(3) Khách hàng phải đồng thời được cư trú và được cấp giấy phép lao động (hoặc giấy tờ tương đương) trong thời gian tạo ra thu nhập để được phép chuyển ra nước ngoài.","Điều 3. Giải thích từ ngữ
Trong Luật này, những từ ngữ dưới đây được hiều như sau:
1. Người nước ngoài là người mang giấy tờ xác định quốc tịch nước ngoài
và người không quôc tịch nhập cảnh, xuât cảnh, quá cảnh, cư trú tại Việt Nam.
2. Giấy tờ xác định quốc tịch nước ngoài là loại giấy tờ do cơ quan có thâm
quyền của nước ngoài hoặc Liên hợp quôc câp, gồm hộ chiếu hoặc giây tờ có giá
trị thay hộ chiếu (sau đây gọi chung là hộ chiếu).
3. Giấy tờ có giá trị đi lại quốc tế là loại giấy tờ do cơ quan có thầm quyên
của một nước cấp cho người không quốc tịch đang cư trú tại nước đó và được cơ
quan có thâm quyền của Việt Nam chấp thuận.
Luật số 118/2025/QHI15 sửa đổi, bổ sung một số điều của 10 luật có liên quan đến an
ninh, trật tự có căn cứ ban hành như sau:
“Căn cứ Hiến pháp nước Cộng hòa xã hội chủ nghĩa Việt Nam đã được sửa đổi, bô sung
một số điễu theo Nghị quyết số 203/2025⁄QH15,
Quốc hội ban hành Luật sửa đồi, bổ Sung một số điều của Luật Cảnh vệ số 13/201 7/QH14
đã được sửa đổi, bổ sung một số điều theo Luật số 40/2024/OH15, Luật Nhập cảnh, xuất cảnh,
quá cảnh, cư trú của người nước ngoài tại Việt Nam số 47/201 4/QHI3 đã được sửa đổi, bổ
sung một số điều theo Luật số 51/2019/QH14, Luật số 23⁄2023/QHI3 và Luật số
1 03/2025/QHI 3, Luật Xuất cảnh, nhập cảnh của công dân Việt Nam số 49/2019/QH14 đã được
sửa đổi, bồ sung mội số điều theo Luật số 23/2023/QH15, Luật Cư trú số 68/2020/QH14 đã
được sửa đổi, bồ sung một số điều theo Luật số 32⁄2024/QHI5, Luật Căn cước số
26/2023/QH15, Luật Lực lượng tham gia bảo vệ an nỉnh, trật tự ở cơ sở số 30/2023/QH15 đã
được sửa đổi, bồ sung theo Luật số Š 1⁄2024QHI5, Luật Trát tự, an toàn giao thông đường bộ
số 36/2024/QH15, Luật Đường bộ sô 35/2024/QH15 đã được sửa đổi, bồ sung theo Luật số
112/2025/QHI5, Luật Quản lý, sử dụng vũ khí, vật liệu nồ và công cụ hồ trợ số 42/2024/QH'5,
Luật Phòng cháy, chữa cháy và cứu nạn, cứu hộ số 55/2024/QH15 đã được sửa đồi, bồ sung
theo Luật số 135/2025/QH15..
Luật Tương trợ tư pháp về hình sự số 103/2025/QH15 có căn cứ ban hành như sau:
“Căn cứ Hiển pháp nước Cộng hòa xã hội chủ nghĩa Việt Nam đã được sửa đổi, bổ sung
một số điêu theo Nghị quyết số 203/2025/OH15;
Quốc hội ban hành Luật Tương trợ tư pháp về hình sự. ”.
4. Nhập cảnh là việc người nước ngoài vào lãnh thô Việt Nam qua cửa khâu
của Việt Nam.
5. Quá cảnh là việc người nước ngoài đi qua hoặc lưu lại khu vực quá cảnh
tại cửa khâu quôc tê của Việt Nam đê đi nước thứ ba.
6. Xuát cảnh là việc người nước ngoài ra khỏi lãnh thô Việt Nam qua cửa
khâu của Việt Nam.
1. Tạm hoãn xuất cảnh là việc người có thâm quyền của Việt Nam quyết
định tạm dừng xuât cảnh có thời hạn đôi với người nước ngoài đang cư trú tại
Việt Nam.
§. Buộc xuất cảnh là việc người có thâm quyền của Việt Nam quyết định
người nước ngoài phải rời khỏi lãnh thô Việt Nam qua cửa khâu của Việt Nam.
9, C frú là việc người nước ngoài thường trú hoặc tạm trú tại Việt Nam.
10. Cửa kháu là nơi người nước ngoài được phép nhập cảnh, xuât cảnh,
quá cảnh.
11. 7hị thực là loại giấy tờ do cơ quan có thâm quyền của Việt Nam cấp, cho
phép người nước ngoài nhập cảnh Việt Nam.
12. Chứng nhận tạm trú là việc cơ quan có thâm quyền của Việt Nam xác
định thời hạn người nước ngoài được phép tạm trú tại Việt Nam.
13. Thẻ tạm trú là loại giấy tờ do cơ quan quản lý xuất nhập cảnh hoặc cơ
quan có thâm quyên của Bộ Ngoại giao câp cho người nước ngoài được phép cư
trú có thời hạn tại Việt Nam và có giá trị thay thị thực.
14. Thẻ thường trú là loại giấy tờ do cơ quan quản lý xuất nhập cảnh cấp cho
người nước ngoài được phép cư trú không thời hạn tại Việt Nam và có giá trị thay
thị thực.
15. Cơ quan quản lý xuất nhập cảnh là cơ quan chuyên trách thuộc Bộ Công
an làm nhiệm vụ quản lý nhập cảnh, xuât cảnh, quá cảnh, cư trú của người nước
ngoài tại Việt Nam.
16. Đơn vị kiểm soát xuất nhập cảnh là đơn vị chuyên trách làm nhiệm vụ
kiêm soát nhập cảnh, xuât cảnh, quá cảnh của người nước ngoài tại cửa khâu.
17. Cơ quan có thấm quyên cấp thị thực của Việt Nam ở nước ngoài gồm cơ
quan đại diện hoặc cơ quan khác của Việt Nam ở nước ngoài được ủy quyên thực
hiện chức năng lãnh sự.
18. Công thông tin điện tử về xuất nhập cảnh là công thông tin của cơ quan
quản lý xuất nhập cảnh, có chức năng xuất bản thông tin, cung cấp dịch vụ công
ˆ Khoản này được bồ sung theo quy định tại khoản l Điều 1 của Luật số 51/2019/QH14
sửa đổi, bồ sung một số điều của Luật Nhập cảnh, xuất cảnh, quá cảnh, cư trú của người nước
ngoài tại Việt Nam, có hiệu lực kể từ ngày 01 tháng 7 năm 2020.
trực tuyên, hỗ trợ tìm kiếm, liên kết, lưu trữ thông tin và hướng dẫn thủ tục, giải
đáp thắc mắc liên quan đên lĩnh vực quản lý xuât nhập cảnh.
19.3 Trang thông tin cấp thị thực điện tử là trang thông tin thuộc Công thông
tin điện tử về xuất nhập cảnh, có chức năng tiếp nhận, giải quyết, cung cấp thông
tin liên quan đến câp thị thực điện tử.
Điều 3 của Luật số 23/2023/QH15 sửa đồi, bồ sung một số điều của Luật Xuất cảnh, nhập
cảnh của công dân Việt Nam và Luật Nhập cảnh, xuât cảnh, quá cảnh, cư trú của người nước
ngoài tại Việt Nam, có hiệu lực kể từ ngày I5 tháng 8 năm 2023 quy định như sau:
“Điều 3. Điều khoản thi hành
1. Luật này có hiệu lực thi hành từ ngày 15 tháng 8 năm 2023.
2. Giấy tờ xuất nhập cảnh đã cấp cho công dân trước ngày Luật này có hiệu lực thi hành
có giá trị sử dụng đến hết thời hạn ghỉ trong giáy tờ đó.
3. Trường hợp công dán đề nghị cấp giấy tờ xuất nhập cảnh nhưng chưa được cấp khi Luật
này có hiệu lực thỉ hành thì tiếp tục áp dụng quy định của Luật Xuất cảnh, nhập cảnh của công
dân Việt Nam số 49/2019/QH14 để giải quyết.
4. Trường hợp người nước ngoài đã được cấp thị thực điện tử hoặc nhập cảnh theo điện
đơn phương miền thị thực hoặc đề nghị cấp thị thực điện tử nhưng chưa được cấp khi Luật này
có hiệu lực thi hành thì tiếp tục áp dụng quy định của Luật Nhập cảnh, xuất cảnh, quá cảnh, cự
trú của người nước ngoài tại Việt Nam số 47/2014/QH13 đã được sửa đối, bố sung một số điều
theo Luật sô 51/⁄2019/QH14.`.
Khoản 1 Điều 11 của Luật số 1 18/2025/QH15 sửa đổi, bồ sung một số điều của 10 Luật
có liên quan đến an ninh, trật tự, có hiệu lực kề từ ngày 01 tháng 7 năm 2026 quy định như sau:
“Điều II. Điều khoản thi hành
1. Luật này có hiệu lực thi hành từ ngày 01 tháng 7 năm 2026, trừ quy định tại khoản 2
Điễu này. `.",,,,,,
Q012,Thành,Giới hạn cấp tín dụng tối đa đối với một khách hàng tại NHTM là bao nhiêu % vốn tự có?,True,32/2024/QH15,136,1,Tổng mức dư nợ cấp tín dụng đối với một khách hàng không được vượt quá 15% vốn tự có của ngân hàng thương mại.,"Điều 136. Giới hạn cấp tín dụng
1. Tổng mức dư nợ cấp tín dụng đối với một khách hàng, một khách hàng và
người có liên quan của khách hàng đó của ngân hàng thương mại, ngân hàng hợp
tác xã, chi nhánh ngân hàng nước ngoài, quỹ tín dụng nhân dân, tổ chức tài chính
vi mô không được vượt quá tỷ lệ sau đây:
a) Từ ngày Luật này có hiệu lực thi hành đến trước ngày 01 tháng 01 năm 2026:
14% vốn tự có đối với một khách hàng; 23% vốn tự có đối với một khách hàng và
người có liên quan của khách hàng đó;
b) Từ ngày 01 tháng 01 năm 2026 đến trước ngày 01 tháng 01 năm 2027: 13%
vốn tự có đối với một khách hàng; 21% vốn tự có đối với một khách hàng và người
có liên quan của khách hàng đó;
c) Từ ngày 01 tháng 01 năm 2027 đến trước ngày 01 tháng 01 năm 2028: 12%
vốn tự có đối với một khách hàng; 19% vốn tự có đối với một khách hàng và người
có liên quan của khách hàng đó;
d) Từ ngày 01 tháng 01 năm 2028 đến trước ngày 01 tháng 01 năm 2029: 11%
vốn tự có đối với một khách hàng; 17% vốn tự có đối với một khách hàng và người
có liên quan của khách hàng đó;
đ) Từ ngày 01 tháng 01 năm 2029: 10% vốn tự có đối với một khách hàng;
15% vốn tự có đối với một khách hàng và người có liên quan của khách hàng đó.
6 CÔNG BÁO/Số 371 + 372/Ngày 02-3-2024
2. Tổng mức dư nợ cấp tín dụng đối với một khách hàng không được vượt
quá 15% vốn tự có của tổ chức tín dụng phi ngân hàng; tổng mức dư nợ cấp tín
dụng đối với một khách hàng và người có liên quan của khách hàng đó không
được vượt quá 25% vốn tự có của tổ chức tín dụng phi ngân hàng.
3. Tổng mức dư nợ cấp tín dụng quy định tại khoản 1 hoặc khoản 2 Điều này
không bao gồm khoản cho vay từ nguồn vốn ủy thác của Chính phủ, tổ chức, cá
nhân mà tổ chức tín dụng, chi nhánh ngân hàng nước ngoài nhận ủy thác không
chịu rủi ro hoặc trường hợp khách hàng vay là tổ chức tín dụng, chi nhánh ngân
hàng nước ngoài khác.
4. Tổng mức dư nợ cấp tín dụng quy định tại khoản 1 hoặc khoản 2 Điều này
bao gồm cả tổng mức mua, nắm giữ, đầu tư vào trái phiếu do khách hàng, người có
liên quan của khách hàng đó phát hành.
5. Giới hạn và điều kiện cấp tín dụng để đầu tư, kinh doanh cổ phiếu, trái phiếu
doanh nghiệp của tổ chức tín dụng, chi nhánh ngân hàng nước ngoài thực hiện theo
quy định của Thống đốc Ngân hàng Nhà nước.
6. Trường hợp nhu cầu vốn của một khách hàng và người có liên quan của
khách hàng đó vượt quá giới hạn cấp tín dụng quy định tại khoản 1 hoặc khoản 2
Điều này thì tổ chức tín dụng, chi nhánh ngân hàng nước ngoài được cấp tín dụng
hợp vốn theo quy định của Thống đốc Ngân hàng Nhà nước.
7. Trường hợp đặc biệt để thực hiện nhiệm vụ kinh tế - xã hội mà khả năng
hợp vốn của các tổ chức tín dụng, chi nhánh ngân hàng nước ngoài chưa đáp ứng
được nhu cầu của một khách hàng thì Thủ tướng Chính phủ quyết định mức cấp tín
dụng tối đa trong trường hợp tổng mức dư nợ cấp tín dụng vượt quá giới hạn quy
định tại khoản 1 hoặc khoản 2 Điều này đối với từng trường hợp cụ thể.
Thủ tướng Chính phủ quy định điều kiện, hồ sơ, thủ tục đề nghị chấp thuận
mức cấp tín dụng tối đa trong trường hợp tổng mức dư nợ cấp tín dụng vượt quá
giới hạn quy định tại khoản 1 hoặc khoản 2 Điều này.
8. Tổng các khoản cấp tín dụng của một tổ chức tín dụng, chi nhánh ngân hàng
nước ngoài quy định tại khoản 7 Điều này không được vượt quá bốn lần vốn tự có
của tổ chức tín dụng, chi nhánh ngân hàng nước ngoài đó.
9. Hạn mức thẻ tín dụng đối với cá nhân quy định tại khoản 1 Điều 134 và
điểm đ khoản 1 Điều 135 của Luật này được thực hiện theo quy định của Thống
đốc Ngân hàng Nhà nước.
CÔNG BÁO/Số 371 + 372/Ngày 02-3-2024 7",,,,,,
Q017,Thành,Cổ đông và người có liên quan sở hữu tối đa bao nhiêu % vốn điều lệ NHTMCP?,True,32/2024/QH15,63,2,Cổ đông và người có liên quan không được sở hữu cổ phần vượt quá 15% vốn điều lệ.,"Điều 63. Tỷ lệ sở hữu cổ phần
1. Một cổ đông là cá nhân không được sở hữu cổ phần vượt quá 05% vốn điều
lệ của một tổ chức tín dụng.
CÔNG BÁO/Số 369 + 370/Ngày 02-3-2024 49
2. Một cổ đông là tổ chức không được sở hữu cổ phần vượt quá 10% vốn điều
lệ của một tổ chức tín dụng.
3. Cổ đông và người có liên quan của cổ đông đó không được sở hữu cổ phần
vượt quá 15% vốn điều lệ của một tổ chức tín dụng. Cổ đông lớn của một tổ chức
tín dụng và người có liên quan của cổ đông đó không được sở hữu cổ phần từ 05%
vốn điều lệ trở lên của một tổ chức tín dụng khác.
4. Quy định tại khoản 2 và khoản 3 Điều này không áp dụng đối với các
trường hợp sau đây:
a) Sở hữu cổ phần tại công ty con, công ty liên kết là tổ chức tín dụng quy định
tại khoản 2 và khoản 3 Điều 111 của Luật này;
b) Sở hữu cổ phần nhà nước tại tổ chức tín dụng cổ phần hóa;
c) Sở hữu cổ phần của nhà đầu tư nước ngoài quy định tại khoản 7 Điều này.
5. Tỷ lệ sở hữu cổ phần quy định tại khoản 1 và khoản 2 Điều này bao gồm cả
số cổ phần sở hữu gián tiếp. Tỷ lệ sở hữu cổ phần quy định tại khoản 3 Điều này
bao gồm cả cổ phần do cổ đông ủy thác cho tổ chức, cá nhân khác mua cổ phần và
không bao gồm sở hữu cổ phần của người có liên quan là công ty con của cổ đông
đó theo quy định tại điểm a khoản 9 Điều 4 của Luật này.
6. Trong thời hạn 05 năm kể từ ngày tổ chức tín dụng được cấp Giấy phép, các
cổ đông sáng lập phải nắm giữ số cổ phần tối thiểu bằng 50% vốn điều lệ của tổ
chức tín dụng; các cổ đông sáng lập là pháp nhân phải nắm giữ số cổ phần tối thiểu
bằng 50% tổng số cổ phần do các cổ đông sáng lập nắm giữ.
7. Nhà đầu tư nước ngoài được mua cổ phần của tổ chức tín dụng Việt Nam.
Chính phủ quy định tổng mức sở hữu cổ phần tối đa của các nhà đầu tư nước
ngoài, tỷ lệ sở hữu cổ phần tối đa của một nhà đầu tư nước ngoài là tổ chức, tỷ lệ
sở hữu cổ phần tối đa của một nhà đầu tư nước ngoài và người có liên quan của
nhà đầu tư đó tại một tổ chức tín dụng Việt Nam; điều kiện, thủ tục nhà đầu tư
nước ngoài được mua cổ phần của tổ chức tín dụng Việt Nam; điều kiện đối với tổ
chức tín dụng Việt Nam bán cổ phần cho nhà đầu tư nước ngoài.
Điều 63, khoản 1 Điều 77 và khoản 2 Điều 137 của Luật này và phải có lộ trình
giảm tỷ lệ sở hữu cổ phần, phần vốn góp để tuân thủ giới hạn.",,,,,,
Q018,Thành,NHNN có thể áp dụng biện pháp can thiệp sớm khi nào?,True,32/2024/QH15,156,1,"NHNN áp dụng can thiệp sớm khi TCTD vi phạm tỷ lệ an toàn vốn tối thiểu, bị rút tiền hàng loạt, hoặc xếp hạng yếu kém.","Điều 156. Thực hiện can thiệp sớm tổ chức tín dụng, chi nhánh ngân hàng
nước ngoài
1. Ngân hàng Nhà nước xem xét, quyết định thực hiện can thiệp sớm khi tổ
chức tín dụng, chi nhánh ngân hàng nước ngoài thuộc một hoặc một số trường hợp
sau đây:
18 CÔNG BÁO/Số 371 + 372/Ngày 02-3-2024
a) Số lỗ lũy kế của tổ chức tín dụng, chi nhánh ngân hàng nước ngoài lớn
hơn 15% giá trị của vốn điều lệ, vốn được cấp và các quỹ dự trữ ghi trong báo cáo
tài chính đã được kiểm toán gần nhất hoặc theo kết luận thanh tra, kiểm toán của
cơ quan nhà nước có thẩm quyền và vi phạm tỷ lệ an toàn vốn tối thiểu quy định
tại điểm b khoản 1 Điều 138 của Luật này;
b) Xếp hạng dưới mức trung bình theo quy định của Thống đốc Ngân hàng
Nhà nước;
c) Vi phạm tỷ lệ khả năng chi trả quy định tại điểm a khoản 1 Điều 138 của
Luật này trong thời gian 30 ngày liên tục;
d) Vi phạm tỷ lệ an toàn vốn tối thiểu quy định tại điểm b khoản 1 Điều 138
của Luật này trong thời gian 06 tháng liên tục;
đ) Bị rút tiền hàng loạt và có báo cáo gửi Ngân hàng Nhà nước.
2. Ngân hàng Nhà nước có văn bản yêu cầu tổ chức tín dụng, chi nhánh ngân
hàng nước ngoài thuộc một hoặc một số trường hợp quy định tại khoản 1 Điều này
thực hiện các nội dung chủ yếu sau đây:
a) Một hoặc một số yêu cầu, biện pháp hạn chế quy định tại Điều 157 của Luật
này và thời hạn thực hiện;
b) Yêu cầu tổ chức tín dụng cập nhật, thực hiện ngay phương án khắc phục
quy định tại Điều 143 của Luật này hoặc xây dựng phương án khắc phục theo
quy định tại Điều 158 của Luật này, thời hạn hoàn thành xây dựng và thông qua
phương án khắc phục; thời hạn ngân hàng hợp tác xã cho ý kiến về phương án
khắc phục của quỹ tín dụng nhân dân theo quy định tại khoản 2 Điều 158 của
Luật này;
c) Yêu cầu chi nhánh ngân hàng nước ngoài cập nhật, thực hiện ngay phương
án khắc phục quy định tại Điều 143 của Luật này hoặc xây dựng phương án khắc
phục theo quy định tại Điều 158 của Luật này, thời hạn hoàn thành xây dựng và
thông qua phương án khắc phục.
3. Tổ chức tín dụng, chi nhánh ngân hàng nước ngoài có trách nhiệm thực hiện
ngay các yêu cầu, biện pháp hạn chế tại văn bản của Ngân hàng Nhà nước quy
định tại khoản 2 Điều này. Trường hợp tổ chức tín dụng, chi nhánh ngân hàng
nước ngoài không thực hiện các yêu cầu, biện pháp hạn chế này, Ngân hàng Nhà
nước áp dụng bổ sung một hoặc một số biện pháp hạn chế quy định tại khoản 2
Điều 156 của Luật này và yêu cầu tổ chức tín dụng, chi nhánh ngân hàng nước
ngoài điều chỉnh nội dung phương án khắc phục.
4. Trường hợp gia hạn thời hạn thực hiện phương án khắc phục, tổ chức tín
dụng, chi nhánh ngân hàng nước ngoài phải thực hiện theo quy định tại Điều 158
của Luật này.
5. Trường hợp sửa đổi, bổ sung các biện pháp hỗ trợ quy định tại Điều 159 của
Luật này, tổ chức tín dụng, chi nhánh ngân hàng nước ngoài phải trình Ngân hàng
Nhà nước chấp thuận bằng văn bản trước khi thực hiện.
6. Trong thời gian thực hiện phương án khắc phục, trường hợp có tổ chức tín
dụng nhận sáp nhập, hợp nhất, tổ chức tín dụng được can thiệp sớm thực hiện sáp
nhập, hợp nhất theo quy định về tổ chức lại tổ chức tín dụng tại Điều 201 của
Luật này.
7. Trong thời gian thực hiện phương án khắc phục, trường hợp chuyển nhượng
cổ phần, phần vốn góp, tăng vốn điều lệ dẫn đến chuyển đổi hình thức pháp lý của
tổ chức tín dụng được can thiệp sớm thì việc chuyển đổi hình thức pháp lý thực
hiện theo quy định tại Điều 201 của Luật này.
8. Trường hợp hết thời hạn thực hiện phương án khắc phục mà chi nhánh ngân
hàng nước ngoài không khắc phục được tình trạng dẫn đến thực hiện can thiệp
sớm, chi nhánh ngân hàng nước ngoài phải thực hiện giải thể, chấm dứt hoạt động,
thanh lý, phong tỏa vốn, tài sản theo quy định tại Chương XIII của Luật này.
Điều 156 của Luật này và có văn bản báo cáo gửi Ngân hàng Nhà nước;
b) Ngân hàng Nhà nước có văn bản chấp thuận giải thể, chấm dứt hoạt động
chi nhánh ngân hàng nước ngoài theo quy định của pháp luật.
KIỂM SOÁT ĐẶC BIỆT TỔ CHỨC TÍN DỤNG
Mục 1
QUY ĐỊNH CHUNG",,,,,,
Q019,Thành,"Theo TT 17/2024/TT-NHNN, tài khoản thanh toán là gì?",True,17/2024/TT-NHNN,3,,Tài khoản thanh toán là tài khoản tiền gửi không kỳ hạn của khách hàng mở tại ngân hàng để sử dụng các dịch vụ thanh toán.,"Điều 3, Các hình thức của tài khoản thanh toán
1, Các hình thức của tài khoản thanh toán bao gồm: tài khoản thanh toán
của cá nhân, tài khoản thanh toán của tô chức và tài khoản thanh toán chung.
2. Tài khoản thanh toán của cá nhân là tài khoản thanh toán do khách hàng
là cá nhân mở tại tổ chức cung ứng dịch vụ thanh toán.
3: Tài khoản thanh toán của tổ chức là tài khoản thanh toán do khách hàng
là tô chức mở tại tô chức cung ứng dịch vụ thanh toán. Chủ tài khoản thanh toán
của tô chức là tổ chức mở tài khoản thanh toán.
4. Tài khoản thanh toán chung là tài khoản thanh toán có ít nhất hai chủ thể
trở lên cùng đứng tên mở tài khoản. Chủ tài khoản thanh toán chung là tô chức,
cá nhân.",,,,,,
Q034,Thành,Hệ số rủi ro 100% áp dụng cho tài sản nào?,True,41/2016/TT-NHNN,9,5,"Mức 100% là hệ số rủi ro residual tại khoản 18 Điều 9, áp dụng cho các tài sản khác trên bảng cân đối kế toán không thuộc khoản 1-17 (gồm cả tài sản cố định, bất động sản đầu tư, các khoản phải thu khác). Riêng cho vay doanh nghiệp không dùng mức phẳng 100%: áp lưới doanh thu × đòn bẩy × vốn chủ sở hữu tại điểm b khoản 9 Điều 9 (50%-250%); doanh nghiệp nhỏ và vừa 90% (điểm a); doanh nghiệp không cung cấp báo cáo tài chính 200%; doanh nghiệp hoạt động dưới 1 năm 150%.","Điều 9. Hệ số rủi ro tín dụng (CRW)
1. Ngân hàng, chi nhánh ngân hàng nước ngoài thực hiện phân loại tài sản theo
quy định tại Điều này và hướng dẫn tại Phụ lục 6 để áp dụng hệ số rủi ro tín dụng.
Khi tính tỷ lệ an toàn vốn hợp nhất, ngân hàng được áp dụng hệ số rủi ro theo
quy định tại nước sở tại đối với các khoản phải đòi của công ty con, công ty liên
kết, chi nhánh của ngân hàng tại nước ngoài.
2. Đối với tài sản là tiền mặt, vàng và các khoản tương đương tiền mặt của
ngân hàng, chi nhánh ngân hàng nước ngoài, hệ số rủi ro tín dụng là 0%.
3. Đối với tài sản là khoản phải đòi Chính phủ Việt Nam, Ngân hàng Nhà
nước, Kho bạc Nhà nước, Ủy ban nhân dân tỉnh, thành phố trực thuộc Trung ương,
các ngân hàng chính sách, hệ số rủi ro tín dụng là 0%. Đối với khoản phải đòi
Công ty Quản lý tài sản của các tổ chức tín dụng Việt Nam (VAMC), Công ty
trách nhiệm hữu hạn Mua bán nợ Việt Nam (DATC), hệ số rủi ro là 20%.
4. Đối với tài sản là khoản phải đòi tổ chức tài chính quốc tế, hệ số rủi ro tín
dụng là 0%.
5. Đối với tài sản là khoản phải đòi chính phủ, ngân hàng Trung ương các
nước, hệ số rủi ro tín dụng áp dụng theo thứ hạng tín nhiệm như sau:
Dưới B- hoặc
Thứ hạng Từ AAA Từ A+ đến Từ BBB+ Từ BB+
không có xếp
tín nhiệm đến AA- A- đến BBB- đến B-
hạng
Hệ số rủi ro
0% 20% 50% 100% 150%
tín dụng
6. Đối với tài sản là khoản phải đòi các tổ chức công lập của chính phủ (non-central
government public sector entities (PSEs), chính quyền địa phương các nước, hệ số
rủi ro tín dụng áp dụng theo hệ số rủi ro đối với khoản phải đòi chính phủ đó theo
quy định tại khoản 5 Điều này.
7. Đối với tài sản là khoản phải đòi tổ chức tài chính (bao gồm cả tổ chức tín
dụng), hệ số rủi ro tín dụng áp dụng như sau:
a) Đối với tổ chức tài chính nước ngoài (bao gồm cả tổ chức tín dụng nước
ngoài) không phải là tổ chức tài chính quốc tế quy định tại khoản 20 Điều 2 Thông
tư này, hệ số rủi ro tín dụng áp dụng theo thứ hạng tín nhiệm như sau:
CÔNG BÁO/Số 77 + 78/Ngày 22-01-2017 29
Từ AAA Từ A+ đến Từ BB+ Dưới B- hoặc
Thứ hạng tín nhiệm
đến AA- BBB- đến B- không có xếp hạng
Hệ số rủi ro tín dụng 20% 50% 100% 150%
b) Đối với chi nhánh ngân hàng nước ngoài hoạt động tại Việt Nam áp dụng hệ
số rủi ro tín dụng theo thứ hạng tín nhiệm của tổ chức tín dụng nước ngoài là ngân
hàng mẹ;
c) Đối với tài sản là các khoản phải đòi tổ chức tín dụng trong nước, trừ các
khoản phải đòi dưới hình thức giao dịch reverse repo đã được tính rủi ro tín dụng
đối tác theo quy định tại khoản 4 Điều 8 Thông tư này, hệ số rủi ro tín dụng áp
dụng như sau:
AAA Dưới B- và
Thứ hạng tín A+ BB+ B+
đến Không có xếp
nhiệm đến BBB- đến BB- đến B-
AA- hạng
Khoản phải đòi
có thời hạn ban
20% 50% 80% 100% 150%
đầu từ 3 tháng
trở lên
Khoản phải đòi
có thời hạn ban
10% 20% 40% 50% 70%
đầu dưới
3 tháng
8. Đối với tài sản là các khoản mua, đầu tư nợ thứ cấp, chứng khoán nợ khác
của ngân hàng, chi nhánh ngân hàng nước ngoài khác phát hành không bị trừ khỏi
Vốn cấp 2 quy định tại mục 19 Phần I, điểm A, mục 21 Phần II điểm A, mục 13
điểm B Phụ lục 1 Thông tư này, hệ số rủi ro tín dụng áp dụng theo quy định tại
điểm b và điểm c khoản 7 Điều này.
9. Đối với tài sản là khoản phải đòi doanh nghiệp không phải là tổ chức tín
dụng, chi nhánh ngân hàng nước ngoài, trừ các khoản phải đòi quy định tại khoản 10
Điều này, hệ số rủi ro tín dụng áp dụng như sau:
a) Đối với doanh nghiệp vừa và nhỏ được xác định theo quy định của pháp luật
về trợ giúp phát triển doanh nghiệp vừa và nhỏ, hệ số rủi ro là 90%;
b) Đối với các doanh nghiệp khác, ngân hàng, chi nhánh ngân hàng nước ngoài
phải xác định chỉ tiêu doanh thu, tỷ lệ đòn bẩy, vốn chủ sở hữu được xác định trên
cơ sở số liệu Báo cáo tài chính năm (Báo cáo tài chính hợp nhất) được kiểm toán
tại thời điểm gần nhất đối với các doanh nghiệp phải kiểm toán độc lập; Báo cáo
tài chính năm (được kiểm toán, nếu có) nộp cho cơ quan thuế (có bằng chứng đã
nộp cho cơ quan thuế) tại thời điểm gần nhất đối với doanh nghiệp không phải
kiểm toán độc lập theo quy định của pháp luật như sau:
30 CÔNG BÁO/Số 77 + 78/Ngày 22-01-2017
- Doanh thu lấy số liệu trên Báo cáo kết quả hoạt động kinh doanh;
- Tỷ lệ đòn bẩy = Tổng Nợ vay/Tổng tài sản;
Trong đó: Tổng Nợ vay (total debt) được xác định bằng tổng của các khoản
mục vay và nợ thuê tài chính ngắn hạn với khoản mục vay và nợ thuê tài chính dài
hạn theo quy định hiện hành về kế toán.
- Vốn chủ sở hữu lấy số liệu trên Bảng cân đối kế toán.
(i) Hệ số rủi ro tín dụng áp dụng theo chỉ tiêu doanh thu, tỷ lệ đòn bẩy, vốn chủ
sở hữu của doanh nghiệp như sau:
Doanh thu từ
Doanh thu Doanh thu từ Doanh thu
100 tỷ đồng
dưới 100 tỷ 400 tỷ đồng đến trên 1500 tỷ
đến dưới
đồng 1500 tỷ đồng đồng
400 tỷ đồng
Tỷ lệ đòn bẩy
100% 80% 60% 50%
dưới 25%
Tỷ lệ đòn bẩy từ
125% 110% 95% 80%
25% đến 50%
Tỷ lệ đòn bẩy
160% 150% 140% 120%
trên 50%
Vốn chủ sở hữu
250%
âm hoặc bằng 0
(ii) Hệ số rủi ro tín dụng 200% được áp dụng đối với các doanh nghiệp không
cung cấp Báo cáo tài chính cho ngân hàng, chi nhánh ngân hàng nước ngoài để
tính các chỉ tiêu doanh thu, tỷ lệ đòn bảy, vốn chủ sở hữu;
(iii) Đối với các doanh nghiệp thành lập mới (không bao gồm các trường hợp
thành lập do tổ chức lại, chuyển đổi hình thức pháp lý,...), hoạt động chưa được
01 năm, hệ số rủi ro tín dụng là 150%.
c) Đối với khoản cấp tín dụng chuyên biệt là khoản cấp tín dụng tài trợ dự án,
tài trợ máy móc thiết bị và tài trợ hàng hóa, hệ số rủi ro tín dụng áp dụng hệ số cao
hơn giữa hệ số rủi ro tín dụng 160% và hệ số rủi ro tín dụng đối với doanh nghiệp
theo quy định tại điểm b khoản 9 Điều này.
10. Đối với tài sản là khoản cho vay bảo đảm bằng bất động sản, hệ số rủi ro
tín dụng áp dụng như sau:
a) Ngân hàng, chi nhánh ngân hàng nước ngoài phải xác định Tỷ lệ bảo đảm
(viết tắt là LTV) đối với khoản phải đòi được đảm bảo bằng bất động sản như sau:
(i) Tỷ lệ bảo đảm (LTV) = Tổng số dư khoản phải đòi/Giá trị của tài sản bảo đảm.
Trong đó:
CÔNG BÁO/Số 77 + 78/Ngày 22-01-2017 31
- Tổng số dư khoản phải đòi bao gồm tổng số dư (đã giải ngân và số dư chưa
giải ngân) của khoản phải đòi và số dư (đã giải ngân và số dư chưa giải ngân) của
các khoản phải đòi khác được bảo đảm bằng bất động sản đó tại ngân hàng, chi
nhánh ngân hàng nước ngoài;
- Giá trị của tài sản bảo đảm là giá trị của bất động sản bảo đảm cho các khoản
phải đòi đó được xác định tại thời điểm xét duyệt cho vay.
(ii) Tỷ lệ bảo đảm (LTV) phải được xác định lại khi ngân hàng, chi nhánh ngân
hàng nước ngoài có thông tin giá trị của tài sản bảo đảm bị suy giảm trên 30% so
với giá trị tại thời điểm xác định gần nhất.
b) Hệ số rủi ro tín dụng áp dụng đối với khoản phải đòi được bảo đảm bằng bất
động sản không kinh doanh theo chỉ tiêu Tỷ lệ bảo đảm (LTV) như sau:
LTV từ LTV từ LTV từ
LTV từ
LTV 40% trở 60% trở 90% trở LTV từ
80% trở
LTV dưới lên đến lên đến lên đến 100%
lên đến
40% dưới dưới dưới trở lên
dưới 90%
60% 80% 100%
Hệ số rủi ro 30% 40% 50% 70% 80% 100%
c) Đối với khoản phải đòi được đảm bảo bằng bất động sản kinh doanh, hệ số
rủi ro tín dụng áp dụng theo chỉ tiêu Tỷ lệ bảo đảm (LTV) đối với khoản phải đòi
được đảm bảo bằng bất động sản kinh doanh như sau:
LTV từ 60% trở LTV từ 75%
LTV dưới 60%
lên đến dưới 75% trở lên
Khoản phải đòi được đảm
bảo bằng bất động sản 75% 100% 120%
kinh doanh
d) Đối với khoản phải đòi được đảm bảo bằng bất động sản là hỗn hợp bất
động sản kinh doanh và bất động sản không kinh doanh, hệ số rủi ro tín dụng được
xác định riêng cho từng bất động sản kinh doanh và bất động sản không kinh
doanh tương ứng theo tỷ lệ tổng diện tích mặt bằng của bất động sản;
đ) Hệ số rủi ro tín dụng 150% được áp dụng đối với khoản phải đòi được đảm
bảo bằng bất động sản mà ngân hàng, chi nhánh ngân hàng nước ngoài không có
thông tin về Tỷ lệ bảo đảm (LTV);
e) Hệ số rủi ro tín dụng 200% được áp dụng đối với tài sản là khoản cấp tín
dụng tài trợ dự án kinh doanh bất động sản.
11. Đối với tài sản là khoản cho vay thế chấp nhà, ngân hàng, chi nhánh ngân
hàng nước ngoài thực hiện như sau:
a) Xác định Tỷ lệ bảo đảm (LTV) theo quy định tại khoản 10 Điều này và Tỷ
lệ thu nhập (viết tắt là DSC) đối với khoản cho vay thế chấp nhà như sau:
32 CÔNG BÁO/Số 77 + 78/Ngày 22-01-2017
(i) Tỷ lệ thu nhập (DSC) = Tổng số dư phải hoàn trả trong năm/Tổng thu nhập
trong năm của khách hàng.
Trong đó:
- Tổng số dư phải hoàn trả trong năm bao gồm số dư nợ gốc và số dư nợ lãi;
- Tổng thu nhập trong năm của khách hàng là thu nhập trong năm tính DSC
của khách hàng sau khi đã trừ thuế thu nhập theo quy định và không bao gồm thu
nhập từ việc cho thuê nhà hình thành từ khoản cho vay đó. Trường hợp, khách
hàng cá nhân là đại diện ủy quyền cho hộ gia đình tham gia quan hệ vay vốn thì
tổng thu nhập trong năm của khách hàng được xác định theo tổng thu nhập của các
thành viên đồng trả nợ của hộ gia đình.
(ii) Tỷ lệ thu nhập (DSC) phải được xác định lại khi ngân hàng, chi nhánh
ngân hàng nước ngoài có thông tin thay đổi về tổng thu nhập của khách hàng.
b) Hệ số rủi ro áp dụng cho khoản cho vay thế chấp nhà ở theo Tỷ lệ bảo đảm (LTV)
và Tỷ lệ thu nhập (DSC) như sau:
LTV từ LTV từ LTV từ LTV từ
Các khoản cho LTV LTV từ
40% trở 60% trở 80% trở 90% trở lên
vay thế chấp dưới 100%
lên đến lên đến lên đến đến dưới
nhà ở 40% trở lên
dưới 60% dưới 80% dưới 90% 100%
DSC từ 35%
25% 30% 40% 50% 60% 80%
trở xuống
DSC trên 35% 30% 40% 50% 70% 80% 100%
c) Hệ số rủi ro tín dụng 200% được áp dụng đối với khoản cho vay thế chấp
nhà mà ngân hàng, chi nhánh ngân hàng nước ngoài không có thông tin về Tỷ lệ
bảo đảm (LTV) và/hoặc Tỷ lệ thu nhập (DSC).
12. Đối với tài sản là danh mục cấp tín dụng bán lẻ, hệ số rủi ro tín dụng là 75%.
13. Đối với khoản nợ xấu, hệ số rủi ro tín dụng áp dụng như sau:
a) Đối với khoản nợ xấu có dự phòng cụ thể nhỏ hơn 20% giá trị của khoản nợ xấu
(trừ khoản nợ xấu là khoản cho vay thế chấp nhà có dự phòng cụ thể nhỏ hơn 20%
giá trị của khoản nợ xấu), hệ số rủi ro tín dụng là 150%;
b) Đối với khoản nợ xấu có dự phòng cụ thể từ 20% đến 50% giá trị của khoản
nợ xấu, khoản nợ xấu là khoản cho vay thế chấp nhà có dự phòng cụ thể nhỏ hơn
20% giá trị của khoản nợ xấu, hệ số rủi ro tín dụng là 100%;
c) Đối với khoản nợ xấu có dự phòng cụ thể lớn hơn 50% giá trị của khoản nợ
xấu, khoản nợ xấu là khoản cho vay thế chấp nhà và có dự phòng cụ thể từ 20%
giá trị của khoản nợ xấu trở lên, hệ số rủi ro tín dụng là 50%.
14. Đối với tài sản là các khoản phải thu phát sinh từ việc bán nợ xấu (không
bao gồm các khoản phải thu phát sinh trong quá trình bán nợ xấu cho Công ty
CÔNG BÁO/Số 77 + 78/Ngày 22-01-2017 33
Quản lý tài sản của các tổ chức tín dụng Việt Nam và Công ty trách nhiệm hữu hạn
Mua bán nợ Việt Nam), hệ số rủi ro tín dụng là 200%.
15. Đối với tài sản là công cụ vốn chủ sở hữu, mua cổ phiếu của doanh nghiệp
(trừ các khoản đầu tư đã trừ khỏi vốn tự có quy định tại Phụ lục 1 kèm theo Thông
tư này) và các khoản cho vay để đầu tư, kinh doanh chứng khoán, khoản cho vay
giao dịch ký quỹ của công ty chứng khoán, hệ số rủi ro tín dụng là 150%.
16. Đối với tài sản là các khoản cho thuê tài chính, hệ số rủi ro tín dụng áp
dụng hệ số cao hơn giữa hệ số rủi ro tín dụng 160% và hệ số rủi ro tín dụng đối với
doanh nghiệp thuê tài chính theo quy định tại điểm b khoản 9 Điều này.
17. Đối với tài sản là các khoản mua lại khoản phải thu có bảo lưu quyền truy
đòi của công ty tài chính, công ty cho thuê tài chính theo quy định, hệ số rủi ro tín
dụng áp dụng hệ số rủi ro của khoản phải đòi đối với bên bán khoản phải thu.
Đối với các khoản mua lại khoản phải thu của công ty tài chính, công ty cho
thuê tài chính, hệ số rủi ro tín dụng áp dụng hệ số rủi ro của khoản phải đòi.
18. Đối với các tài sản khác trên bảng cân đối kế toán trừ các tài sản quy định
tại khoản 1, khoản 2, khoản 3, khoản 4, khoản 5, khoản 6, khoản 7, khoản 8, khoản 9,
khoản 10, khoản 11, khoản 12, khoản 13, khoản 14, khoản 15, khoản 16 và khoản 17
Điều này, hệ số rủi ro tín dụng là 100%.",,,,,,
Q041,Thành,Doanh nghiệp FDI được mở bao nhiêu tài khoản vốn ĐTTT?,True,06/2019/TT-NHNN,5,2,01 tài khoản bằng ngoại tệ và 01 tài khoản bằng VND tại một ngân hàng được phép.,"Điều 5. Mở và sử dụng tài khoản vốn đầu tư trực tiếp
1. Đối tượng mở và sử dụng tài khoản vốn đầu tư trực tiếp bao gồm:
a) Doanh nghiệp có vốn đầu tư trực tiếp nước ngoài quy định tại khoản 2 Điều 3
Thông tư này;
b) Nhà đầu tư nước ngoài tham gia hợp đồng BCC, nhà đầu tư nước ngoài trực
tiếp thực hiện dự án PPP trong trường hợp không thành lập doanh nghiệp dự án
(sau đây gọi là nhà đầu tư nước ngoài trực tiếp thực hiện dự án PPP).
2. Các đối tượng quy định tại khoản 1 Điều này mở tài khoản vốn đầu tư trực
tiếp theo quy định sau:
a) Phải mở tài khoản vốn đầu tư trực tiếp bằng ngoại tệ tại 01 (một) ngân hàng
được phép để thực hiện các giao dịch thu, chi hợp pháp bằng ngoại tệ liên quan
đến hoạt động đầu tư trực tiếp nước ngoài vào Việt Nam;
b) Tương ứng với loại ngoại tệ thực hiện góp vốn đầu tư, chỉ được mở 01
(một) tài khoản vốn đầu tư trực tiếp bằng loại ngoại tệ đó tại 01 (một) ngân hàng
được phép;
c) Trường hợp thực hiện đầu tư bằng đồng Việt Nam, được mở 01 (một) tài
khoản vốn đầu tư trực tiếp bằng đồng Việt Nam tại ngân hàng được phép nơi đã
mở tài khoản vốn đầu tư trực tiếp bằng ngoại tệ để thực hiện các giao dịch thu, chi
hợp pháp bằng đồng Việt Nam liên quan đến hoạt động đầu tư trực tiếp nước ngoài
vào Việt Nam;
80 CÔNG BÁO/Số 611 + 612/Ngày 03-8-2019
d) Trường hợp nhà đầu tư nước ngoài tham gia nhiều hợp đồng BCC hoặc trực
tiếp thực hiện nhiều dự án PPP, nhà đầu tư nước ngoài phải mở tài khoản vốn đầu
tư trực tiếp riêng biệt tương ứng với mỗi hợp đồng BCC, dự án PPP.
3. Trường hợp thực hiện các khoản vay nước ngoài mà đồng tiền đi vay không
tương ứng với đồng tiền mà doanh nghiệp có vốn đầu tư trực tiếp nước ngoài sử
dụng để mở tài khoản vốn đầu tư trực tiếp, doanh nghiệp có vốn đầu tư trực tiếp
nước ngoài được mở thêm tài khoản vay, trả nợ nước ngoài bằng loại đồng tiền đi
vay tại ngân hàng được phép nơi đã mở tài khoản vốn đầu tư trực tiếp để thực hiện
các giao dịch thu, chi hợp pháp liên quan đến khoản vay nước ngoài theo quy định
của pháp luật về vay, trả nợ nước ngoài của doanh nghiệp.
4. Trường hợp thay đổi ngân hàng được phép nơi mở tài khoản vốn đầu tư trực
tiếp, các đối tượng quy định tại khoản 1 Điều này thực hiện các bước sau:
a) Mở tài khoản vốn đầu tư trực tiếp tại ngân hàng được phép khác;
b) Chuyển toàn bộ số dư trên tài khoản vốn đầu tư trực tiếp đã mở trước đây
sang tài khoản vốn đầu tư trực tiếp mới, sau đó đóng tài khoản vốn đầu tư trực tiếp
đã mở trước đây;
c) Tài khoản vốn đầu tư trực tiếp tại ngân hàng được phép khác chỉ được sử
dụng để thực hiện các giao dịch thu, chi quy định tại Điều 6 và Điều 7 Thông tư
này sau khi hoàn tất các bước nêu tại điểm a, b khoản này.
5. Thủ tục mở, đóng tài khoản vốn đầu tư trực tiếp thực hiện theo quy định của
Ngân hàng Nhà nước Việt Nam (sau đây gọi là Ngân hàng Nhà nước) về việc mở
và sử dụng tài khoản thanh toán tại tổ chức cung ứng dịch vụ thanh toán.
6. Doanh nghiệp quy định tại điểm b, điểm c khoản 2 Điều 3 Thông tư này
phải thực hiện đóng tài khoản vốn đầu tư trực tiếp đã mở; nhà đầu tư nước ngoài là
người không cư trú có sở hữu cổ phần, phần vốn góp tại doanh nghiệp này thực
hiện mở tài khoản vốn đầu tư gián tiếp để thực hiện các giao dịch thu, chi theo quy
định về quản lý ngoại hối đối với hoạt động đầu tư gián tiếp nước ngoài vào Việt
Nam trong các trường hợp sau:
a) Sau khi thực hiện giao dịch chuyển nhượng cổ phần, phần vốn góp hoặc
phát hành thêm cổ phần để tăng vốn điều lệ tại doanh nghiệp có vốn đầu tư trực
tiếp nước ngoài, tỷ lệ sở hữu cổ phần, phần vốn góp của nhà đầu tư nước ngoài tại
doanh nghiệp này xuống dưới 51%;
CÔNG BÁO/Số 611 + 612/Ngày 03-8-2019 81
b) Sau khi doanh nghiệp có vốn đầu tư trực tiếp nước ngoài là công ty đại
chúng có cổ phiếu niêm yết hoặc đăng ký giao dịch trên Sở giao dịch chứng khoán.
Điều 5 Thông tư này), lợi nhuận và các nguồn thu hợp pháp liên quan đến hoạt
động đầu tư trực tiếp vào Việt Nam.
86 CÔNG BÁO/Số 611 + 612/Ngày 03-8-2019
2. Trường hợp doanh nghiệp có vốn đầu tư trực tiếp nước ngoài phải đóng tài
khoản vốn đầu tư trực tiếp do giải thể, phá sản, chấm dứt tồn tại của doanh
nghiệp hoặc do chuyển nhượng dự án đầu tư làm thay đổi pháp nhân đăng ký ban
đầu của doanh nghiệp có vốn đầu tư trực tiếp nước ngoài, nhà đầu tư nước ngoài
được sử dụng tài khoản thanh toán bằng ngoại tệ, tài khoản thanh toán bằng đồng
Việt Nam của nhà đầu tư nước ngoài đó mở tại ngân hàng được phép để thực
hiện các giao dịch mua ngoại tệ, chuyển vốn đầu tư trực tiếp và nguồn thu hợp
pháp ra nước ngoài.",,,,,,
Q044,Thành,Tài khoản vốn ĐTTT dùng cho giao dịch nào?,True,06/2019/TT-NHNN,7,,"Nhận vốn góp, nhận lợi nhuận chia, chi trả gốc lãi vay nước ngoài, chuyển vốn/lợi nhuận ra nước ngoài.","Điều 7. Các giao dịch thu, chi trên tài khoản vốn đầu tư trực tiếp bằng
đồng Việt Nam
1. Các giao dịch thu:
a) Thu chuyển khoản tiền góp vốn đầu tư trực tiếp bằng đồng Việt Nam của
nhà đầu tư nước ngoài, nhà đầu tư Việt Nam trong doanh nghiệp có vốn đầu tư
trực tiếp nước ngoài, nhà đầu tư nước ngoài tham gia hợp đồng BCC, nhà đầu tư
nước ngoài trực tiếp thực hiện dự án PPP;
b) Thu chuyển khoản tiền thanh toán giá trị chuyển nhượng vốn đầu tư, dự án
đầu tư theo quy định tại Điều 10 Thông tư này;
c) Thu chuyển khoản lợi nhuận được chia bằng đồng Việt Nam của nhà đầu
tư nước ngoài, nhà đầu tư Việt Nam trong doanh nghiệp có vốn đầu tư trực tiếp
nước ngoài, nhà đầu tư nước ngoài tham gia hợp đồng BCC, nhà đầu tư nước
ngoài trực tiếp thực hiện dự án PPP để thực hiện tăng vốn, mở rộng hoạt động
đầu tư tại Việt Nam;
d) Thu chuyển khoản từ tài khoản thanh toán bằng đồng Việt Nam của chính
doanh nghiệp có vốn đầu tư trực tiếp nước ngoài, nhà đầu tư nước ngoài tham gia
hợp đồng BCC, nhà đầu tư nước ngoài trực tiếp thực hiện dự án PPP để chuyển
vốn, lợi nhuận và nguồn thu hợp pháp ra nước ngoài cho nhà đầu tư nước ngoài;
đ) Thu chuyển khoản tiền thặng dư vốn cổ phần từ việc phát hành thêm cổ
e) Các khoản thu chuyển khoản liên quan đến khoản vay nước ngoài bằng
đồng Việt Nam của doanh nghiệp có vốn đầu tư trực tiếp nước ngoài được phép
vay nước ngoài bằng đồng Việt Nam theo quy định của pháp luật về vay, trả nợ
nước ngoài của doanh nghiệp;
g) Các khoản thu hợp pháp khác bằng đồng Việt Nam liên quan đến hoạt động
đầu tư trực tiếp nước ngoài vào Việt Nam.
2. Các giao dịch chi:
a) Chi chuyển khoản sang tài khoản thanh toán bằng đồng Việt Nam mở tại
ngân hàng được phép của chính doanh nghiệp có vốn đầu tư trực tiếp nước ngoài,
nhà đầu tư nước ngoài tham gia hợp đồng BCC, nhà đầu tư nước ngoài trực tiếp
thực hiện dự án PPP, người điều hành dự án dầu khí theo quy định của pháp luật
về dầu khí để thực hiện hoạt động đầu tư trực tiếp nước ngoài vào Việt Nam;
84 CÔNG BÁO/Số 611 + 612/Ngày 03-8-2019
b) Chi chuyển khoản tiền thanh toán giá trị chuyển nhượng vốn đầu tư, dự án
đầu tư cho bên chuyển nhượng tại Việt Nam hoặc chi mua ngoại tệ để thanh toán
giá trị chuyển nhượng vốn đầu tư, dự án đầu tư cho bên chuyển nhượng ở nước
ngoài theo quy định tại Điều 10 Thông tư này;
c) Chi mua ngoại tệ chuyển khoản để chuyển lợi nhuận và các nguồn thu hợp
pháp bằng đồng Việt Nam cho nhà đầu tư nước ngoài ra nước ngoài;
d) Chi chuyển khoản vốn đầu tư trực tiếp bằng đồng Việt Nam cho nhà đầu tư
Việt Nam hoặc chi mua ngoại tệ để chuyển vốn đầu tư trực tiếp cho nhà đầu tư
nước ngoài ra nước ngoài trong trường hợp giảm vốn đầu tư, kết thúc, thanh lý,
chấm dứt hoạt động của dự án đầu tư, hợp đồng BCC, hợp đồng PPP theo quy định
của pháp luật về đầu tư;
đ) Các khoản chi chuyển khoản liên quan đến khoản vay nước ngoài bằng
đồng Việt Nam của doanh nghiệp có vốn đầu tư trực tiếp nước ngoài được phép
vay nước ngoài bằng đồng Việt Nam theo quy định của pháp luật về vay, trả nợ
nước ngoài;
e) Các khoản chi hợp pháp khác bằng đồng Việt Nam liên quan đến hoạt động
đầu tư trực tiếp nước ngoài vào Việt Nam.",,,,,,
Q051,Thành,Những nhu cầu vốn nào TCTD không được cho vay?,True,39/2016/TT-NHNN,8,3,"Không được cho vay để: thực hiện hoạt động đầu tư kinh doanh thuộc ngành, nghề cấm theo Luật Đầu tư; mua vàng miếng; trả nợ khoản cấp tín dụng tại chính TCTD cho vay (trừ lãi tiền vay trong quá trình thi công được tính trong tổng mức đầu tư); trả nợ vay nước ngoài hoặc khoản cấp tín dụng tại TCTD khác (trừ cho vay trả nợ trước hạn đủ điều kiện); gửi tiền; góp vốn, mua, nhận chuyển nhượng phần vốn góp, cổ phần chưa niêm yết; dự án đầu tư không đủ điều kiện đưa vào kinh doanh (Điều 8 TT 39/2016/TT-NHNN; khoản 8, 9 ngưng hiệu lực theo TT 10/2023/TT-NHNN).","Điều 8. Những nhu cầu vốn không được cho vay12
Tổ chức tín dụng không được cho vay đối với các nhu cầu vốn:
1. Để thực hiện các hoạt động đầu tư kinh doanh thuộc ngành, nghề cấm đầu tư
kinh doanh theo quy định của Luật Đầu tư.
2. Để thanh toán các chi phí, đáp ứng các nhu cầu tài chính của hoạt động đầu
tư kinh doanh thuộc ngành, nghề cấm đầu tư kinh doanh theo quy định của Luật
Đầu tư và các giao dịch, hành vi khác mà pháp luật cấm.
3. Để mua, sử dụng các hàng hóa, dịch vụ thuộc ngành, nghề cấm đầu tư kinh
doanh theo quy định của Luật Đầu tư.
4. Để mua vàng miếng.
10 Khoản này được sửa đổi theo quy định tại khoản 3 Điều 1 của Thông tư số 12/2024/TT-
NHNN sửa đổi, bổ sung một số điều của Thông tư số 39/2016/TT-NHNN ngày 30 tháng 12 năm
2016 của Thống đốc Ngân hàng Nhà nước Việt Nam quy định về hoạt động cho vay của tổ chức
tín dụng, chi nhánh ngân hàng nước ngoài đối với khách hàng, có hiệu lực kể từ ngày 01/7/2024.
11 Khoản này được bãi bỏ theo quy định tại Điều 2 của Thông tư số 06/2023/TT-NHNN sửa
đổi, bổ sung một số điều của Thông tư số 39/2016/TT-NHNN ngày 30 tháng 12 năm 2016 của
Thống đốc Ngân hàng Nhà nước Việt Nam quy định về hoạt động cho vay của tổ chức tín dụng,
chi nhánh ngân hàng nước ngoài đối với khách hàng, có hiệu lực kể từ ngày 01/9/2023.
12 Điều này được sửa đổi theo quy định tại khoản 2 Điều 1 của Thông tư số 06/2023/TT-
NHNN sửa đổi, bổ sung một số điều của Thông tư số 39/2016/TT-NHNN ngày 30 tháng 12 năm
2016 của Thống đốc Ngân hàng Nhà nước Việt Nam quy định về hoạt động cho vay của tổ chức
tín dụng, chi nhánh ngân hàng nước ngoài đối với khách hàng, có hiệu lực kể từ ngày 01/9/2023.
CÔNG BÁO/Số 875 + 876/Ngày 29-7-2024 69
5. Để trả nợ khoản cấp tín dụng tại chính tổ chức tín dụng cho vay, trừ trường
hợp cho vay để thanh toán lãi tiền vay phát sinh trong quá trình thi công xây dựng
công trình, mà chi phí lãi tiền vay được tính trong tổng mức đầu tư xây dựng được
cấp có thẩm quyền phê duyệt theo quy định của pháp luật.
6. Để trả nợ khoản vay nước ngoài (không bao gồm khoản vay nước ngoài
dưới hình thức mua bán hàng hóa trả chậm), khoản cấp tín dụng tại tổ chức tín
dụng khác, trừ trường hợp cho vay để trả nợ trước hạn khoản vay đáp ứng đầy đủ
các điều kiện sau:
a) Thời hạn cho vay không vượt quá thời hạn cho vay còn lại của khoản vay cũ;
b) Là khoản vay chưa thực hiện cơ cấu lại thời hạn trả nợ.
7. Để gửi tiền.
8.13 Để thanh toán tiền góp vốn, mua, nhận chuyển nhượng phần vốn góp của
công ty trách nhiệm hữu hạn, công ty hợp danh; góp vốn, mua, nhận chuyển
nhượng cổ phần của công ty cổ phần chưa niêm yết trên thị trường chứng khoán
hoặc chưa đăng ký giao dịch trên hệ thống giao dịch Upcom.
9.14 Để thanh toán tiền góp vốn theo hợp đồng góp vốn, hợp đồng hợp tác đầu
tư hoặc hợp đồng hợp tác kinh doanh để thực hiện dự án đầu tư không đủ điều kiện
đưa vào kinh doanh theo quy định của pháp luật tại thời điểm tổ chức tín dụng
quyết định cho vay.
13 Khoản này ngưng hiệu lực thi hành từ ngày 01 tháng 9 năm 2023 cho đến ngày có hiệu
lực thi hành của văn bản quy phạm pháp luật mới quy định về các vấn đề này theo quy định tại",,,,,,
Q052,Thành,Lãi suất cho vay bằng VND quy định thế nào?,True,39/2016/TT-NHNN,13,2,"Lãi suất cho vay bằng VND do TCTD và khách hàng thỏa thuận theo cung cầu vốn thị trường, nhu cầu vay vốn và mức độ tín nhiệm của khách hàng (khoản 1 Điều 13 TT 39/2016). Cho vay ngắn hạn bằng VND phục vụ một số nhu cầu vốn (nông nghiệp, nông thôn; xuất khẩu; doanh nghiệp nhỏ và vừa; công nghiệp hỗ trợ; công nghệ cao) không vượt mức lãi suất tối đa do Thống đốc NHNN quyết định trong từng thời kỳ, chỉ áp dụng với khách hàng được TCTD đánh giá có tình hình tài chính minh bạch, lành mạnh (khoản 2, sửa đổi bởi TT 06/2023).","Điều 13. Lãi suất cho vay
1. Tổ chức tín dụng và khách hàng thỏa thuận về lãi suất cho vay theo cung
cầu vốn thị trường, nhu cầu vay vốn và mức độ tín nhiệm của khách hàng, trừ
trường hợp Ngân hàng Nhà nước Việt Nam có quy định về lãi suất cho vay tối đa
tại khoản 2 Điều này.
2.18 Trường hợp khách hàng được tổ chức tín dụng đánh giá là có tình hình tài
chính minh bạch, lành mạnh, tổ chức tín dụng và khách hàng thỏa thuận về lãi suất
cho vay ngắn hạn bằng đồng Việt Nam nhưng không vượt quá mức lãi suất cho
vay tối đa do Thống đốc Ngân hàng Nhà nước Việt Nam quyết định trong từng
thời kỳ nhằm đáp ứng một số nhu cầu vốn:
a) Phục vụ lĩnh vực phát triển nông nghiệp, nông thôn theo quy định của Chính
phủ về chính sách tín dụng phục vụ phát triển nông nghiệp, nông thôn;
b) Thực hiện phương án kinh doanh hàng xuất khẩu theo quy định của Luật
Thương mại và các văn bản hướng dẫn Luật Thương mại;
c) Phục vụ kinh doanh của doanh nghiệp nhỏ và vừa theo quy định của Luật
Hỗ trợ doanh nghiệp nhỏ và vừa và quy định của Chính phủ về hỗ trợ doanh
nghiệp nhỏ và vừa;
17 Khoản này được sửa đổi theo quy định tại khoản 3 Điều 1 của Thông tư số 06/2023/TT-
NHNN sửa đổi, bổ sung một số điều của Thông tư số 39/2016/TT-NHNN ngày 30 tháng 12 năm
2016 của Thống đốc Ngân hàng Nhà nước Việt Nam quy định về hoạt động cho vay của tổ chức
tín dụng, chi nhánh ngân hàng nước ngoài đối với khách hàng, có hiệu lực kể từ ngày 01/9/2023.
18 Khoản được sửa đổi theo quy định tại khoản 4 Điều 1 của Thông tư số 06/2023/TT-
NHNN sửa đổi, bổ sung một số điều của Thông tư số 39/2016/TT-NHNN ngày 30 tháng 12 năm
2016 của Thống đốc Ngân hàng Nhà nước Việt Nam quy định về hoạt động cho vay của tổ chức
tín dụng, chi nhánh ngân hàng nước ngoài đối với khách hàng, có hiệu lực kể từ ngày 01/9/2023.
CÔNG BÁO/Số 875 + 876/Ngày 29-7-2024 73
d) Phát triển ngành công nghiệp hỗ trợ theo quy định của Chính phủ về phát
triển công nghiệp hỗ trợ;
đ) Phục vụ kinh doanh của doanh nghiệp ứng dụng công nghệ cao thuộc Danh
mục công nghệ cao ưu tiên đầu tư phát triển được Thủ tướng Chính phủ phê duyệt,
doanh nghiệp công nghệ cao theo quy định của Luật Công nghệ cao và các văn bản
hướng dẫn Luật Công nghệ cao.
3. Nội dung thỏa thuận về lãi suất cho vay bao gồm mức lãi suất cho vay và
phương pháp tính lãi đối với khoản vay. Trường hợp mức lãi suất cho vay không
quy đổi theo tỷ lệ %/năm và/hoặc không áp dụng phương pháp tính lãi theo số dư
nợ cho vay thực tế, thời gian duy trì số dư nợ gốc thực tế đó, thì trong thỏa thuận
cho vay phải có nội dung về mức lãi suất quy đổi theo tỷ lệ %/năm (một năm là ba
trăm sáu mươi lăm ngày) tính theo số dư nợ cho vay thực tế và thời gian duy trì số
dư nợ cho vay thực tế đó.
4. Khi đến hạn thanh toán mà khách hàng không trả hoặc trả không đầy đủ nợ
gốc và/hoặc lãi tiền vay theo thỏa thuận, thì khách hàng phải trả lãi tiền vay như sau:
a) Lãi trên nợ gốc theo lãi suất cho vay đã thỏa thuận tương ứng với thời hạn
vay mà đến hạn chưa trả;
b) Trường hợp khách hàng không trả đúng hạn tiền lãi theo quy định tại điểm a
khoản này, thì phải trả lãi chậm trả theo mức lãi suất do tổ chức tín dụng và khách
hàng thỏa thuận nhưng không vượt quá 10%/năm tính trên số dư lãi chậm trả
tương ứng với thời gian chậm trả;
c) Trường hợp khoản nợ vay bị chuyển nợ quá hạn, thì khách hàng phải trả lãi
trên dư nợ gốc bị quá hạn tương ứng với thời gian chậm trả, lãi suất áp dụng không
vượt quá 150% lãi suất cho vay trong hạn tại thời điểm chuyển nợ quá hạn.
5. Trường hợp áp dụng lãi suất cho vay điều chỉnh, tổ chức tín dụng và khách
hàng phải thỏa thuận nguyên tắc và các yếu tố để xác định lãi suất điều chỉnh, thời
điểm điều chỉnh lãi suất cho vay. Trường hợp căn cứ các yếu tố để xác định lãi
suất điều chỉnh dẫn đến có nhiều mức lãi suất cho vay khác, thì tổ chức tín dụng áp
dụng mức lãi suất cho vay thấp nhất.",,,,,,
Q054,Thành,TCTD có trách nhiệm gì trong kiểm soát mục đích sử dụng vốn vay?,True,39/2016/TT-NHNN,24,7,"Khách hàng có nghĩa vụ sử dụng vốn vay đúng mục đích đã cam kết, hoàn trả nợ gốc, lãi, phí đúng hạn và cung cấp thông tin, tài liệu, dữ liệu chứng minh; TCTD có quyền, nghĩa vụ kiểm tra, giám sát việc sử dụng vốn vay và trả nợ của khách hàng (khoản 1, khoản 2 Điều 24 TT 39/2016, sửa đổi bởi TT 06/2023, TT 12/2024). Khi phát hiện khách hàng cung cấp thông tin sai sự thật hoặc vi phạm thỏa thuận cho vay, TCTD có quyền chấm dứt cho vay, thu hồi nợ trước hạn (khoản 1 Điều 21).","Điều 24. Kiểm tra sử dụng tiền vay31
1. Khách hàng có nghĩa vụ sử dụng vốn vay đúng mục đích đã cam kết, hoàn
trả nợ gốc, lãi, phí đầy đủ, đúng hạn theo thỏa thuận; báo cáo việc sử dụng vốn vay
và cung cấp thông tin, tài liệu, dữ liệu chứng minh vốn vay được sử dụng đúng
mục đích.
30 Điểm này được sửa đổi theo quy định tại khoản 7 Điều 1 của Thông tư số 06/2023/TT-
NHNN sửa đổi, bổ sung một số điều của Thông tư số 39/2016/TT-NHNN ngày 30 tháng 12 năm
2016 của Thống đốc Ngân hàng Nhà nước Việt Nam quy định về hoạt động cho vay của tổ chức
tín dụng, chi nhánh ngân hàng nước ngoài đối với khách hàng, có hiệu lực kể từ ngày 01/9/2023.
31 Điều này được sửa đổi theo quy định tại khoản 7 Điều 1 của Thông tư số 12/2024/TT-
NHNN sửa đổi, bổ sung một số điều của Thông tư số 39/2016/TT-NHNN ngày 30 tháng 12 năm
2016 của Thống đốc Ngân hàng Nhà nước Việt Nam quy định về hoạt động cho vay của tổ chức
tín dụng, chi nhánh ngân hàng nước ngoài đối với khách hàng, có hiệu lực kể từ ngày 01/7/2024.
CÔNG BÁO/Số 875 + 876/Ngày 29-7-2024 83
2. Tổ chức tín dụng có quyền, nghĩa vụ kiểm tra, giám sát việc sử dụng vốn
vay và trả nợ của khách hàng quy định tại khoản 1 Điều 102 Luật Các tổ chức tín
dụng; có quyền yêu cầu khách hàng báo cáo việc sử dụng vốn vay và cung cấp
thông tin, tài liệu, dữ liệu chứng minh vốn vay được sử dụng đúng mục đích.
3. Đối với các khoản cho vay có mức giá trị nhỏ, tổ chức tín dụng có biện pháp
kiểm tra, giám sát việc sử dụng vốn vay đúng mục đích đã cam kết và trả nợ của
khách hàng, đảm bảo khả năng thu hồi nợ gốc và lãi tiền vay đầy đủ, đúng hạn
theo thỏa thuận.",,,,,,
Q056,Thành,TCTD giải ngân cho khách hàng vay bằng hình thức nào?,True,21/2017/TT-NHNN,4,2,"Về nguyên tắc giải ngân phải sử dụng dịch vụ thanh toán không dùng tiền mặt vào tài khoản thanh toán của bên thụ hưởng (Điều 4 TT 21/2017/TT-NHNN). Giải ngân bằng tiền mặt chỉ được xem xét quyết định khi bên thụ hưởng (không bao gồm pháp nhân) không có tài khoản thanh toán - khách hàng thanh toán, chi trả cho bên thụ hưởng không có tài khoản, hoặc khách hàng là bên thụ hưởng đã ứng vốn tự có - và khách hàng phải gửi văn bản cam kết của bên thụ hưởng (Điều 5). Với khoản vay không quá 100 triệu đồng trả cho bên thụ hưởng có tài khoản (không bao gồm pháp nhân), hoặc bên thụ hưởng là tổ chức sử dụng vốn nhà nước được thanh toán bằng tiền mặt, TCTD được quyết định phương thức phù hợp (Điều 6).","Điều 4. Phương thức giải ngân vốn cho vay sử dụng dịch vụ thanh toán
không dùng tiền mặt
1. Tổ chức tín dụng cho vay phải sử dụng dịch vụ thanh toán không dùng tiền
mặt theo quy định của pháp luật để giải ngân vốn cho vay vào tài khoản thanh toán
60 CÔNG BÁO/Số 385 + 386/Ngày 19-02-2018
của bên thụ hưởng tại tổ chức cung ứng dịch vụ thanh toán, trừ trường hợp quy
định tại khoản 2 Điều này. Việc chuyển số tiền giải ngân vào tài khoản thanh toán
của bên thụ hưởng tại tổ chức cung ứng dịch vụ thanh toán được tổ chức tín dụng
cho vay thực hiện ngay trong ngày giải ngân vốn vay theo mục đích ghi trong thỏa
thuận cho vay; trường hợp việc giải ngân vốn vay thực hiện sau giờ giao dịch
thanh toán trong ngày của tổ chức tín dụng cho vay thì việc chuyển tiền được thực
hiện vào ngày làm việc tiếp theo của tổ chức tín dụng đó.
2. Tổ chức tín dụng cho vay phải sử dụng dịch vụ thanh toán không dùng tiền
mặt để giải ngân vốn cho vay vào tài khoản thanh toán của khách hàng tại tổ chức
cung ứng dịch vụ thanh toán trong các trường hợp:
a) Khách hàng thanh toán, chi trả cho các mục đích sử dụng vốn vay mà pháp
luật quy định phải thực hiện thông qua tài khoản thanh toán của khách hàng;
b) Khách hàng là bên thụ hưởng có tài khoản thanh toán tại tổ chức cung ứng
dịch vụ thanh toán, đã ứng vốn tự có để thanh toán, chi trả các chi phí thuộc chính
phương án, dự án kinh doanh hoặc phương án, dự án phục vụ đời sống được tổ
chức tín dụng cho vay quyết định cho vay theo quy định của pháp luật;
c) Khách hàng trực tiếp thanh toán, chi trả tiền mua sản phẩm nông nghiệp
thuộc lĩnh vực nông, lâm, diêm nghiệp và thủy sản từ cá nhân, hộ gia đình, chủ
trang trại, hộ kinh doanh và tổ hợp tác có hoạt động sản xuất kinh doanh trên địa
bàn nông thôn để khách hàng thực hiện phương án sản xuất kinh doanh, phù hợp
với mục đích vay vốn ghi trong thỏa thuận cho vay.",,,,,,
Q058,Thành,"Khách hàng không trả nợ đúng hạn mà không được gia hạn, TCTD xử lý thế nào?",True,39/2016/TT-NHNN,20,4,"TCTD chuyển nợ quá hạn đối với số dư nợ gốc mà khách hàng không trả được đúng hạn theo thỏa thuận cho vay và không được TCTD chấp thuận cơ cấu lại thời hạn trả nợ, đồng thời thông báo cho khách hàng về số dư nợ gốc bị quá hạn, thời điểm chuyển nợ quá hạn và lãi suất áp dụng (Điều 20 TT 39/2016). Lãi suất trên dư nợ gốc bị quá hạn không vượt quá 150% lãi suất cho vay trong hạn tại thời điểm chuyển nợ quá hạn (khoản 4 điểm c Điều 13).","Điều 20 Thông tư này. Tổ chức tín dụng và khách hàng thỏa thuận việc tính tiền lãi
phải trả phù hợp với quy định tại khoản 4 Điều 13 Thông tư này.
4.20 Tổ chức tín dụng và khách hàng thỏa thuận về thứ tự thu nợ gốc, lãi tiền
vay. Đối với khoản nợ vay bị quá hạn trả nợ, tổ chức tín dụng thực hiện theo thứ tự
20 Khoản này được sửa đổi theo quy định tại khoản 5 Điều 1 của Thông tư số 06/2023/TT-
NHNN sửa đổi, bổ sung một số điều của Thông tư số 39/2016/TT-NHNN ngày 30 tháng 12 năm
2016 của Thống đốc Ngân hàng Nhà nước Việt Nam quy định về hoạt động cho vay của tổ chức
tín dụng, chi nhánh ngân hàng nước ngoài đối với khách hàng, có hiệu lực kể từ ngày 01/9/2023.
76 CÔNG BÁO/Số 875 + 876/Ngày 29-7-2024
nợ gốc thu trước, nợ lãi tiền vay thu sau. Đối với khoản nợ vay có một hoặc một số
kỳ hạn trả nợ bị quá hạn, tổ chức tín dụng thực hiện thu nợ theo thứ tự thu nợ gốc
đã quá hạn, thu nợ lãi trên nợ gốc quá hạn chưa trả, thu nợ gốc đến hạn, thu nợ lãi
trên nợ gốc mà đến hạn chưa trả.
Điều 20. Nợ quá hạn
Tổ chức tín dụng chuyển nợ quá hạn đối với số dư nợ gốc mà khách hàng
không trả được nợ đúng hạn theo thỏa thuận và không được tổ chức tín dụng chấp
thuận cơ cấu lại thời hạn trả nợ; thông báo cho khách hàng về việc chuyển nợ quá
hạn. Nội dung thông báo tối thiểu bao gồm số dư nợ gốc bị quá hạn, thời điểm
chuyển nợ quá hạn và lãi suất áp dụng đối với dư nợ gốc bị quá hạn.",,,,,,
Q059,Hương,"Đơn vị là một PGD của MBBank theo Giấy phép do Ngân hàng nhà nước cấp. Khách hàng hiện đang có dư nợ vay 800 triệu đồng tại Đơn vị. Hiện tại Khách hàng đang đề xuất cấp tín dụng bổ sung tại Đơn vị với số tiền là 1,8 tỷ đồng, các khoản vay này được bảo đảm bằng bất động sản. Theo quy định của pháp luật, Đơn vị hiểu là PGD không được cho vay đối với KH với giá trị khoản vay trên 02 tỷ đồng, Đơn vị muốn hỏi, giới hạn 02 tỷ đồng nêu trên được tính cho một khoản vay hay tổng giá trị tất cả các khoản vay của KH tại PGD? Trường hợp này Đơn vị có thể tiếp tục cấp tín dụng cho KH theo đề xuất không hay phải chuyển về CN?",True,32/2024/QH15,3,9,"1. Căn cứ:
- Luật các Tổ chức tín dụng 2024;
- Thông tư 61/2025/TT-NHNN quy định về mạng lưới hoạt động của ngân hàng thương mại.
2. Đánh giá về pháp lý:
- Khoản 3 Điều 3 Thông tư 61/2025/TT-NHNN quy định: Phòng giao dịch là loại hình chi nhánh, được quản lý bởi một chi nhánh ở trong nước của ngân hàng thương mại, hạch toán báo số, có con dấu, có địa điểm đặt trụ sở trên địa bàn tỉnh, thành phố trực thuộc Trung ương nơi đặt trụ sở chi nhánh quản lý. Phòng giao dịch không được thực hiện:
+ Phê duyệt, quyết định cấp tín dụng cho một khách hàng vượt quá hai (02) tỷ đồng Việt Nam hoặc ngoại tệ quy đổi tương đương, trừ trường hợp khoản cấp tín dụng được đảm bảo toàn bộ bằng tiền, thẻ tiết kiệm, giấy tờ có giá do chính ngân hàng thương mại phát hành, trái phiếu chính phủ, tín phiếu kho bạc nhà nước;
+ Cung cấp dịch vụ thanh toán, chuyển tiền quốc tế.
Theo quy định pháp luật nêu trên, giới hạn cấp tín dụng trên 02 tỷ đồng đối với PGD sẽ được loại trừ trong trường hợp khoản cấp tín dụng được đảm bảo toàn bộ bằng tiền, thẻ tiết kiệm, giấy tờ có giá do chính VPBank phát hành, trái phiếu chính phủ, tín phiếu kho bạc nhà nước.
-Theo QnA hiểu giới hạn về việc PGD không được quyết định cấp tín dụng vượt quá 02 tỷ đồng cho một KH được xác định dựa trên tổng giá trị cấp tín dụng của tất cả các khoản tín dụng cấp cho KH.
- Như vậy, trường hợp Khách hàng của Đơn vị, nếu cộng tổng giá trị hai khoản cấp tín dụng thì sẽ vượt quá mức 02 tỷ đồng. Theo đó, Đơn vị sẽ không đủ điều kiện để cấp tiếp khoản tín dụng thứ hai cho KH.
3. Kết luận: 
- Trong trường hợp KH của Đơn vị có các khoản cấp tín dụng đã được cấp và các khoản tín dụng dự kiến được cấp là vượt quá 2 tỷ đồng thì:
+ Hợp đồng cho vay cần được chuyển lên CN ký và đóng dấu;
+ Các văn bản còn lại được ký tại PGD.","Điều 3. Giải thích từ ngữ
Trong Thông tư này, những từ ngữ dưới đây được hiểu như sau:
1. Mạng lưới hoạt động của ngân hàng thương mại bao gồm chỉ nhánh,
phòng giao dịch, văn phòng đại diện, đơn vị sự nghiệp ở trong nước; chi nhánh,
văn phòng đại diện, ngân hàng con ở nước ngoài của ngân hàng thương mại theo
quy định của pháp luật.
2. Chi nhánh là đơn vị phụ thuộc ngân hàng thương mại, hạch toán phụ
thuộc, có con dấu, có nhiệm vụ thực hiện một hoặc một sô chức năng của ngân
hàng thương mại theo phân cấp của ngân hàng thương mại và phù hợp với quy
định của pháp luật.
K5 Phòng giao địch là loại hình chỉ nhánh, được quản. lý bởi một chỉ nhánh
ở trong nước của ngân hàng thương mại, hạch toán báo số, có con dấu, có địa
điểm đặt trụ sở trên địa bàn tỉnh, thành phố trực thuộc Trung ương nơi đặt trụ sở
chi nhánh quản lý. Phòng giao dịch không được thực hiện:
a) Phê duyệt, quyết định cấp tín dụng cho một khách hàng vượt quá hai
(02) tỷ đồng Việt Nam (sau đây gọi tắt là đồng) hoặc ngoại tệ quy đôi tương
đương, trừ trường hợp khoản cấp tín dụng được đảm bảo toàn bộ bằng tiền, thẻ
tiết kiệm, giấy tờ có giá do chính ngân hàng thương mại phát hành, trái phiếu
chính phủ, tín phiếu kho bạc nhà nước;
b) Cung cấp dịch vụ thanh toán quốc tế, chuyển tiền quốc tế.
A4. Chỉ nhánh quản lý phòng giao dịch là chỉ nhánh được giao thực hiện .
một số nội dung quản lý đối với phòng giao dịch trên địa bàn cùng một tỉnh, thành
phố theo quy định nội bộ của ngân hàng thương mại và phù hợp với quy định của
Thông tư này.
5. Văn phòng đại điện là đơn vị phụ thuộc ngân hàng thương mại, có con
dấu, thực hiện chức năng đại diện theo ủy quyền của ngân hàng thương mại. Văn
phòng đại diện không được thực hiện hoạt động kinh doanh.
6. Đơn vị sự nghiệp là đơn vị phụ thuộc ngân hàng thương mại, có con dấu,
thực hiện một hoặc một số hoạt động hỗ trợ hoạt động kinh doanh của ngân hàng
thương mại, bao gồm:
a) Nghiên cứu, ứng dụng công nghệ ngân hàng cho ngân hàng thương mại;
b) Đào tạo và bồi dưỡng nghiệp vụ, kỹ thuật cho cán bộ, nhân viên của
ngân hàng thương mại;
c) Văn phòng liên lạc; nghiên cứu, tìm hiểu thị trường:
d) Lưu trữ cơ sở dữ liệu, thu thập, xử lý thông tin phục vụ hoạt động kinh
doanh của ngân hàng thương mại;
đ) Các hoạt động khác hỗ trợ hoạt động kinh doanh của ngân hàng thương
mại phù hợp với quy định của pháp luật.
7. Ngân hàng con ở nước ngoài của ngân hàng thương mại (sau đây gọi là
ngân hàng con ở nước ngoài) là ngân hàng, mà ngân hàng thương mại hoặc ngân
hàng thương mại và người có liên quan của ngân hàng thương mại sở hữu trên
50% vôn điêu lệ hoặc trên 50% vốn cổ phần có quyền biểu quyết, được thành lập
tại nước ngoài theo quy định pháp luật nước ngoài.
8. Thời điểm đề nghị là ngày, tháng, năm ghi trên văn bản đề nghị thành
lập chi nhánh, phòng giao dịch, văn phòng đại diện, đơn vị sự nghiệp ở trong
nước; chi nhánh, văn phòng đại diện, ngân hàng con ở nước ngoài của ngân hàng
thương mại.
9. Khu vực nội thành thành phố Hà Nội, Thành phó Hô Chí Minh bao gồm
các phường của thành phó Hà Nội, Thành phố Hồ Chí Minh.
10. Khu vực ngoại thành thành phố Hà Nội, Thành phố Hồ Chí Minh bao
gồm các địa bàn còn lại của thành phô Hà Nội, Thành phô Hô Chí Minh không
thuộc phạm vi quy định tại khoản 9 Điều này.
11. Vùng nông thôn là địa giới đơn vị hành chính xã, đặc khu (không bao
gồm đặc khu mà chính quyền địa phương ở đặc khu thực hiện nhiệm vụ, quyền
hạn tương ứng của chính quyên địa phương ở phường).
12. Người đứng đâu là Giám đốc chi nhánh, Giám đốc phòng giao dịch
hoặc chức danh tương đương, người đứng đầu văn phòng đại diện.
13. Thông tin về người đứng đâu bao gồm họ và tên, giới tính, ngày, tháng,
năm sinh, dân tộc, quốc tịch, loại giấy tờ pháp lý của cá nhân, sô giây tờ pháp lý
của cá nhân, ngày sp, nơi cấp, địa chỉ thường trú và địa chỉ liên lạc.
14. Thông tin về tên bao gồm tên đầy đủ bằng tiếng Việt, tên viết bằng tiếng
nước ngoài, tên viết tắt (nếu có).
15. Thông tin về địa chỉ bao gồm địa chỉ, điện thoại, fax, email, website.",,,,,,
Q060,Hương,"Khoản vay của Khách hàng có giá trị trên 2 tỷ đồng ban đầu được cấp bởi PGD do được bảo đảm 100% bằng tiền gửi tiết kiệm, nay KH đổi chấp tài sản bảo đảm từ tiền gửi tiết kiệm thành bất động sản. Đơn vị muốn hỏi trường hợp này khoản vay có cần phải chuyển lên CN để quản lý không, Đơn vị có cần thực hiện bổ sung các thủ tục nào với KH để đảm bảo tuân thủ quy định của pháp luật về mạng lưới của ngân hàng thương mại không?",True,32/2024/QH15,3,9,"1. Căn cứ:
- Luật các Tổ chức tín dụng 2024;
- Thông tư 61/2025/TT-NHNN quy định về mạng lưới hoạt động của ngân hàng thương mại.
2. Đánh giá về pháp lý:
- Khoản 3, Điều 3, Thông tư 61/2025/TT-NHNN, Phòng giao dịch là loại hình chi nhánh, được quản lý bởi một chi nhánh ở trong nước của ngân hàng thương mại, hạch toán báo số, có con dấu, có địa điểm đặt trụ sở trên địa bàn tỉnh, thành phố trực thuộc Trung ương nơi đặt trụ sở chi nhánh quản lý. Phòng giao dịch không được thực hiện:
+ Phê duyệt, quyết định cấp tín dụng cho một khách hàng vượt quá hai (02) tỷ đồng Việt Nam hoặc ngoại tệ quy đổi tương đương, trừ trường hợp khoản cấp tín dụng được đảm bảo toàn bộ bằng tiền, thẻ tiết kiệm, giấy tờ có giá do chính ngân hàng thương mại phát hành, trái phiếu chính phủ, tín phiếu kho bạc nhà nước;
+ Cung cấp dịch vụ thanh toán, chuyển tiền quốc tế.
- Trường hợp này, tại thời điểm quyết định cấp tín dụng, việc PGD cấp khoản vay trên 2 tỷ đồng cho KH là phù hợp với quy định của pháp luật do khoản vay được bảo đảm 100% bằng tiền gửi tiết kiệm.
- Khi khoản vay có sự thay đổi về TSBĐ từ tiền gửi thành bất động sản, tính chất an toàn của khoản vay đã thay đổi. Theo đó QA hiểu rằng PGD sẽ không được phê duyệt việc đổi chấp tài sản này.
3. Kết luận: 
- Với các trường hợp nêu trên QA kiến nghị:
+ Trường hợp Ngân hàng có quy định nội bộ hướng dẫn xử lý hoặc cấp phê duyệt có phê duyệt xử lý vấn đề trên, Đơn vị thực hiện theo đúng quy định nội bộ/phê duyệt của cấp có thẩm quyền; hoặc
+ Trường hợp không có hướng dẫn nội bộ/phê duyệt của cấp có thẩm quyền, theo QA, Đơn vị cần xem xét xử lý dưới hai góc độ sau:
(i) Về nội bộ: Yêu cầu đổi chấp tài sản của Khách hàng cần được chuyển về Chi nhánh hoặc cấp phê duyệt cao hơn (tùy thẩm quyền phê duyệt trong từng thời kỳ) để thực hiện việc phê duyệt đổi chấp tài sản bảo đảm; 
(ii) Với Khách hàng: PGD tiếp tục quản lý khoản vay KH.","Điều 3. Giải thích từ ngữ
Trong Thông tư này, những từ ngữ dưới đây được hiểu như sau:
1. Mạng lưới hoạt động của ngân hàng thương mại bao gồm chỉ nhánh,
phòng giao dịch, văn phòng đại diện, đơn vị sự nghiệp ở trong nước; chi nhánh,
văn phòng đại diện, ngân hàng con ở nước ngoài của ngân hàng thương mại theo
quy định của pháp luật.
2. Chi nhánh là đơn vị phụ thuộc ngân hàng thương mại, hạch toán phụ
thuộc, có con dấu, có nhiệm vụ thực hiện một hoặc một sô chức năng của ngân
hàng thương mại theo phân cấp của ngân hàng thương mại và phù hợp với quy
định của pháp luật.
K5 Phòng giao địch là loại hình chỉ nhánh, được quản. lý bởi một chỉ nhánh
ở trong nước của ngân hàng thương mại, hạch toán báo số, có con dấu, có địa
điểm đặt trụ sở trên địa bàn tỉnh, thành phố trực thuộc Trung ương nơi đặt trụ sở
chi nhánh quản lý. Phòng giao dịch không được thực hiện:
a) Phê duyệt, quyết định cấp tín dụng cho một khách hàng vượt quá hai
(02) tỷ đồng Việt Nam (sau đây gọi tắt là đồng) hoặc ngoại tệ quy đôi tương
đương, trừ trường hợp khoản cấp tín dụng được đảm bảo toàn bộ bằng tiền, thẻ
tiết kiệm, giấy tờ có giá do chính ngân hàng thương mại phát hành, trái phiếu
chính phủ, tín phiếu kho bạc nhà nước;
b) Cung cấp dịch vụ thanh toán quốc tế, chuyển tiền quốc tế.
A4. Chỉ nhánh quản lý phòng giao dịch là chỉ nhánh được giao thực hiện .
một số nội dung quản lý đối với phòng giao dịch trên địa bàn cùng một tỉnh, thành
phố theo quy định nội bộ của ngân hàng thương mại và phù hợp với quy định của
Thông tư này.
5. Văn phòng đại điện là đơn vị phụ thuộc ngân hàng thương mại, có con
dấu, thực hiện chức năng đại diện theo ủy quyền của ngân hàng thương mại. Văn
phòng đại diện không được thực hiện hoạt động kinh doanh.
6. Đơn vị sự nghiệp là đơn vị phụ thuộc ngân hàng thương mại, có con dấu,
thực hiện một hoặc một số hoạt động hỗ trợ hoạt động kinh doanh của ngân hàng
thương mại, bao gồm:
a) Nghiên cứu, ứng dụng công nghệ ngân hàng cho ngân hàng thương mại;
b) Đào tạo và bồi dưỡng nghiệp vụ, kỹ thuật cho cán bộ, nhân viên của
ngân hàng thương mại;
c) Văn phòng liên lạc; nghiên cứu, tìm hiểu thị trường:
d) Lưu trữ cơ sở dữ liệu, thu thập, xử lý thông tin phục vụ hoạt động kinh
doanh của ngân hàng thương mại;
đ) Các hoạt động khác hỗ trợ hoạt động kinh doanh của ngân hàng thương
mại phù hợp với quy định của pháp luật.
7. Ngân hàng con ở nước ngoài của ngân hàng thương mại (sau đây gọi là
ngân hàng con ở nước ngoài) là ngân hàng, mà ngân hàng thương mại hoặc ngân
hàng thương mại và người có liên quan của ngân hàng thương mại sở hữu trên
50% vôn điêu lệ hoặc trên 50% vốn cổ phần có quyền biểu quyết, được thành lập
tại nước ngoài theo quy định pháp luật nước ngoài.
8. Thời điểm đề nghị là ngày, tháng, năm ghi trên văn bản đề nghị thành
lập chi nhánh, phòng giao dịch, văn phòng đại diện, đơn vị sự nghiệp ở trong
nước; chi nhánh, văn phòng đại diện, ngân hàng con ở nước ngoài của ngân hàng
thương mại.
9. Khu vực nội thành thành phố Hà Nội, Thành phó Hô Chí Minh bao gồm
các phường của thành phó Hà Nội, Thành phố Hồ Chí Minh.
10. Khu vực ngoại thành thành phố Hà Nội, Thành phố Hồ Chí Minh bao
gồm các địa bàn còn lại của thành phô Hà Nội, Thành phô Hô Chí Minh không
thuộc phạm vi quy định tại khoản 9 Điều này.
11. Vùng nông thôn là địa giới đơn vị hành chính xã, đặc khu (không bao
gồm đặc khu mà chính quyền địa phương ở đặc khu thực hiện nhiệm vụ, quyền
hạn tương ứng của chính quyên địa phương ở phường).
12. Người đứng đâu là Giám đốc chi nhánh, Giám đốc phòng giao dịch
hoặc chức danh tương đương, người đứng đầu văn phòng đại diện.
13. Thông tin về người đứng đâu bao gồm họ và tên, giới tính, ngày, tháng,
năm sinh, dân tộc, quốc tịch, loại giấy tờ pháp lý của cá nhân, sô giây tờ pháp lý
của cá nhân, ngày sp, nơi cấp, địa chỉ thường trú và địa chỉ liên lạc.
14. Thông tin về tên bao gồm tên đầy đủ bằng tiếng Việt, tên viết bằng tiếng
nước ngoài, tên viết tắt (nếu có).
15. Thông tin về địa chỉ bao gồm địa chỉ, điện thoại, fax, email, website.",,,,,,
Q061,Hương,"Để phối hợp chặt chẽ với các Đối tác (chủ đầu tư bất động sản, showroom ô tô, ...) trong hoạt động cho vay đối với KH mua sản phẩm của Đối tác, Đơn vị mong muốn ký hợp đồng thuê một diện tích mặt bằng nhỏ tại Đối tác, cán bộ của TPBank sẽ đến địa điểm này để tư vấn, giới thiệu sản phẩm cho vay của TPBank, thu thập, xử lý hồ sơ vay vốn cho Khách hàng. Đơn vị muốn hỏi, dự định triển khai như của Đơn vị nêu trên có vướng mắc gì về pháp lý hay không?",True,61/2025/TT-NHNN,3,9,"1. Căn cứ:
- Thông tư 61/2025/TT-NHNN quy định về mạng lưới hoạt động của ngân hàng thương mại;
- Công văn số 276/NHNN- TGSNH về việc chuyển hoặc đặt một hoặc một số bộ phận nghiệp vụ không giao dịch trực tiếp với khách hàng ra ngoài trụ sở TCTD, CNNHNNg.
2. Đánh giá về pháp lý:
- Điều 3 Thông tư 61/2025/TT-NHNN quy định về mạng lưới hoạt động của Ngân hàng thương mại chỉ bao gồm chi nhánh, phòng giao dịch, văn phòng đại diện, đơn vị sự nghiệp ở trong nước; chi nhánh, văn phòng đại diện, ngân hàng 100% vốn ở nước ngoài theo quy định của pháp luật. Theo đó, việc TPBank thuê văn phòng/địa điểm từ Đối tác để đặt làm văn phòng – nơi làm việc của các cán bộ bán hàng ngoài địa điểm các Chi nhánh/Phòng Giao dịch theo PC là không bảo đảm tuân thủ hoàn toàn quy định của pháp luật.
- Theo Công văn số 276/NHNN-TTGSNH của NHNN, TCTD có thể đặt một, một số bộ phận nghiệp vụ không giao dịch trực tiếp với Khách hàng ngoài địa điểm trụ sở của TCTD nhưng phải bảo đảm một số điều kiện về vị trí, an ninh, hệ thống thông tin. Theo đó, TCTD phải thông báo cho NHNN về địa điểm này, đồng thời không được giao dịch hoặc thực hiện bất kỳ hoạt động kinh doanh nào ở đây. QA thấy loại hình địa điểm của bộ phận nghiệp vụ này không đáp ứng được yêu cầu của Đơn vị.
3. Kết luận:  
- Việc TPBank ký kết Hợp đồng thuê địa điểm tại các Đối tác để phục vụ cho các mục đích như Đơn vị đề xuất là không phù hợp và có rủi ro, rủi ro này bao gồm: (i) Rủi ro vi phạm quy định của pháp luật về mạng lưới hoạt động của TPBank; (ii) Rủi ro khoản tiền thuê địa điểm không được hạch toán vào chi phí hợp lý của TPBank.
Với các vấn đề pháp lý nêu trên, QA đề nghị Đơn vị trao đổi với Đối tác để thực hiện hợp tác theo hướng Cán bộ nhân viên của Đơn vị sẽ đến trực tiếp tại Đối tác để chào bán, tư vấn sản phẩm tín dụng của TPBank cho KH, với các KH có nhu cầu sử dụng sản phẩm, hồ sơ KH sẽ được chuyển về CN, PGD gần nhất để xử lý.","Điều 3. Giải thích từ ngữ
Trong Thông tư này, những từ ngữ dưới đây được hiểu như sau:
1. Mạng lưới hoạt động của ngân hàng thương mại bao gồm chỉ nhánh,
phòng giao dịch, văn phòng đại diện, đơn vị sự nghiệp ở trong nước; chi nhánh,
văn phòng đại diện, ngân hàng con ở nước ngoài của ngân hàng thương mại theo
quy định của pháp luật.
2. Chi nhánh là đơn vị phụ thuộc ngân hàng thương mại, hạch toán phụ
thuộc, có con dấu, có nhiệm vụ thực hiện một hoặc một sô chức năng của ngân
hàng thương mại theo phân cấp của ngân hàng thương mại và phù hợp với quy
định của pháp luật.
K5 Phòng giao địch là loại hình chỉ nhánh, được quản. lý bởi một chỉ nhánh
ở trong nước của ngân hàng thương mại, hạch toán báo số, có con dấu, có địa
điểm đặt trụ sở trên địa bàn tỉnh, thành phố trực thuộc Trung ương nơi đặt trụ sở
chi nhánh quản lý. Phòng giao dịch không được thực hiện:
a) Phê duyệt, quyết định cấp tín dụng cho một khách hàng vượt quá hai
(02) tỷ đồng Việt Nam (sau đây gọi tắt là đồng) hoặc ngoại tệ quy đôi tương
đương, trừ trường hợp khoản cấp tín dụng được đảm bảo toàn bộ bằng tiền, thẻ
tiết kiệm, giấy tờ có giá do chính ngân hàng thương mại phát hành, trái phiếu
chính phủ, tín phiếu kho bạc nhà nước;
b) Cung cấp dịch vụ thanh toán quốc tế, chuyển tiền quốc tế.
A4. Chỉ nhánh quản lý phòng giao dịch là chỉ nhánh được giao thực hiện .
một số nội dung quản lý đối với phòng giao dịch trên địa bàn cùng một tỉnh, thành
phố theo quy định nội bộ của ngân hàng thương mại và phù hợp với quy định của
Thông tư này.
5. Văn phòng đại điện là đơn vị phụ thuộc ngân hàng thương mại, có con
dấu, thực hiện chức năng đại diện theo ủy quyền của ngân hàng thương mại. Văn
phòng đại diện không được thực hiện hoạt động kinh doanh.
6. Đơn vị sự nghiệp là đơn vị phụ thuộc ngân hàng thương mại, có con dấu,
thực hiện một hoặc một số hoạt động hỗ trợ hoạt động kinh doanh của ngân hàng
thương mại, bao gồm:
a) Nghiên cứu, ứng dụng công nghệ ngân hàng cho ngân hàng thương mại;
b) Đào tạo và bồi dưỡng nghiệp vụ, kỹ thuật cho cán bộ, nhân viên của
ngân hàng thương mại;
c) Văn phòng liên lạc; nghiên cứu, tìm hiểu thị trường:
d) Lưu trữ cơ sở dữ liệu, thu thập, xử lý thông tin phục vụ hoạt động kinh
doanh của ngân hàng thương mại;
đ) Các hoạt động khác hỗ trợ hoạt động kinh doanh của ngân hàng thương
mại phù hợp với quy định của pháp luật.
7. Ngân hàng con ở nước ngoài của ngân hàng thương mại (sau đây gọi là
ngân hàng con ở nước ngoài) là ngân hàng, mà ngân hàng thương mại hoặc ngân
hàng thương mại và người có liên quan của ngân hàng thương mại sở hữu trên
50% vôn điêu lệ hoặc trên 50% vốn cổ phần có quyền biểu quyết, được thành lập
tại nước ngoài theo quy định pháp luật nước ngoài.
8. Thời điểm đề nghị là ngày, tháng, năm ghi trên văn bản đề nghị thành
lập chi nhánh, phòng giao dịch, văn phòng đại diện, đơn vị sự nghiệp ở trong
nước; chi nhánh, văn phòng đại diện, ngân hàng con ở nước ngoài của ngân hàng
thương mại.
9. Khu vực nội thành thành phố Hà Nội, Thành phó Hô Chí Minh bao gồm
các phường của thành phó Hà Nội, Thành phố Hồ Chí Minh.
10. Khu vực ngoại thành thành phố Hà Nội, Thành phố Hồ Chí Minh bao
gồm các địa bàn còn lại của thành phô Hà Nội, Thành phô Hô Chí Minh không
thuộc phạm vi quy định tại khoản 9 Điều này.
11. Vùng nông thôn là địa giới đơn vị hành chính xã, đặc khu (không bao
gồm đặc khu mà chính quyền địa phương ở đặc khu thực hiện nhiệm vụ, quyền
hạn tương ứng của chính quyên địa phương ở phường).
12. Người đứng đâu là Giám đốc chi nhánh, Giám đốc phòng giao dịch
hoặc chức danh tương đương, người đứng đầu văn phòng đại diện.
13. Thông tin về người đứng đâu bao gồm họ và tên, giới tính, ngày, tháng,
năm sinh, dân tộc, quốc tịch, loại giấy tờ pháp lý của cá nhân, sô giây tờ pháp lý
của cá nhân, ngày sp, nơi cấp, địa chỉ thường trú và địa chỉ liên lạc.
14. Thông tin về tên bao gồm tên đầy đủ bằng tiếng Việt, tên viết bằng tiếng
nước ngoài, tên viết tắt (nếu có).
15. Thông tin về địa chỉ bao gồm địa chỉ, điện thoại, fax, email, website.",,,,,,
Q062,Hương,"Một KH là người nước ngoài cư trú tại Việt Nam muốn gửi tiền tiết kiệm bằng USD tại TCB. Đơn vị muốn hỏi, Đơn vị có thể nhận tiền gửi theo yêu cầu của KH được không? Trường hợp KH này không gửi được, KH có thể ủy quyền cho vợ KH là công dân Việt Nam gửi tiền không?",True,06/2013/UBTVQH13,3,,"1. Căn cứ:
- Pháp lệnh sửa đổi Pháp lệnh ngoại hối năm 2013;
- Thông tư 48/2018/TT-NHNN quy định về tiền gửi tiết kiệm;
- Nghị định 70/2014/NĐ-CP quy định chi tiết thi hành một số điều của Pháp lệnh ngoại hối và Pháp lệnh sửa đổi, bổ sung một số điều của Pháp lệnh ngoại hối.
2. Đánh giá về pháp lý:
- Về việc Đơn vị có thể nhận tiền gửi tiết kiệm ngoại tệ theo yêu cầu của Khách hàng: 
+ Điều 3 Thông tư 48/2018/TT-NHNN thì đối tượng được gửi tiền tiết kiệm là Công dân Việt Nam. Do vậy, trong trường hợp nêu trên, KH là người nước ngoài đang cư trú tại Việt Nam nhưng lại không phải là công dân Việt Nam nên KH không thuộc đối tượng được gửi tiết kiệm tại TCB.
- Về việc Khách hàng ủy quyền cho vợ của Khách hàng là công dân Việt Nam gửi tiền tiết kiệm: 
+ Do Khách hàng không thuộc đối tượng được gửi tiền tiết kiệm ngoại tệ tại Việt Nam hay nói cách khác, về pháp lý KH không có quyền gửi tiết kiệm tại Việt Nam nên KH không thể ủy quyền thực hiện việc này cho người khác. 
3. Kết luận: 
- Trường hợp này, TCB không thể đồng ý nhận tiền gửi tiết kiệm từ Khách hàng theo cơ chế ủy quyền mà KH đề xuất. Theo đó, Đơn vị trao đổi lại với KH về các vướng mắc pháp lý nêu trên để KH tìm kiếm giải pháp khác phù hợp (Ví dụ: KH tặng cho vợ để người vợ đứng tên gửi tiết kiệm số tiền này) hoặc chuyển sang hình thức tiền gửi có kỳ hạn.","Điều 3. Người gửi tiền
1. Công dân Việt Nam từ đủ 18 tuôi trở lên có năng lực hành vi dân sự
đầy đủ theo quy định của pháp luật.
2, Công dân Việt Nam từ đủ 15 tuổi đến chưa đủ 18 tuổi không bị hạn
chế năng lực hành vi dân sự hoặc không mất năng lực hành vi dân sự theo quy
định của pháp luật.
3. Công dân Việt Nam bị hạn chế năng lực hành vi dân sự hoặc mất
năng lực hành vì dân sự theo quy định của pháp luật hoặc chưa đủ 15 tuổi thực
hiện giao dịch. tiền gửi tiết kiệm thông qua người đại diện theo pháp luật; Công
dân Việt Nam có khó khăn trong nhận thức, làm chủ hành vi theo quy định của
pháp luật thực hiện giao dịch tiền gửi tiết kiệm thông qua người giám hộ.",,,,,,
Q063,Hương,"KH gửi tiền tiết kiệm tại Ngân hàng hiện tại bị hôn mê, không còn khả năng nhận thức và ký chứng từ. Vậy, cần những thủ tục, giấy tờ gì để gia đình Khách hàng rút tiền tiết kiệm phù hợp quy định pháp luật?",True,48/2018/TT-NHNN,53,2,"1. Căn cứ: 
- Bộ Luật dân sự 2015; 
- Thông tư 48/2018/TT-NHNN quy định về tiền gửi tiết kiệm. 
2. Đánh giá về pháp lý: 
- Do KH bị hôn mê sâu, không còn khả năng nhận thức cũng như ký chứng từ, tình trạng này Khách hàng có thể được xác định là đã mất năng lực nhận thức cũng như mất khả năng làm chủ bản thân trong các giao dịch dân sự nói chung và trong các giao dịch với ngân hàng nói riêng. Về pháp lý, đối với những trường hợp như vậy, có thể áp dụng chế định Giám hộ theo quy định của Bộ luật Dân sự để tạo điều kiện cho người nhà KH rút sổ tiết kiệm, vì theo quy định của pháp luật thì người giám hộ có quyền đại diện cho người được giám hộ trong việc xác lập, thực hiện các giao dịch dân sự nhằm bảo vệ quyền, lợi ích hợp pháp của người được giám hộ.
- Khoản 2 điều 35 Bộ Luật Tố tụng Dân sự năm 2015 quy định: Một người không thể đương nhiên bị coi là mất năng lực hành vi dân sự nếu không có quyết định của Tòa án, vì vậy, Đơn vị kinh doanh hướng dẫn cho người nhà Khách hàng thực hiện các thủ tục yêu cầu Tòa án nhân dân có thẩm quyền yêu cầu tuyên bố Khách hàng mất năng lực hành vi dân sự. 
- Sau khi người nhà Khách hàng đã có quyết định của Tòa án tuyên bố Khách hàng bị mất năng lực hành vi dân sự, Đơn vị kinh doanh hướng dẫn Khách hàng xác định người giám hộ đương nhiên của Khách hàng theo quy định tại Điều 53 Bộ Luật dân sự 2015, cụ thể:
""Điều 53. Người giám hộ đương nhiên của người mất năng lực hành vi dân sự
Trường hợp không có người giám hộ theo quy định tại khoản 2 Điều 48 của Bộ luật này thì người giám hộ đương nhiên của người mất năng lực hành vi dân sự được xác định như sau:
1. Trường hợp vợ là người mất năng lực hành vi dân sự thì chồng là người giám hộ; nếu chồng là người mất năng lực hành vi dân sự thì vợ là người giám hộ.
2. Trường hợp cha và mẹ đều mất năng lực hành vi dân sự hoặc một người mất năng lực hành vi dân sự, còn người kia không có đủ điều kiện làm người giám hộ thì người con cả là người giám hộ; nếu người con cả không có đủ điều kiện làm người giám hộ thì người con tiếp theo có đủ điều kiện làm người giám hộ là người giám hộ.
3. Trường hợp người thành niên mất năng lực hành vi dân sự chưa có vợ, chồng, con hoặc có mà vợ, chồng, con đều không có đủ điều kiện làm người giám hộ thì cha, mẹ là người giám hộ.""
3. Kết luận:
- Sau khi người nhà Khách hàng đã hoàn tất thủ tục xác định người giám hộ theo quy định nêu trên, Đơn vị kinh doanh hướng dẫn người nhà Khách hàng cung cấp các hồ sơ, tài liệu sau đây để Đơn vị kinh doanh thực hiện chi trả tiền gửi tiết kiệm của Khách hàng cho người giám hộ:
+ Bản sao có chứng thực Quyết định của Tòa án tuyên bố Khách hàng mất năng lực hành vi dân sự; yêu cầu xuất trình bản gốc để đối chiếu.
+ Bản sao có chứng thực Văn bản chứng minh tư cách người giám hộ đương nhiên của khách hàng (ví dụ như Giấy chứng nhận đăng ký kết hôn hoặc Sổ hộ khẩu; Giấy khai sinh..), yêu cầu xuất trình bản gốc để đối chiếu.
+ Bản gốc Sổ tiết kiệm của Khách hàng.
+ Giấy CMND hoặc Hộ chiếu hoặc Thẻ Căn cước công dân còn hiệu lực của người giám hộ đương nhiên.","Điều 53. Người giám hộ đương nhiên của người mất năng lực hành vi
dân sự
Trường hợp không có người giám hộ theo quy định tại khoản 2 Điều 48
của Bộ luật này thì người giám hộ đương nhiên của người mật năng lực hành vi
dân sự được xác định như sau:
1. Trường hợp vợ là người mất năng lực hành vi dân sự thì chồng là người
giám hộ; nếu chồng là người mất năng lực hành vi dân sự thì vợ là người giám hộ;
2. Trường hợp cha và mẹ đều mất năng lực hành vi dân sự hoặc một
người mất năng lực hành vi dân sự, còn người kia không có đủ điều kiện làm
người giám hộ thì người con cả là người giám hộ; nếu người con cả không có đủ
điều kiện làm người giám hộ thì người con tiếp theo có đủ điều kiện làm người
giám hộ là người giám hộ;
AX
3. Trường hợp người thành niên mắt năng lực hành vi dân sự chưa có vợ,
chồng, con hoặc có mà vợ, chồng, con đều không có đủ điều kiện làm người
giám hộ thì cha, mẹ là người giám hộ.",,,,,,
Q067,Thành,"Đơn vị đang tiếp nhận đề nghị mở tài khoản từ trường mầm non, trường mẫu giáo, nhóm trẻ, lớp mẫu giáo độc lập. Vậy các loại hình này có được mở tài khoản thanh toán tổ chức hay không?",False,,,,Không có trong kho văn bản,,,,,,,
Q068,Thành,"Đơn vị đang tiếp nhận đề nghị mở tài khoản thanh toán từ Ban quản trị nhà chung cư có nhiều chủ sở hữu và có từ 20 căn hộ trở lên để quản lý kinh phí hoạt động của Ban quản trị. Hỏi: - Ban quản trị nhà chung cư có nhiều chủ sở hữu và có từ 20 căn hộ trở lên có được mở tài khoản không? - Trường hợp mở tài khoản thanh toán tổ chức, căn cứ vào giấy tờ nào để xác định ai trong Ban quản trị chung cư là đại diện hợp pháp của chủ tài khoản hoạt động?",False,,,,Không có trong kho văn bản,,,,,,,
Q073,Hương,Hiệp hội A – Chi hội B có nhu cầu mở TKTT độc lập không phụ thuộc vào Hiệp hội A. Hỏi Đơn vị kinh doanh có thể mở được cho KH theo đề nghị trên hay không?,False,,,,Không có trong kho văn bản,,,,,,,
Q074,Hương,"Đơn vị kinh doanh đang có trường hợp Khách hàng là Công ty TNHH A có thông tin của đại diện pháp luật trên Đăng ký kinh doanh là Căn cước số 022083xxxxxx. Hiện Người đại diện theo pháp luật của KH đang bị mất Thẻ căn cước, tuy nhiên KH có thể cung Hộ chiếu (còn hiệu lực) trong đó có dẫn chiếu đến số Căn cước khớp với số trên ĐKKD. Hỏi, trường hợp này có thể chấp nhận mở TKTT cho KH không?",False,,,,Không có trong kho văn bản,,,,,,,
Q076,Thành,"Trong quá trình sử dụng tài khoản thanh toán, Khách hàng thay đổi mẫu dấu (chỉ thay đổi về bố cục, không thay đổi nội dung) thì có cần đăng ký với ngân hàng không?",False,,,,Không có trong kho văn bản,,,,,,,
Q078,Hương,Người đại diện theo pháp luật của Khách hàng doanh nghiệp bị tạm giam thì người đó có thể ký các chứng từ giao dịch tài khoản của doanh nghiệp không?,False,,,,Không có trong kho văn bản,,,,,,,
