ID,doc_link,question,answer,text_contains_answer_in_the_doc,author,,,
1,https://congbao.chinhphu.vn/van-ban/thong-tu-so-06-2019-tt-nhnn-29358.htm,"Cách thức chuyển tiền từ nước ngoài vào Việt Nam để thanh toán các chi phí chuẩn bị đầu tư hợp pháp khi chưa được cấp Giấy chứng nhận đăng ký đầu tư hoặc Thông báo đáp ứng điều kiện góp vốn, mua cổ phần, mua lại phần vốn góp được quy định như thế nào?","Nhà đầu tư có thể sử dụng các cách chuyển tiền như sau để thực hiện thanh toán: (i) chuyển tiền từ nước ngoài, hoặc (ii) chuyển tiền từ tài khoản thanh toán bằng ngoại tệ của nhà đầu tư nước ngoài đó mở tại ngân hàng được phép tại Việt Nam, hoặc (iii) chuyển tiền từ tài khoản thanh toán bằng đồng Việt Nam, của nhà đầu tư nước ngoài đó mở tại ngân hàng được phép tại Việt Nam (Điều 8.1 thông tư 06/2019/TT-NHNN)","Điều 8. Chuyển tiền thực hiện hoạt động chuẩn bị đầu tư
1. Trước khi được cơ quan có thẩm quyền cấp Giấy chứng nhận đăng ký đầu
tư, Thông báo về việc đáp ứng điều kiện góp vốn, mua cổ phần, mua lại phần vốn
góp của nhà đầu tư nước ngoài, Giấy phép thành lập và hoạt động theo pháp luật
chuyên ngành, ký kết hợp đồng PPP, nhà đầu tư nước ngoài được phép chuyển tiền
từ nước ngoài hoặc từ tài khoản thanh toán bằng ngoại tệ, đồng Việt Nam của nhà
đầu tư nước ngoài đó mở tại ngân hàng được phép tại Việt Nam để thanh toán các
chi phí hợp pháp trong giai đoạn thực hiện hoạt động chuẩn bị đầu tư tại Việt Nam.
2. Sau khi được cơ quan có thẩm quyền cấp Giấy chứng nhận đăng ký đầu tư,
Thông báo về việc đáp ứng điều kiện góp vốn, mua cổ phần, mua lại phần vốn góp
của nhà đầu tư nước ngoài, Giấy phép thành lập và hoạt động theo pháp luật
chuyên ngành, ký kết hợp đồng PPP, số tiền nhà đầu tư nước ngoài đã chuyển vào
Việt Nam để thực hiện hoạt động chuẩn bị đầu tư được sử dụng để:
a) Chuyển một phần hoặc toàn bộ thành vốn góp;
b) Chuyển một phần hoặc toàn bộ thành vốn vay nước ngoài của doanh nghiệp
có vốn đầu tư trực tiếp nước ngoài. Trường hợp chuyển thành khoản vay nước
CÔNG BÁO/Số 611 + 612/Ngày 03-8-2019 85
ngoài, doanh nghiệp có vốn đầu tư trực tiếp nước ngoài tuân thủ quy định của pháp
luật về vay, trả nợ nước ngoài của doanh nghiệp. Thời hạn của khoản vay nước
ngoài được tính từ ngày dự án được cấp có thẩm quyền cấp Giấy chứng nhận đăng
ký đầu tư, Giấy phép thành lập và hoạt động theo pháp luật chuyên ngành, ký kết
hợp đồng PPP hoặc ngày mà các bên ký thỏa thuận vay nước ngoài (tùy thuộc vào
ngày nào đến sau) đến ngày trả nợ cuối cùng;
c) Chuyển trả cho nhà đầu tư nước ngoài bằng ngoại tệ, đồng Việt Nam số tiền
đã chuyển vào Việt Nam để thực hiện hoạt động chuẩn bị đầu tư sau khi đã trừ đi
các chi phí hợp pháp liên quan đến hoạt động chuẩn bị đầu tư tại Việt Nam.
3. Trường hợp không được cơ quan có thẩm quyền cấp Giấy chứng nhận đăng
ký đầu tư, Thông báo về việc đáp ứng điều kiện góp vốn, mua cổ phần, mua lại
pháp luật chuyên ngành, ký kết hợp đồng PPP hoặc không tiếp tục thực hiện dự án
đầu tư trực tiếp tại Việt Nam, nhà đầu tư nước ngoài được chuyển ra nước ngoài số
tiền còn lại bằng ngoại tệ hoặc được mua ngoại tệ để chuyển ra nước ngoài đối với
số tiền đã chuyển vào Việt Nam và tiền lãi phát sinh (nếu có) sau khi trừ đi các chi
phí hợp pháp liên quan đến hoạt động chuẩn bị đầu tư tại Việt Nam.
4. Các giao dịch quy định tại khoản 1, khoản 2 và khoản 3 Điều này thực hiện
trên cơ sở thỏa thuận giữa các bên liên quan, xuất trình các tài liệu, chứng từ hợp lệ
chứng minh số tiền đã chuyển vào Việt Nam và các chi phí hợp pháp liên quan đến
hoạt động chuẩn bị đầu tư tại Việt Nam, đảm bảo tuân thủ quy định về quản lý
ngoại hối, quy định của pháp luật về đầu tư, pháp luật về kế toán và các quy định
pháp luật có liên quan.",Hương; passage repaired 2026-09-11 from corpus 06/2019/TT-NHNN Điều 8 (verbatim; was annotator summary),,,Questions to test models/rags
2,https://datafiles.chinhphu.vn/cpp/files/vbpq/2014/01/tt-32.pdf,Doanh nghiệp có được mua ngoại tệ để hoàn trả cho chuyên gia nước ngoài trong trường hợp chuyên gia này đã ứng trước tiền chi tiêu bằng đồng Việt Nam cho chuyến công tác tại TP.HCM không,Công ty không thể mua ngoại tệ để thanh toán cho việc hoàn trả tiền ứng trước tiền công tác phí của chuyên gia nước ngoài chi tiêu bằng VND tại TP.HCM,"Điều 4. Các trường hợp được sử dụng ngoại hối trên lãnh thổ Việt Nam
1. Cơ quan hải quan, công an, bộ đội biên phòng và các cơ quan Nhà nước
khác tại các cửa khẩu của Việt Nam và kho ngoại quan được niêm vết bằng ngoại I tệ
và thu bằng ngoại tệ chuyển khoản hoặc tiền mặt từ người không cư trú đôi với các
loại thuế, phí thị thực xuất nhập cảnh, phí cung ứng địch vụ và các loại phí, lệ phí
khác theo quy định của pháp luật.
2. Ngân hàng, tổ chức tín dụng phi ngân hàng, chi nhánh ngân hàng nước
ngoài được phép kinh doanh, cung ứng dịch vụ ngoại hồi (sau đây gọi tắt là tổ
chức tín dụng được phép) được giao dịch, thanh toán, niêm yêt, quảng cáo, báo giá,
định giá, ghi giá trong hợp đồng, thỏa thuận bằng ngoại hối trong phạm vi kính
doanh, cung ứng dịch vụ ngoại hối đã được Ngân hàng Nhà nước Việt Nam cho
phép thực hiện theo quy định của pháp luật.
3. Tổ chức khác được phép cung ứng dịch vụ ngoại hối được giao dịch và
niêm yết băng ngoại tệ trong phạm vi cung ứng dịch vụ ngoại hỗi đã được Ngân
hàng Nhà nước Việt Nam cho phép thực hiện theo quy định của pháp luật.
4. Người cư trú là tổ chức có tư cách pháp nhân được điều chuyển vốn nội
bộ băng ngoại tệ chuyên khoản giữa tài khoản của tô chức đó với tài khoản của
đơn vị phụ thuộc không có tư cách pháp nhân và ngược lại,
5. Người cư trú được góp vốn bằng ngoại tệ chuyên khoản đề thực hiện dự
án đâu tư nước ngoài tại Việt Nam.
6. Người cư trú thực hiện hợp đồng uỷ thác nhập khẩu, xuất khẩu theo quy
định sau:
a) Người cư trú nhận uỷ thác nhập khẩu được ghi giá trong hợp đồng uỷ
thác nhập khẩu bằng ngoại tệ và nhận thanh toán bằng ngoại tệ chuyên khoản đôi
với giá trị hợp đồng nhập khâu từ bên uỷ thác nhập khâu;
b) Người cư trú nhận uỷ thác xuất khẩu được ghi giả trong hợp đồng uỷ thác
xuất khâu bằng ngoại tệ và thanh toán bằng ngoại tệ chuyển khoản đối với giá trị
hợp đồng xuất khâu cho bên uỷ thác xuất khẩu.
7. Người cư trú là nhà thầu trong nước, nhà thầu nước ngoài thực hiện theo
quy định sau:
8) Đối với chị phí ngoài nước liên quan đến việc thực hiện gói thầu thông
qua đấu thầu quốc tế theo quy định tại Luật Đấu thầu: nhà thầu được chào thầu
bằng ngoại tệ và nhận thanh toán bằng ngoại tệ chuyên khoản từ chủ đầu tư, nhà
thầu chính đẻ thanh toán, chỉ trả và chuyển ra nước ngoài.
b) Đối với việc thực hiện gói thầu theo quy định của pháp luật về dầu khí:
nhà thầu được chào thầu bằng ngoại tệ và nhận thanh toán bằng ngoại tỆ chuyển
khoản từ chủ đầu tư, nhà thâu chính để thanh toán, chỉ trả và chuyên ra nước
ngoài.
8. Người cư trú là doanh nghiệp bảo hiểm thực hiện theo quy định sau:
8) Được báo giá, định giá, ghi giá dịch vụ bảo hiểm trong hợp đồng bằng
ngoại tệ và nhận thanh toán bằng ngoại tệ chuyên khoản từ bên mua bảo hiểm đổi
với hàng hoá, dịch vụ phải mua tái bảo hiểm ở nước ngoài;
b) Trường hợp phát sinh tôn thất đối với phần tái bảo hiểm ra nước ngoài,
người cư trú là tô chức mua bảo hiểm được nhận số tiền bồi thường bằng ngoại tệ
chuyên khoản từ công ty tái bảo hiểm nước ngoài thông qua doanh nghiệp bảo
hiểm đề thanh toán các chi phí khắc phục tôn thất ở nước ngoài.
9, Người cư trú là tô chức kinh doanh hàng miễn thuế được niêm yết giá hàng
hoá bằng ngoại tệ và nhận thanh toán bằng ngoại tệ chuyên khoản hoặc tiền. mặt từ
việc cung câp hàng hoá. Ngoại tệ sử dụng trong giao dịch tại cửa hàng miễn thuế
thực hiện theo quy định của pháp luật về kinh doanh bán hàng miễn thuê.
10. Người cư trú là tô chức cung ứng dịch vụ ở khu cách ly tại các cửa khẩu
quốc tế, tổ chức kinh doanh kho ngoại quan được niêm vết, báo giá, định giá, ghi
giá trong hợp đồng bằng ngoại tệ và nhận thanh toán bằng ngoại tệ chuyển khoản
hoặc tiền mặt từ việc cung cấp hàng hoá và dịch vụ. „
11. Người cư trú là tổ chức làm đại lý cho hãng vận tải nước ngoài trên cơ
sở hợp đồng đại lý ký kết giữa hai bên thực hiện theo quy định sau:
a) Được thay mặt cho hãng vận tải nước ngoài báo giá, định giá, ghi giá trong -
hợp đồng bằng ngoại tệ đối với cước phí vận tải hàng hoá quốc tế. Việc thanh toán
phải thực hiện bằng đồng Việt Nam;
b) Được chi hộ bằng ngoại tệ chuyên khoản để thanh toán tiền mua hàng
hoá, dịch vụ tại cảng biển quốc tế, khu cách ly tại sân bay quốc tế;
c) Được chỉ hộ bằng ngoại tệ tiền mặt để trả lương, thưởng, phụ cấp cho
người không cư trú do hãng tàu biên nước ngoài uy quyên.
12. Người cư trú là đoanh nghiệp chế xuất thực hiện theo quy định sau:
a) Được ghi giá trong hợp đồng bằng ngoại tệ và thanh toán bằng ngoại tệ
chuyển khoán khi mua hàng hoá từ thị trường nội địa để sản xuất, gia công, tái chế,
lắp rấp hàng xuất khẩu hoặc để xuất khẩu, trừ hàng hoá thuộc diện cắm xuất khẩu.
Doanh nghiệp trong nước được báo giá, định giá bằng ngoại tệ và nhận thanh toán
bằng ngoại tệ chuyên khoản khi bán hàng hoá cho doanh nghiệp chế xuất;
b) Được báo giá, định giá, ghi giá trong hợp đồng bằng ngoại tệ và thanh
toán, nhận thanh toán bằng ngoại tệ chuyển khoản với doanh nghiệp chế xuất khác.
13. Người cư trú là tổ chức kinh doanh trong lĩnh vực vận chuyển hàng
không, khách sạn, du lịch được niêm yết, quảng cáo giá hàng hoá, dịch vụ bằng
Đồng Việt Nam và ngoại tệ tương đương trên trang tin điện tử, ấn phẩm chuyên
ngành (không bao gồm thực đơn và bảng giá dịch vụ) chỉ sử dụng tiếng nước
ngoài,
14. Người cư trú, người không cư trú là tổ chức được thoả thuận và trả
lương, thưởng, phụ cấp trong hợp đồng lao động bằng ngoại tệ chuyên khoản hoặc
tiền mặt cho người không cư trú và người cư trú là người nước ngoài làm việc cho
chính tổ chức đó.
15. Người không cư trú là cơ quan ngoại giao, cơ quan lãnh sự được niệm
vết bằng ngoại tệ và thu phí thị thực xuất nhập cảnh, các loại phí, lệ phí khác bằng
ngoại tệ chuyền khoản hoặc tiền mặt.
16, Người không cư trú thực hiện theo quy định sau:
a) Được chuyên khoản bằng ngoại tệ cho người không cư trú khác;
b) Được ghi giá trong hợp đồng bằng ngoại tệ và thanh toán tiền xuất khẩu
hàng hoá, dịch vụ bằng ngoại tệ chuyển khoản cho người cư trú. Người cư trú
được báo giá, định giá bằng ngoại tệ và nhận thanh toán bằng ngoại tệ chuyên
khoản khi cung cấp hàng hoá, dịch vụ cho người không cư trú.
| 17. Các trường hợp khác được phép sử dụng ngoại hối trên lãnh thổ Việt
Nam được Thông độc Ngân hàng Nhà nước Việt Nam xem xét, châp thuận căn cứ
vào tình hình thực tế và tính chất cần thiết của từng trường hợp.",Hương; passage repaired 2026-09-11 from corpus 32/2013/TT-NHNN Điều 4 (verbatim; was annotator summary),,,
3,https://congbao.chinhphu.vn/van-ban/thong-tu-so-06-2019-tt-nhnn-29358.htm,Việc thanh toán giá trị chuyển nhượng phần vốn góp giữa hai pháp nhân nước ngoài đối với dòng vốn tại một doanh nghiệp đầu tư trực tiếp nước ngoài tại Việt Nam có bắt buộc phải thực hiện qua tài khoản vốn đầu tư trực tiếp không?,"Theo Điều 10.1.a Thông tư 06/2019/TT-NHNN, việc thanh toán giá trị chuyển nhượng phần vốn góp tại doanh nghiệp có vốn đầu tư trực tiếp nước ngoài giữa các nhà đầu tư là người không cư trú  không thực hiện thông qua tài khoản vốn đầu tư trực tiếp. Do đó, việc thanh toán giá trị chuyển nhượng phần vốn góp giữa Công ty B và Công ty C KHÔNG thực hiện thông qua tài khoản vốn đầu tư trực tiếp.","Điều 10. Chuyển nhượng vốn đầu tư và dự án đầu tư
1. Việc thanh toán giá trị chuyển nhượng cổ phần, phần vốn góp tại doanh
nghiệp có vốn đầu tư trực tiếp nước ngoài quy định tại khoản 2 Điều 3 Thông tư
này được thực hiện như sau:
a) Giữa các nhà đầu tư là người không cư trú hoặc giữa các nhà đầu tư là người
cư trú không thực hiện thông qua tài khoản vốn đầu tư trực tiếp;
b) Giữa nhà đầu tư là người không cư trú và nhà đầu tư là người cư trú phải
thực hiện thông qua tài khoản vốn đầu tư trực tiếp.
2. Việc thanh toán giá trị chuyển nhượng dự án đầu tư giữa các nhà đầu tư
trong hợp đồng BCC, giữa các nhà đầu tư trực tiếp thực hiện dự án PPP được thực
hiện như sau:
a) Giữa các nhà đầu tư là người không cư trú hoặc giữa nhà đầu tư là người
không cư trú và nhà đầu tư là người cư trú trong hợp đồng BCC phải thực hiện
thông qua tài khoản vốn đầu tư trực tiếp;
b) Giữa các nhà đầu tư là người không cư trú hoặc giữa nhà đầu tư là người
không cư trú và nhà đầu tư là người cư trú trực tiếp thực hiện dự án PPP phải thực
hiện thông qua tài khoản vốn đầu tư trực tiếp.
3. Đồng tiền định giá, thanh toán giá trị chuyển nhượng vốn đầu tư, dự án đầu
tư trong hoạt động đầu tư trực tiếp nước ngoài vào Việt Nam:
a) Việc định giá, thanh toán giá trị chuyển nhượng vốn đầu tư, dự án đầu tư
giữa hai người không cư trú được phép thực hiện bằng ngoại tệ;
b) Việc định giá, thanh toán giá trị chuyển nhượng vốn đầu tư, dự án đầu tư
giữa người cư trú và người không cư trú, giữa người cư trú với nhau phải thực hiện
bằng đồng Việt Nam.
CÔNG BÁO/Số 611 + 612/Ngày 03-8-2019 87
TRÁCH NHIỆM CỦA CÁC BÊN LIÊN QUAN
Điều 10 Thông tư này.
5. Thực hiện báo cáo các nội dung liên quan theo yêu cầu của Ngân hàng
Nhà nước.
ĐIỀU KHOẢN THI HÀNH",Hương; passage repaired 2026-09-11 from corpus 06/2019/TT-NHNN Điều 10 (verbatim; was annotator summary),,,
4,https://datafiles.chinhphu.vn/cpp/files/vbpq/2024/7/17-nhnn.pdf,"Con tôi 13t, chưa có cccd có thể độc lập mở tài khoản thanh toán không?","Theo thông tư số 17/2024/TT-NHNN, người từ đủ 15 tuổi trở lên, không bị hạn chế hoặc mất năng lực hành vi dân sự mới được mở tài khoản thanh toán tại ngân hàng, chi nhánh ngân hàng nước ngoài. Do đó, con bạn chưa đủ tuổi mở tài khoản thanh toán.","Điều 11. Đối tượng mở tài khoản thanh toán
1. Cá nhân mở tài khoản thanh toán tại ngân hàng, chỉ nhánh ngân hàng
nước ngoài bao gôm:
a) Người từ đủ 15 tuôi trở lên không bị hạn chế hoặc mắt năng lực hành vi
dân sự theo quy định pháp luật Việt Nam;
b) Người chưa đủ 15 tuổi, người bị hạn chế hoặc mắt năng lực hành vi dân
sự theo quy định của pháp luật Việt Nam mở tài khoản thanh toán thông qua người
đại diện theo pháp luật;
c) Người có khó khăn trong nhận thức, làm chủ hành vi theo quy định của
pháp luật Việt Nam mở tài khoản thanh toán thông qua người giám hộ.
2. Tổ chức được thành lập, hoạt động hợp pháp theo quy định của pháp luật
Việt Nam bao gôm: tô chức là pháp nhân (pháp nhân Việt Nam, pháp nhân nước
ngoài), doanh nghiệp tư nhân, hộ kinh doanh và các tổ chức khác được mở tài
khoản thanh toán tại ngân hàng, chỉ nhánh ngân hàng nước ngoài theo quy định
của pháp luật.",Hương; passage repaired 2026-09-11 from corpus 17/2024/TT-NHNN Điều 11 (verbatim; was annotator summary),,,
5,https://datafiles.chinhphu.vn/cpp/files/vbpq/2023/7/08-nhnn.pdf,"Khoản vay nước ngoài ngắn hạn của doanh nghiệp nhằm mục đích triển khai dự án theo Giấy chứng nhận đăng ký đầu tư có bị tính vào tổng hạn mức, giới hạn vay nước ngoài của doanh nghiệp hay không?","Theo quy định tại Điều 18.1 Thông tư 08/2023/TT-NHNN số dư nợ gốc của các khoản vay trung, dài hạn trong nước và nước ngoài của bên đi vay phục vụ dự án đầu tư tối đa không vượt quá giới hạn vay vốn của dự án đầu tư.
Do đó, dư nợ vay ngắn hạn cho mục đích thực hiện dự án đầu tư theo Giấy chứng nhận đầu tư sẽ KHÔNG tính vào giới hạn vay nước ngoài.","Điều 18. Giới hạn vay nước ngoài
1. Trường hợp vay nước ngoài để thực hiện dự án đầu tư:
I1
a) Số dư nợ gốc của các khoản vay trung, dài hạn trong nước và nước
ngoài của bên đi vay (bao gồm cả các khoản vay ngắn hạn được øla hạn và
ngăn hạn quá hạn thành trung, dài hạn) phục vụ cho dự án đầu tư tối đa không
vượt quá giới hạn vay vốn của dự án đầu tư;
b) Giới hạn vay vốn của dự án đầu tư quy định tại điểm a khoản 1 Điều
này là phần chênh lệch giữa tổng vốn đầu tư của dự án đầu tư và vốn góp của
nhà đầu tư ghi nhận tại Giấy chứng nhận đầu tư, Giấy chứng nhận đăng ký
đầu tư, văn bản chấp thuận chủ trương đầu tư.
2. Trường hợp vay nước ngoài để thực hiện kế hoạch sản xuất, kinh
doanh, dự án khác của bên ổi vay:
Số dư nợ vay trung, dài hạn trong nước và nước ngoài của bên đi vay
(bao gồm cả các khoản vay ngắn hạn được gia hạn và ngăn hạn quá hạn thành
trung, dài hạn) phục vụ cho mục đích này không vượt quá tổng nhu cầu vốn
vay tại Phương án sử dụng vốn vay nước ngoài đã được cấp có thâm quyền
phê duyệt theo quy định của pháp luật.
3. Trường hợp vay nước ngoài để thực hiện cơ cấu lại khoản nợ nước
ngoài của bên đi vay:
8) Số tiền vay nước ngoài phục vụ mục đích cơ cấu lại khoản nợ nước
ngoài tôi đa không vượt quá tổng giá trị dư nợ gốc, số tiền lãi, phí chưa thanh
toán của khoản nợ nước ngoài hiện hữu và phí của khoản vay mới được xác
định tại thời điêm cơ câu;
b) Trường hợp khoản vay nước ngoài mới là khoản vay trung, dài hạn,
trong vòng 05 ngày làm việc kể từ ngày rút vốn khoản vay mới, bên đi vay
phải thực hiện việc trả nợ khoản vay nước ngoài hiện hữu để sau thời gian 05
ngày làm việc nêu trên, bên đi vay đảm bảo các giới hạn vay vốn quy định tại
khoản 1 và khoản 2 Điều này;
4. Các khoản vay ngắn hạn nước ngoài không phải tuân thủ quy định về
giới hạn vay nước ngoài quy định tại khoản I và khoản 2 Điêu này.
5. Tỷ giá để tính toán giới hạn vay nước ngoài:
a) Đối với mục đích vay nước ngoài để thực hiện dự án đầu tư, trường
hợp đồng tiền vay nước ngoài khác với đồng tiền được ghi nhận tại Giấy
chứng nhận đầu tư, Giấy chứng nhận đăng ký đầu tư, văn bản chấp thuận chủ
trương đầu tư, bên đi vay sử dụng tỷ giá hạch toán ngoại tệ theo thông báo
của Bộ Tài chính (Kho bạc Nhà nước) áp dụng tại thời điểm ký các thỏa thuận
vay nước ngoài hoặc thỏa thuận thay đổi liên quan đến giá trị khoản vay để
tính giới hạn vay;
b) Đối với mục đích vay nước ngoải để thực hiện kế hoạch sản xuất,
kinh doanh, dự án khác của bên đi vay, trường hợp nhu câu vốn vay tại
Phương án sử dụng vốn vay nước ngoài được tính toán bằng đồng tiền khác
với đồng tiền vay nước ngoài, bên đi vay sử dụng tỷ giá hạch toán ngoại tỆ
theo thông báo của Bộ Tài chính (Kho bạc Nhà nước) áp dụng tại thời điểm
lập Phương án sử dụng vốn vay nước ngoài để tính giới hạn vay;
c) Đối với mục đích vay nước ngoài để cơ cấu lại khoản nợ nước ngoài
của bên đi vay, trường hợp đồng tiền vay nước ngoài của khoản vay nước
ngoài mới khác với đồng tiền vay nước ngoài của khoản vay nước ngoài hiện
hữu, bên đi vay sử dụng tỷ giá hạch toán ngoại tệ theo thông báo của Bộ Tài
chính (Kho bạc Nhà nước) áp dụng tại thời điểm lập Phương án cơ cấu lại nợ
nước ngoài đề tính giới hạn vay.",Hương; passage repaired 2026-09-11 from corpus 08/2023/TT-NHNN Điều 18 (verbatim; was annotator summary),,,
6,https://datafiles.chinhphu.vn/cpp/files/vbpq/2025/01/luat46.pdf,"Sau khi ký và công chứng Hợp đồng thế chấp QSDĐ, Chi nhánh ngân hàng tôi phát hiện thông tin ngày cấp GCN trong hợp đồng không trùng với GCN gốc. Với sai sót này, Chi nhánh cần làm việc với Văn phòng công chứng theo hướng xử lý nào?","1. Căn cứ: 
- Luật Công chứng 2024.
2. Đánh giá về pháp lý: 
- Theo mô tả của Chi nhánh, QA hiểu rằng trường hợp này sai sót là lỗi kỹ thuật khi ghi nhận thông tin của GCN vào trong Hợp đồng thế chấp. 
- Điều 52 Luật Công chứng 2024 quy định:
""Điều 52. Sửa lỗi kỹ thuật trong văn bản công chứng
1. Lỗi kỹ thuật là lỗi do sai sót trong khi ghi chép, đánh máy, in ấn văn bản công chứng mà việc sửa lỗi đó không làm ảnh hưởng đến quyền và nghĩa vụ của người tham gia giao dịch.
2. Việc sửa lỗi kỹ thuật trong văn bản công chứng được thực hiện tại tổ chức hành nghề công chứng nơi đã thực hiện việc công chứng đó; trường hợp tổ chức hành nghề công chứng đã thực hiện việc công chứng chấm dứt hoạt động, chuyển đổi hoặc giải thể thì công chứng viên của tổ chức hành nghề công chứng đang lưu trữ hồ sơ công chứng thực hiện việc sửa lỗi kỹ thuật.
3. Công chứng viên thực hiện việc sửa lỗi kỹ thuật có trách nhiệm đối chiếu từng lỗi cần sửa với các giấy tờ trong hồ sơ công chứng, gạch chân chỗ cần sửa, sau đó ghi chữ, dấu hoặc con số đã được sửa vào bên lề của trang được sửa lỗi kỹ thuật, ghi thời điểm sửa lỗi kỹ thuật kèm theo họ, tên, chữ ký của mình và đóng dấu của tổ chức hành nghề công chứng; trường hợp khoảng trống bên lề không đủ chỗ để ghi nội dung sửa lỗi kỹ thuật thì có thể ghi vào trang đính kèm có đủ các nội dung nêu trên.
Công chứng viên có trách nhiệm sửa lỗi kỹ thuật đối với tất cả các bản gốc của văn bản công chứng, trừ trường hợp không thể thu hồi được tất cả các bản gốc. Việc sửa lỗi kỹ thuật phải được thông báo bằng văn bản cho những người tham gia giao dịch trong thời hạn 03 ngày làm việc kể từ ngày hoàn thành việc sửa lỗi kỹ thuật.""
3. Kết luận: 
- Đơn vị liên hệ với tổ chức công chứng nơi đã thực hiện công chứng Hợp đồng thế chấp để thực hiện thủ tục sửa lỗi kỹ thuật theo quy định. ","Điều 52. Sửa lỗi kỹ thuật trong văn bản công chứng
1. Lỗi kỹ thuật là lỗi do sai sót trong khi ghi chép, đánh máy, in ấn văn bản
công chứng mà việc sửa lỗi đó không làm ảnh hưởng đến quyền và nghĩa vụ của
người tham gia giao dịch.
CÔNG BÁO/Số 1527 + 1528/Ngày 29-12-2024 61
2. Việc sửa lỗi kỹ thuật trong văn bản công chứng được thực hiện tại tổ chức
hành nghề công chứng nơi đã thực hiện việc công chứng đó; trường hợp tổ chức
hành nghề công chứng đã thực hiện việc công chứng chấm dứt hoạt động, chuyển
đổi hoặc giải thể thì công chứng viên của tổ chức hành nghề công chứng đang lưu
trữ hồ sơ công chứng thực hiện việc sửa lỗi kỹ thuật. Trường hợp tổ chức hành
nghề công chứng tạm ngừng hoạt động thì việc sửa lỗi kỹ thuật trong văn bản công
chứng thực hiện theo quy định tại khoản 4 Điều 32 của Luật này.
3. Công chứng viên thực hiện việc sửa lỗi kỹ thuật có trách nhiệm đối chiếu
từng lỗi cần sửa với các giấy tờ trong hồ sơ công chứng, gạch chân chỗ cần sửa,
sau đó ghi chữ, dấu hoặc con số đã được sửa vào bên lề của trang được sửa lỗi kỹ
thuật, ghi thời điểm sửa lỗi kỹ thuật kèm theo họ, tên, chữ ký của mình và đóng
dấu của tổ chức hành nghề công chứng; trường hợp khoảng trống bên lề không đủ
chỗ để ghi nội dung sửa lỗi kỹ thuật thì có thể ghi vào trang đính kèm có đủ các
nội dung nêu trên.
Công chứng viên có trách nhiệm sửa lỗi kỹ thuật đối với tất cả các bản gốc
của văn bản công chứng, trừ trường hợp không thể thu hồi được tất cả các bản
gốc. Việc sửa lỗi kỹ thuật phải được thông báo bằng văn bản cho những người
tham gia giao dịch trong thời hạn 03 ngày làm việc kể từ ngày hoàn thành việc
sửa lỗi kỹ thuật.
4. Việc sửa lỗi kỹ thuật trong văn bản công chứng điện tử thực hiện theo quy
định của Chính phủ.",Hương; passage repaired 2026-09-11 from corpus 46/2024/QH15 Điều 52 (verbatim; was annotator summary),,,
7,"https://datafiles.chinhphu.vn/cpp/files/vbpq/2015/03/23-nd-.signed.pdf



https://datafiles.chinhphu.vn/cpp/files/vbpq/2019/01/48-nhnn.pdf
","Khách hàng đến ngân hàng VPbank tất toán sổ tiết kiệm đúng hạn nhưng ký không giống chữ ký mẫu đã đăng ký, do quên chữ ký cũ hoặc ký bị run tay vì sức khỏe. Trường hợp này ngân hàng cần xử lý như thế nào cho đúng quy định?","1. Căn cứ: 
- Nghị định 23/2015/NĐ-CP về cấp bản sao từ sổ gốc, chứng thực bản sao từ bản chính, chứng thực chữ ký và chứng thực hợp đồng, giao dịch; 
- Thông tư 48/2018/TT-NHNN quy định về tiền gửi tiết kiệm. 
2. Đánh giá về pháp lý: 
- Điểm c Khoản 1 Điều 18 Thông tư 48/2018/TT-NHNN: Người rút tiền phải “Nộp giấy rút tiền gửi tiết kiệm có chữ ký đúng với chữ ký mẫu đã đăng ký tại tổ chức tín dụng. Đối với người gửi tiền là người không viết được, người không đọc được, người không nhìn được: người gửi tiền thực hiện theo hướng dẫn của tổ chức tín dụng”.
3. Kết luận: 
- Như vậy, về nguyên tắc, chữ ký của Người rút tiền phải đúng với mẫu chữ ký đã đăng ký tại VPBank là một trong những điều kiện pháp lý bắt buộc để chủ sở hữu tiền gửi tiết kiệm rút tiền gửi tiết kiệm.
- VPbank cần giải thích rõ để KH hiểu rằng việc KH phải ký đúng chữ ký mẫu đã đăng ký khi rút tiền là quy định bắt buộc của pháp luật và là để bảo đảm an toàn về tài sản cho chính Khách hàng, tránh các trường hợp rủi ro do gian lận, lừa đảo hoặc nhầm lẫn về chủ thể giao dịch tiền gửi tiết kiệm. 
- Theo đó, VPbank hướng dẫn KH thực hiện thêm các thủ tục để xác minh thông tin KH như sau:
a) Nếu KH không ký được chữ ký đã đăng ký do quên: Khách hàng cần cung cấp bổ sung cho VPBank các căn cứ khác để VPBank xác thực KH (Người đến đề nghị rút tiền) chính là Chủ sở hữu tiền gửi tiết kiệm tại VPBank. Cụ thể: Văn bản chứng thực chữ ký của Khách hàng được cấp bởi UBND cấp xã/phường hoặc Phòng Tư pháp theo quy định về chứng thực chữ ký tại Nghị định số 23/2015/NĐ-CP. Sau khi KH cung cấp được Văn bản chứng thực chữ ký nêu trên, VPbank cho KH đăng ký thay đổi chữ ký mẫu và thực hiện thủ tục thanh toán tiền gốc, lãi của tiền gửi tiết kiệm cho KH theo quy định hiện hành.
b)Nếu KH không ký được giống chữ ký mẫu đã đăng ký do bệnh lý: VPbank hướng dẫn KH hai (02) phương án:
 (i) Cung cấp bổ sung Văn bản chứng thực chữ ký như nêu tại Điểm a ở trên; hoặc 
(ii) KH ủy quyền cho người khác thực hiện giao dịch tiền gửi tiết kiệm, văn bản ủy quyền phải được công chứng/chứng thực theo đúng quy định của pháp luật. 
","Điều 18. Thú tục chỉ trả tiền gửi tiết kiệm tại địa điểm giao dịch của
tô chức tín dụng
1, Tổ chức tín dụng đề nghị người gửi tiền thực hiện các thủ tục sau:
a) Xuất trình Thẻ tiết kiệm;
b) Xuất trình Giấy tờ xác minh thông tin của người gửi tiền, của tất cả
người gửi tiền (đối với tiền gửi tiết kiệm chung). Trường hợp chi trả tiền gửi
tiết kiệm thông qua người đại diện theo pháp luật, người đại diện theo pháp
luật phải xuất trình giấy tờ chứng minh tư cách đại diện của người đại diện
theo pháp luật, Giấy tờ xác minh thông tin của người đại diện theo pháp luật và
Giấy t tờ xác minh thông tin của người gửi tiền;
c) Nộp giấy rút tiền gửi tiết kiệm có chữ ký đúng với chữ ký mẫu đã
đăng ký tại tô chức tín dụng. Đối với người gửi tiền là người không viết được,
người không đọc được, người không nhìn được: người gửi tiền thực hiện theo
hướng dẫn của tô chức tín dụng.
2. Tổ chức tín dụng đối chiếu thông tin của người gửi tiền, thông tin của
người. đại diện theo pháp luật của người gửi tiền trong trường hợp chi trả tiền
gửi tiết kiệm thông qua người đại diện theo pháp luật, thông tin trên Thẻ tiết
kiệm, chữ ký trên giấy rút tiền đảm bảo chính xác với các thông tin lưu tại tô
chức tín dụng.
3. Sau khi tổ chức tín dụng. và người gửi tiền hoàn thành các thủ tục quy
định tại khoản Ị và 2-Điều này, tổ chức tín dụng thực hiện việc chỉ trả đầy đủ
. gốc, lãi tiền gửi tiết kiệm cho người gửi tiền.
4. Tổ chức tín dụng hướng dẫn thủ tục chỉ trả đối với các trường hợp chỉ
trả sau đây phù hợp với quy định của Thông tư này và quy định của pháp luật
_ có liên quan, đảm báo việc chỉ trả tiền gửi tiết kiệm chính xác, an toàn tài sản
cho người gửi tiền và an toàn hoạt động cho tô chức tín dụng:
a) Chỉ trả tiền gửi tiết kiệm theo thừa kế;
b) Chi trả tiền gửi tiết kiệm theo ủy quyền của người gửi tiền.",Hương; passage repaired 2026-09-11 from corpus 48/2018/TT-NHNN Điều 18 (verbatim; was annotator summary),,,
8,https://datafiles.chinhphu.vn/cpp/files/vbpq/2026/3/62-vbhn-vpqh.pdf,"Theo quy định quản lý ngoại hối, có bắt buộc người nước ngoài phải sở hữu đồng thời cả thẻ tạm trú và giấy phép lao động thì mới được phép chuyển các khoản thu nhập hợp pháp tại Việt Nam ra nước ngoài hay không?","Đúng.
(1) Khách hàng phải được phép cư trú tại Việt Nam. Thẻ tạm trú chỉ là một trong các hình thức xác nhận được phép cư trú tại Việt Nam của người nước ngoài.  Để chứng minh người nước ngoài được phép cư trú tại Việt Nam trong thời gian tạo ra thu nhập, khách hàng cần cung cấp được một trong các tài liệu sau (Luật Nhập cảnh, Xuất cảnh, Quá cảnh, Cư trú của người nước ngoài tại Việt Nam (“Luật NXCNN”), Điều 3.11, Điều 3.12. Điều 3.13, Điều 36, Điều 39, Điều 41):
(i) Thị thực nhập cảnh, chứng nhận tạm trú và khai báo tạm trú (Luật NXCNN, Điều 31 và Điều 33).
Chứng nhận tạm trú do đơn vị kiểm soát xuất nhập cảnh cấp cho người nước ngoài nhập cảnh vào Việt Nam bằng hình thức đóng dấu vào hộ chiếu hoặc đống dấu vào thị thực rời (Luật NXCNN, Điều 31.1).
(ii) Thẻ tạm trú (Luật NXCNN, Điều 36, 37 và 38);
(iii) Thẻ thường trú (Luật NXCNN, Điều 39 và Điều 41);

(2) Khách hàng phải có giấy phép lao động, giấy xác nhận không thuộc trường hợp phải xin cấp giấy phép lao động hoặc thông báo trước ít nhất ba ngày làm việc kể từ khi người lao động nước ngoài dự kiến bắt đầu làm việc tại Việt Nam. Các trường hợp cụ thể phải xin từng loại giấy tờ hay phải thực hiện nghĩa vụ thông báo có quy định riêng.

(3) Khách hàng phải đồng thời được cư trú và được cấp giấy phép lao động (hoặc giấy tờ tương đương) trong thời gian tạo ra thu nhập để được phép chuyển ra nước ngoài.","Điều 3. Giải thích từ ngữ
Trong Luật này, những từ ngữ dưới đây được hiều như sau:
1. Người nước ngoài là người mang giấy tờ xác định quốc tịch nước ngoài
và người không quôc tịch nhập cảnh, xuât cảnh, quá cảnh, cư trú tại Việt Nam.
2. Giấy tờ xác định quốc tịch nước ngoài là loại giấy tờ do cơ quan có thâm
quyền của nước ngoài hoặc Liên hợp quôc câp, gồm hộ chiếu hoặc giây tờ có giá
trị thay hộ chiếu (sau đây gọi chung là hộ chiếu).
3. Giấy tờ có giá trị đi lại quốc tế là loại giấy tờ do cơ quan có thầm quyên
của một nước cấp cho người không quốc tịch đang cư trú tại nước đó và được cơ
quan có thâm quyền của Việt Nam chấp thuận.
Luật số 118/2025/QHI15 sửa đổi, bổ sung một số điều của 10 luật có liên quan đến an
ninh, trật tự có căn cứ ban hành như sau:
“Căn cứ Hiến pháp nước Cộng hòa xã hội chủ nghĩa Việt Nam đã được sửa đổi, bô sung
một số điễu theo Nghị quyết số 203/2025⁄QH15,
Quốc hội ban hành Luật sửa đồi, bổ Sung một số điều của Luật Cảnh vệ số 13/201 7/QH14
đã được sửa đổi, bổ sung một số điều theo Luật số 40/2024/OH15, Luật Nhập cảnh, xuất cảnh,
quá cảnh, cư trú của người nước ngoài tại Việt Nam số 47/201 4/QHI3 đã được sửa đổi, bổ
sung một số điều theo Luật số 51/2019/QH14, Luật số 23⁄2023/QHI3 và Luật số
1 03/2025/QHI 3, Luật Xuất cảnh, nhập cảnh của công dân Việt Nam số 49/2019/QH14 đã được
sửa đổi, bồ sung mội số điều theo Luật số 23/2023/QH15, Luật Cư trú số 68/2020/QH14 đã
được sửa đổi, bồ sung một số điều theo Luật số 32⁄2024/QHI5, Luật Căn cước số
26/2023/QH15, Luật Lực lượng tham gia bảo vệ an nỉnh, trật tự ở cơ sở số 30/2023/QH15 đã
được sửa đổi, bồ sung theo Luật số Š 1⁄2024QHI5, Luật Trát tự, an toàn giao thông đường bộ
số 36/2024/QH15, Luật Đường bộ sô 35/2024/QH15 đã được sửa đổi, bồ sung theo Luật số
112/2025/QHI5, Luật Quản lý, sử dụng vũ khí, vật liệu nồ và công cụ hồ trợ số 42/2024/QH'5,
Luật Phòng cháy, chữa cháy và cứu nạn, cứu hộ số 55/2024/QH15 đã được sửa đồi, bồ sung
theo Luật số 135/2025/QH15..
Luật Tương trợ tư pháp về hình sự số 103/2025/QH15 có căn cứ ban hành như sau:
“Căn cứ Hiển pháp nước Cộng hòa xã hội chủ nghĩa Việt Nam đã được sửa đổi, bổ sung
một số điêu theo Nghị quyết số 203/2025/OH15;
Quốc hội ban hành Luật Tương trợ tư pháp về hình sự. ”.
4. Nhập cảnh là việc người nước ngoài vào lãnh thô Việt Nam qua cửa khâu
của Việt Nam.
5. Quá cảnh là việc người nước ngoài đi qua hoặc lưu lại khu vực quá cảnh
tại cửa khâu quôc tê của Việt Nam đê đi nước thứ ba.
6. Xuát cảnh là việc người nước ngoài ra khỏi lãnh thô Việt Nam qua cửa
khâu của Việt Nam.
1. Tạm hoãn xuất cảnh là việc người có thâm quyền của Việt Nam quyết
định tạm dừng xuât cảnh có thời hạn đôi với người nước ngoài đang cư trú tại
Việt Nam.
§. Buộc xuất cảnh là việc người có thâm quyền của Việt Nam quyết định
người nước ngoài phải rời khỏi lãnh thô Việt Nam qua cửa khâu của Việt Nam.
9, C frú là việc người nước ngoài thường trú hoặc tạm trú tại Việt Nam.
10. Cửa kháu là nơi người nước ngoài được phép nhập cảnh, xuât cảnh,
quá cảnh.
11. 7hị thực là loại giấy tờ do cơ quan có thâm quyền của Việt Nam cấp, cho
phép người nước ngoài nhập cảnh Việt Nam.
12. Chứng nhận tạm trú là việc cơ quan có thâm quyền của Việt Nam xác
định thời hạn người nước ngoài được phép tạm trú tại Việt Nam.
13. Thẻ tạm trú là loại giấy tờ do cơ quan quản lý xuất nhập cảnh hoặc cơ
quan có thâm quyên của Bộ Ngoại giao câp cho người nước ngoài được phép cư
trú có thời hạn tại Việt Nam và có giá trị thay thị thực.
14. Thẻ thường trú là loại giấy tờ do cơ quan quản lý xuất nhập cảnh cấp cho
người nước ngoài được phép cư trú không thời hạn tại Việt Nam và có giá trị thay
thị thực.
15. Cơ quan quản lý xuất nhập cảnh là cơ quan chuyên trách thuộc Bộ Công
an làm nhiệm vụ quản lý nhập cảnh, xuât cảnh, quá cảnh, cư trú của người nước
ngoài tại Việt Nam.
16. Đơn vị kiểm soát xuất nhập cảnh là đơn vị chuyên trách làm nhiệm vụ
kiêm soát nhập cảnh, xuât cảnh, quá cảnh của người nước ngoài tại cửa khâu.
17. Cơ quan có thấm quyên cấp thị thực của Việt Nam ở nước ngoài gồm cơ
quan đại diện hoặc cơ quan khác của Việt Nam ở nước ngoài được ủy quyên thực
hiện chức năng lãnh sự.
18. Công thông tin điện tử về xuất nhập cảnh là công thông tin của cơ quan
quản lý xuất nhập cảnh, có chức năng xuất bản thông tin, cung cấp dịch vụ công
ˆ Khoản này được bồ sung theo quy định tại khoản l Điều 1 của Luật số 51/2019/QH14
sửa đổi, bồ sung một số điều của Luật Nhập cảnh, xuất cảnh, quá cảnh, cư trú của người nước
ngoài tại Việt Nam, có hiệu lực kể từ ngày 01 tháng 7 năm 2020.
trực tuyên, hỗ trợ tìm kiếm, liên kết, lưu trữ thông tin và hướng dẫn thủ tục, giải
đáp thắc mắc liên quan đên lĩnh vực quản lý xuât nhập cảnh.
19.3 Trang thông tin cấp thị thực điện tử là trang thông tin thuộc Công thông
tin điện tử về xuất nhập cảnh, có chức năng tiếp nhận, giải quyết, cung cấp thông
tin liên quan đến câp thị thực điện tử.
Điều 3 của Luật số 23/2023/QH15 sửa đồi, bồ sung một số điều của Luật Xuất cảnh, nhập
cảnh của công dân Việt Nam và Luật Nhập cảnh, xuât cảnh, quá cảnh, cư trú của người nước
ngoài tại Việt Nam, có hiệu lực kể từ ngày I5 tháng 8 năm 2023 quy định như sau:
“Điều 3. Điều khoản thi hành
1. Luật này có hiệu lực thi hành từ ngày 15 tháng 8 năm 2023.
2. Giấy tờ xuất nhập cảnh đã cấp cho công dân trước ngày Luật này có hiệu lực thi hành
có giá trị sử dụng đến hết thời hạn ghỉ trong giáy tờ đó.
3. Trường hợp công dán đề nghị cấp giấy tờ xuất nhập cảnh nhưng chưa được cấp khi Luật
này có hiệu lực thỉ hành thì tiếp tục áp dụng quy định của Luật Xuất cảnh, nhập cảnh của công
dân Việt Nam số 49/2019/QH14 để giải quyết.
4. Trường hợp người nước ngoài đã được cấp thị thực điện tử hoặc nhập cảnh theo điện
đơn phương miền thị thực hoặc đề nghị cấp thị thực điện tử nhưng chưa được cấp khi Luật này
có hiệu lực thi hành thì tiếp tục áp dụng quy định của Luật Nhập cảnh, xuất cảnh, quá cảnh, cự
trú của người nước ngoài tại Việt Nam số 47/2014/QH13 đã được sửa đối, bố sung một số điều
theo Luật sô 51/⁄2019/QH14.`.
Khoản 1 Điều 11 của Luật số 1 18/2025/QH15 sửa đổi, bồ sung một số điều của 10 Luật
có liên quan đến an ninh, trật tự, có hiệu lực kề từ ngày 01 tháng 7 năm 2026 quy định như sau:
“Điều II. Điều khoản thi hành
1. Luật này có hiệu lực thi hành từ ngày 01 tháng 7 năm 2026, trừ quy định tại khoản 2
Điễu này. `.",Hương; passage repaired 2026-09-11 from corpus 47/2014/QH13 Điều 3 (verbatim; was annotator summary),,,
9,https://vanban.chinhphu.vn/?pageid=27160&docid=211190&classid=1&typegroupid=3,"Theo Luật Các tổ chức tín dụng 2024, tổ chức tín dụng được định nghĩa như thế nào?","Tổ chức tín dụng là doanh nghiệp thực hiện một, một số hoặc tất cả hoạt động ngân hàng theo quy định của Luật này, bao gồm ngân hàng, tổ chức tín dụng phi ngân hàng, tổ chức tài chính vi mô và quỹ tín dụng nhân dân.","Điều 4. Giải thích từ ngữ
Trong Luật này, các từ ngữ dưới đây được hiểu như sau:
1. Bao thanh toán là hình thức cấp tín dụng thông qua việc mua lại khoản phải
thu của bên bán hoặc ứng trước tiền thanh toán thay cho bên mua theo hợp đồng
mua, bán hàng hóa, cung ứng dịch vụ giữa bên mua và bên bán.
2. Bảo lãnh ngân hàng là hình thức cấp tín dụng cho khách hàng thông qua
việc tổ chức tín dụng, chi nhánh ngân hàng nước ngoài cam kết với bên nhận bảo
lãnh về việc sẽ thực hiện nghĩa vụ tài chính thay cho bên có nghĩa vụ khi bên có
nghĩa vụ không thực hiện hoặc thực hiện không đầy đủ nghĩa vụ đã cam kết; khách
hàng phải nhận nợ bắt buộc và hoàn trả cho tổ chức tín dụng, chi nhánh ngân hàng
nước ngoài theo thỏa thuận.
3. Can thiệp sớm là việc Ngân hàng Nhà nước Việt Nam (sau đây gọi là Ngân
hàng Nhà nước) áp dụng các yêu cầu, biện pháp hạn chế đối với tổ chức tín dụng,
chi nhánh ngân hàng nước ngoài và yêu cầu tổ chức tín dụng, chi nhánh ngân
hàng nước ngoài đó thực hiện phương án khắc phục dưới sự giám sát của Ngân
hàng Nhà nước nhằm khắc phục tình trạng theo quy định tại khoản 1 Điều 156
của Luật này.
4. Cấp tín dụng là việc thỏa thuận để tổ chức, cá nhân sử dụng một khoản tiền
hoặc cam kết cho phép sử dụng một khoản tiền theo nguyên tắc có hoàn trả bằng
nghiệp vụ cho vay, chiết khấu, cho thuê tài chính, bao thanh toán, bảo lãnh ngân
hàng, thư tín dụng và các nghiệp vụ cấp tín dụng khác.
CÔNG BÁO/Số 369 + 370/Ngày 02-3-2024 5
5. Chi nhánh ngân hàng nước ngoài là tổ chức kinh tế không có tư cách
pháp nhân và là đơn vị phụ thuộc của ngân hàng nước ngoài, được ngân hàng
nước ngoài bảo đảm chịu trách nhiệm về mọi nghĩa vụ, cam kết của chi nhánh
tại Việt Nam.
6. Chiết khấu là hình thức cấp tín dụng thông qua việc mua có kỳ hạn hoặc
mua có bảo lưu quyền truy đòi các công cụ chuyển nhượng, giấy tờ có giá khác
của bên thụ hưởng trước khi đến hạn thanh toán.
7. Cho vay là hình thức cấp tín dụng thông qua việc bên cho vay giao hoặc
cam kết giao cho khách hàng một khoản tiền để sử dụng vào mục đích xác định,
trong một thời gian nhất định, theo nguyên tắc có hoàn trả đầy đủ tiền gốc, lãi theo
thỏa thuận cho bên cho vay.
8. Cổ đông lớn là cổ đông của tổ chức tín dụng là công ty cổ phần sở hữu từ 05%
số cổ phần có quyền biểu quyết trở lên của tổ chức tín dụng đó, bao gồm cả số cổ
9. Công ty con của tổ chức tín dụng là công ty thuộc một trong các trường hợp
sau đây:
a) Tổ chức tín dụng hoặc tổ chức tín dụng và người có liên quan của tổ chức
tín dụng sở hữu trên 50% vốn điều lệ hoặc trên 50% số cổ phần có quyền biểu
quyết của công ty đó;
b) Tổ chức tín dụng có quyền bổ nhiệm đa số hoặc tất cả thành viên Hội đồng
quản trị, thành viên Hội đồng thành viên, Tổng giám đốc (Giám đốc) của công ty đó;
c) Tổ chức tín dụng có quyền sửa đổi, bổ sung Điều lệ của công ty đó;
d) Tổ chức tín dụng hoặc tổ chức tín dụng và người có liên quan của tổ chức
tín dụng trực tiếp hoặc gián tiếp kiểm soát việc thông qua nghị quyết, quyết định
của Đại hội đồng cổ đông, Hội đồng quản trị, Hội đồng thành viên của công ty đó.
10. Công ty kiểm soát là công ty sở hữu trực tiếp, gián tiếp trên 20% vốn điều
lệ của một ngân hàng thương mại hoặc là công ty nắm quyền kiểm soát một ngân
hàng thương mại hoặc là ngân hàng thương mại có công ty con, công ty liên kết.
11. Công ty liên kết của tổ chức tín dụng là công ty mà tổ chức tín dụng hoặc
tổ chức tín dụng và người có liên quan của tổ chức tín dụng sở hữu trên 11% vốn
điều lệ hoặc trên 11% số cổ phần có quyền biểu quyết, nhưng không phải là công
ty con của tổ chức tín dụng đó.
6 CÔNG BÁO/Số 369 + 370/Ngày 02-3-2024
12. Công ty tài chính chuyên ngành là loại hình tổ chức tín dụng phi ngân hàng
có hoạt động chính thuộc một trong các lĩnh vực bao thanh toán, tín dụng tiêu
dùng, cho thuê tài chính theo quy định của Luật này.
13. Công ty tài chính tổng hợp là loại hình tổ chức tín dụng phi ngân hàng thực
hiện các hoạt động theo quy định tại Mục 3 Chương V của Luật này.
14. Cung ứng dịch vụ thanh toán qua tài khoản là việc cung ứng phương tiện
thanh toán; thực hiện dịch vụ thanh toán séc, lệnh chi, ủy nhiệm chi, nhờ thu, ủy
nhiệm thu, thẻ ngân hàng, dịch vụ thanh toán khác cho khách hàng thông qua tài
khoản thanh toán của khách hàng.
15. Giấy phép bao gồm Giấy phép thành lập và hoạt động của tổ chức tín
dụng, Giấy phép thành lập chi nhánh ngân hàng nước ngoài, Giấy phép thành lập
văn phòng đại diện nước ngoài do Ngân hàng Nhà nước cấp. Văn bản của Ngân
hàng Nhà nước về sửa đổi, bổ sung Giấy phép là một bộ phận không tách rời của
Giấy phép.
16. Góp vốn, mua cổ phần của tổ chức tín dụng là việc tổ chức tín dụng trực
tiếp hoặc ủy thác cho tổ chức khác góp vốn cấu thành vốn điều lệ; mua cổ phần
của doanh nghiệp, tổ chức tín dụng khác, bao gồm cả việc nhận chuyển nhượng,
mua cổ phần, phần vốn góp của doanh nghiệp, tổ chức tín dụng khác; cấp vốn, góp
vốn vào công ty con, công ty liên kết của tổ chức tín dụng; góp vốn vào quỹ đầu tư.
17. Hoạt động ngân hàng là việc kinh doanh, cung ứng thường xuyên một
hoặc một số nghiệp vụ sau đây:
a) Nhận tiền gửi;
b) Cấp tín dụng;
c) Cung ứng dịch vụ thanh toán qua tài khoản.
18. Khoản đầu tư dưới hình thức góp vốn, mua cổ phần nhằm nắm quyền kiểm
soát doanh nghiệp bao gồm khoản đầu tư chiếm trên 50% vốn điều lệ hoặc vốn cổ
phối quyết định của Đại hội đồng cổ đông hoặc Hội đồng thành viên.
19. Kiểm soát đặc biệt là việc Ngân hàng Nhà nước quyết định đặt tổ chức tín
dụng dưới sự kiểm soát trực tiếp của Ngân hàng Nhà nước.
20. Môi giới tiền tệ là việc làm trung gian có thu phí môi giới để thu xếp thực
hiện hoạt động ngân hàng và hoạt động kinh doanh khác theo quy định của Luật
này giữa các tổ chức tín dụng, chi nhánh ngân hàng nước ngoài.
CÔNG BÁO/Số 369 + 370/Ngày 02-3-2024 7
21. Ngân hàng là tổ chức tín dụng có thể được thực hiện tất cả hoạt động ngân
hàng theo quy định của Luật này. Các loại hình ngân hàng bao gồm ngân hàng
thương mại, ngân hàng chính sách, ngân hàng hợp tác xã.
22. Ngân hàng hợp tác xã là ngân hàng của tất cả quỹ tín dụng nhân dân, do
các quỹ tín dụng nhân dân và một số pháp nhân khác góp vốn thành lập nhằm mục
tiêu chủ yếu là liên kết hệ thống, hỗ trợ tài chính, điều hòa vốn trong hệ thống quỹ
tín dụng nhân dân.
23. Ngân hàng thương mại là loại hình ngân hàng được thực hiện tất cả hoạt
động ngân hàng và hoạt động kinh doanh khác theo quy định của Luật này nhằm
mục tiêu lợi nhuận.
24. Người có liên quan là tổ chức, cá nhân có quan hệ trực tiếp hoặc gián tiếp
với tổ chức, cá nhân khác thuộc một trong các trường hợp sau đây:
a) Công ty mẹ với công ty con và ngược lại; công ty mẹ với công ty con của
công ty con và ngược lại; tổ chức tín dụng với công ty con của tổ chức tín dụng và
ngược lại; tổ chức tín dụng với công ty con của công ty con của tổ chức tín dụng
và ngược lại; các công ty con của cùng một công ty mẹ hoặc của cùng một tổ chức
tín dụng với nhau; các công ty con của công ty con của cùng một công ty mẹ hoặc
của cùng một tổ chức tín dụng với nhau; người quản lý, kiểm soát viên, thành viên
Ban kiểm soát của công ty mẹ hoặc của tổ chức tín dụng, cá nhân hoặc tổ chức có
thẩm quyền bổ nhiệm những người này với công ty con và ngược lại;
b) Công ty hoặc tổ chức tín dụng với người quản lý, kiểm soát viên, thành viên
Ban kiểm soát của công ty hoặc tổ chức tín dụng đó hoặc với công ty, tổ chức có
thẩm quyền bổ nhiệm những người đó và ngược lại;
c) Công ty hoặc tổ chức tín dụng với tổ chức, cá nhân sở hữu từ 05% vốn điều
lệ hoặc vốn cổ phần có quyền biểu quyết trở lên tại công ty hoặc tổ chức tín dụng
đó và ngược lại;
d) Cá nhân với vợ, chồng; cha mẹ đẻ, cha mẹ nuôi, cha dượng, mẹ kế, cha mẹ
vợ, cha mẹ chồng; con đẻ, con nuôi, con riêng của vợ hoặc chồng, con dâu, con rể;
anh, chị, em cùng cha mẹ; anh, chị, em cùng cha khác mẹ; anh, chị, em cùng mẹ
khác cha; anh vợ, chị vợ, em vợ, anh chồng, chị chồng, em chồng, anh rể, em rể,
chị dâu, em dâu của người cùng cha mẹ hoặc cùng cha khác mẹ, cùng mẹ khác cha
(sau đây gọi là vợ, chồng, cha, mẹ, con, anh, chị, em); ông bà nội, ông bà ngoại;
cháu nội, cháu ngoại; bác ruột, cô ruột, dì ruột, chú ruột, cậu ruột và cháu ruột;
8 CÔNG BÁO/Số 369 + 370/Ngày 02-3-2024
đ) Công ty hoặc tổ chức tín dụng với cá nhân có mối quan hệ theo quy định tại
điểm d khoản này với người quản lý, kiểm soát viên, thành viên Ban kiểm soát,
thành viên góp vốn hoặc cổ đông sở hữu từ 05% vốn điều lệ hoặc vốn cổ phần có
quyền biểu quyết trở lên của công ty hoặc tổ chức tín dụng đó và ngược lại;
e) Cá nhân được ủy quyền đại diện phần vốn góp cho tổ chức, cá nhân quy
định tại các điểm a, b, c, d và đ khoản này với tổ chức, cá nhân ủy quyền; các cá
nhân được ủy quyền đại diện phần vốn góp của cùng một tổ chức với nhau;
g) Pháp nhân, cá nhân khác có mối quan hệ tiềm ẩn rủi ro cho hoạt động của tổ
chức tín dụng, chi nhánh ngân hàng nước ngoài được xác định theo quy định nội
bộ của tổ chức tín dụng, chi nhánh ngân hàng nước ngoài hoặc theo yêu cầu bằng
văn bản của Ngân hàng Nhà nước thông qua hoạt động thanh tra, giám sát;
h) Đối với quỹ tín dụng nhân dân, người có liên quan với khách hàng của quỹ
tín dụng nhân dân bao gồm trường hợp quy định tại các điểm b, c, đ và g khoản
này; khách hàng với vợ, chồng, cha, mẹ, con, anh, chị, em của khách hàng đó.
25. Người điều hành tổ chức tín dụng bao gồm Tổng giám đốc (Giám đốc),
Phó Tổng giám đốc (Phó giám đốc), Kế toán trưởng, Giám đốc chi nhánh và các
chức danh tương đương theo quy định tại Điều lệ của tổ chức tín dụng.
26. Người quản lý tổ chức tín dụng bao gồm Chủ tịch, thành viên khác của Hội
đồng quản trị; Chủ tịch, thành viên khác của Hội đồng thành viên; Tổng giám đốc
(Giám đốc) và các chức danh quản lý khác theo quy định tại Điều lệ của tổ chức
tín dụng.
27. Nhận tiền gửi là hoạt động nhận tiền của tổ chức, cá nhân dưới hình thức
tiền gửi không kỳ hạn, tiền gửi có kỳ hạn, tiền gửi tiết kiệm, phát hành chứng chỉ
tiền gửi và hình thức nhận tiền gửi khác theo nguyên tắc có hoàn trả đầy đủ tiền gốc,
lãi theo thỏa thuận cho tổ chức, cá nhân gửi tiền (sau đây gọi là người gửi tiền).
28. Phương án chuyển giao bắt buộc là phương án chủ sở hữu, thành viên góp
vốn, cổ đông của ngân hàng thương mại được kiểm soát đặc biệt phải chuyển giao
toàn bộ cổ phần, phần vốn góp cho bên nhận chuyển giao.
29. Phương án cơ cấu lại tổ chức tín dụng được kiểm soát đặc biệt (sau đây
gọi là phương án cơ cấu lại) là một trong các phương án sau đây:
a) Phương án phục hồi;
b) Phương án sáp nhập, hợp nhất, chuyển nhượng toàn bộ cổ phần, phần vốn góp;
CÔNG BÁO/Số 369 + 370/Ngày 02-3-2024 9
c) Phương án chuyển giao bắt buộc;
d) Phương án giải thể;
đ) Phương án phá sản.
30. Quỹ tín dụng nhân dân là tổ chức tín dụng do pháp nhân, cá nhân, hộ gia
đình tự nguyện thành lập dưới hình thức hợp tác xã để thực hiện một hoặc một số
hoạt động ngân hàng theo quy định của Luật này nhằm mục tiêu chủ yếu là tương
trợ nhau phát triển sản xuất, kinh doanh và đời sống.
31. Rút tiền hàng loạt là việc tổ chức tín dụng bị nhiều người gửi tiền cùng rút
tiền dẫn đến tổ chức tín dụng có nguy cơ mất khả năng chi trả hoặc mất khả năng
chi trả theo quy định của Thống đốc Ngân hàng Nhà nước.
32. Sản phẩm phái sinh là công cụ tài chính được định giá theo biến động dự
kiến về giá trị của một tài sản tài chính gốc như lãi suất, ngoại hối, tiền tệ hoặc tài
sản tài chính khác.
33. Sở hữu gián tiếp là việc tổ chức, cá nhân sở hữu vốn điều lệ của tổ chức tín
dụng thông qua ủy thác đầu tư hoặc thông qua doanh nghiệp mà tổ chức, cá nhân
đó sở hữu trên 50% vốn điều lệ.
34. Tái chiết khấu là việc chiết khấu các công cụ chuyển nhượng, giấy tờ có
giá khác đã được chiết khấu trước khi đến hạn thanh toán.
35. Tài khoản thanh toán là tài khoản tiền gửi không kỳ hạn của khách hàng
mở tại ngân hàng, chi nhánh ngân hàng nước ngoài để sử dụng dịch vụ thanh toán
do ngân hàng, chi nhánh ngân hàng nước ngoài cung ứng.
36. Thư tín dụng là hình thức cấp tín dụng thông qua nghiệp vụ phát hành, xác
nhận, thương lượng thanh toán, hoàn trả thư tín dụng.
37. Tổ chức tài chính vi mô là tổ chức tín dụng chủ yếu thực hiện một hoặc
một số hoạt động ngân hàng, nhằm đáp ứng nhu cầu của cá nhân, hộ gia đình có
thu nhập thấp và doanh nghiệp siêu nhỏ.
38. Tổ chức tín dụng là tổ chức kinh tế có tư cách pháp nhân thực hiện một,
một số hoặc tất cả hoạt động ngân hàng theo quy định của Luật này. Tổ chức tín
dụng bao gồm ngân hàng, tổ chức tín dụng phi ngân hàng, tổ chức tài chính vi mô
và quỹ tín dụng nhân dân.
10 CÔNG BÁO/Số 369 + 370/Ngày 02-3-2024
39. Tổ chức tín dụng hỗ trợ là tổ chức tín dụng tham gia quản trị, điều hành,
kiểm soát, hỗ trợ tổ chức, hoạt động và tài chính cho tổ chức tín dụng được kiểm
soát đặc biệt.
40. Tổ chức tín dụng nước ngoài là tổ chức tín dụng được thành lập ở nước
ngoài theo quy định của pháp luật nước ngoài.
Tổ chức tín dụng nước ngoài được hiện diện thương mại tại Việt Nam dưới
hình thức ngân hàng liên doanh, ngân hàng 100% vốn nước ngoài, chi nhánh ngân
hàng nước ngoài, công ty tài chính liên doanh, công ty tài chính 100% vốn nước
ngoài, công ty cho thuê tài chính liên doanh, công ty cho thuê tài chính 100% vốn
nước ngoài, văn phòng đại diện nước ngoài.
Ngân hàng liên doanh, ngân hàng 100% vốn nước ngoài là loại hình ngân hàng
thương mại; công ty tài chính liên doanh, công ty tài chính 100% vốn nước ngoài,
công ty cho thuê tài chính liên doanh, công ty cho thuê tài chính 100% vốn nước
ngoài là loại hình công ty tài chính tổng hợp, công ty tài chính chuyên ngành theo
quy định của Luật này.
41. Tổ chức tín dụng phi ngân hàng là tổ chức tín dụng được thực hiện một
hoặc một số hoạt động ngân hàng theo quy định của Luật này, trừ hoạt động nhận
tiền gửi của cá nhân và cung ứng dịch vụ thanh toán qua tài khoản của khách hàng.
Các loại hình tổ chức tín dụng phi ngân hàng bao gồm công ty tài chính tổng hợp
và công ty tài chính chuyên ngành.
42. Vốn điều lệ là tổng số tiền do chủ sở hữu, thành viên góp vốn của tổ chức
tín dụng là công ty trách nhiệm hữu hạn đã góp; là tổng mệnh giá cổ phần của tổ
chức tín dụng là công ty cổ phần đã bán cho cổ đông; là tổng số tiền do thành viên
của tổ chức tín dụng là hợp tác xã đã góp, vốn đã hỗ trợ của Nhà nước cho ngân
hàng hợp tác xã.
43. Vốn được cấp của chi nhánh ngân hàng nước ngoài là số tiền do ngân hàng
nước ngoài đã cấp cho chi nhánh ngân hàng nước ngoài.
44. Vốn pháp định là mức vốn tối thiểu phải có theo quy định của pháp luật để
thành lập tổ chức tín dụng, chi nhánh ngân hàng nước ngoài.
45. Vốn tự có gồm giá trị thực của vốn điều lệ của tổ chức tín dụng hoặc vốn
được cấp của chi nhánh ngân hàng nước ngoài, cộng một số quỹ dự trữ, cộng một
số tài sản nợ khác, trừ các khoản phải giảm trừ. Việc xác định vốn tự có thực hiện
theo quy định của Thống đốc Ngân hàng Nhà nước.
CÔNG BÁO/Số 369 + 370/Ngày 02-3-2024 11",Thành; passage repaired 2026-09-11 from corpus 32/2024/QH15 Điều 4 (verbatim; was annotator summary),,,
10,https://vanban.chinhphu.vn/?pageid=27160&docid=211190&classid=1&typegroupid=3,Hoạt động ngân hàng theo Luật TCTD 2024 bao gồm những hoạt động nào?,"Hoạt động ngân hàng là việc kinh doanh, cung ứng thường xuyên một hoặc một số nghiệp vụ: nhận tiền gửi, cấp tín dụng, cung ứng dịch vụ thanh toán qua tài khoản.","Điều 4. Giải thích từ ngữ
Trong Luật này, các từ ngữ dưới đây được hiểu như sau:
1. Bao thanh toán là hình thức cấp tín dụng thông qua việc mua lại khoản phải
thu của bên bán hoặc ứng trước tiền thanh toán thay cho bên mua theo hợp đồng
mua, bán hàng hóa, cung ứng dịch vụ giữa bên mua và bên bán.
2. Bảo lãnh ngân hàng là hình thức cấp tín dụng cho khách hàng thông qua
việc tổ chức tín dụng, chi nhánh ngân hàng nước ngoài cam kết với bên nhận bảo
lãnh về việc sẽ thực hiện nghĩa vụ tài chính thay cho bên có nghĩa vụ khi bên có
nghĩa vụ không thực hiện hoặc thực hiện không đầy đủ nghĩa vụ đã cam kết; khách
hàng phải nhận nợ bắt buộc và hoàn trả cho tổ chức tín dụng, chi nhánh ngân hàng
nước ngoài theo thỏa thuận.
3. Can thiệp sớm là việc Ngân hàng Nhà nước Việt Nam (sau đây gọi là Ngân
hàng Nhà nước) áp dụng các yêu cầu, biện pháp hạn chế đối với tổ chức tín dụng,
chi nhánh ngân hàng nước ngoài và yêu cầu tổ chức tín dụng, chi nhánh ngân
hàng nước ngoài đó thực hiện phương án khắc phục dưới sự giám sát của Ngân
hàng Nhà nước nhằm khắc phục tình trạng theo quy định tại khoản 1 Điều 156
của Luật này.
4. Cấp tín dụng là việc thỏa thuận để tổ chức, cá nhân sử dụng một khoản tiền
hoặc cam kết cho phép sử dụng một khoản tiền theo nguyên tắc có hoàn trả bằng
nghiệp vụ cho vay, chiết khấu, cho thuê tài chính, bao thanh toán, bảo lãnh ngân
hàng, thư tín dụng và các nghiệp vụ cấp tín dụng khác.
CÔNG BÁO/Số 369 + 370/Ngày 02-3-2024 5
5. Chi nhánh ngân hàng nước ngoài là tổ chức kinh tế không có tư cách
pháp nhân và là đơn vị phụ thuộc của ngân hàng nước ngoài, được ngân hàng
nước ngoài bảo đảm chịu trách nhiệm về mọi nghĩa vụ, cam kết của chi nhánh
tại Việt Nam.
6. Chiết khấu là hình thức cấp tín dụng thông qua việc mua có kỳ hạn hoặc
mua có bảo lưu quyền truy đòi các công cụ chuyển nhượng, giấy tờ có giá khác
của bên thụ hưởng trước khi đến hạn thanh toán.
7. Cho vay là hình thức cấp tín dụng thông qua việc bên cho vay giao hoặc
cam kết giao cho khách hàng một khoản tiền để sử dụng vào mục đích xác định,
trong một thời gian nhất định, theo nguyên tắc có hoàn trả đầy đủ tiền gốc, lãi theo
thỏa thuận cho bên cho vay.
8. Cổ đông lớn là cổ đông của tổ chức tín dụng là công ty cổ phần sở hữu từ 05%
số cổ phần có quyền biểu quyết trở lên của tổ chức tín dụng đó, bao gồm cả số cổ
9. Công ty con của tổ chức tín dụng là công ty thuộc một trong các trường hợp
sau đây:
a) Tổ chức tín dụng hoặc tổ chức tín dụng và người có liên quan của tổ chức
tín dụng sở hữu trên 50% vốn điều lệ hoặc trên 50% số cổ phần có quyền biểu
quyết của công ty đó;
b) Tổ chức tín dụng có quyền bổ nhiệm đa số hoặc tất cả thành viên Hội đồng
quản trị, thành viên Hội đồng thành viên, Tổng giám đốc (Giám đốc) của công ty đó;
c) Tổ chức tín dụng có quyền sửa đổi, bổ sung Điều lệ của công ty đó;
d) Tổ chức tín dụng hoặc tổ chức tín dụng và người có liên quan của tổ chức
tín dụng trực tiếp hoặc gián tiếp kiểm soát việc thông qua nghị quyết, quyết định
của Đại hội đồng cổ đông, Hội đồng quản trị, Hội đồng thành viên của công ty đó.
10. Công ty kiểm soát là công ty sở hữu trực tiếp, gián tiếp trên 20% vốn điều
lệ của một ngân hàng thương mại hoặc là công ty nắm quyền kiểm soát một ngân
hàng thương mại hoặc là ngân hàng thương mại có công ty con, công ty liên kết.
11. Công ty liên kết của tổ chức tín dụng là công ty mà tổ chức tín dụng hoặc
tổ chức tín dụng và người có liên quan của tổ chức tín dụng sở hữu trên 11% vốn
điều lệ hoặc trên 11% số cổ phần có quyền biểu quyết, nhưng không phải là công
ty con của tổ chức tín dụng đó.
6 CÔNG BÁO/Số 369 + 370/Ngày 02-3-2024
12. Công ty tài chính chuyên ngành là loại hình tổ chức tín dụng phi ngân hàng
có hoạt động chính thuộc một trong các lĩnh vực bao thanh toán, tín dụng tiêu
dùng, cho thuê tài chính theo quy định của Luật này.
13. Công ty tài chính tổng hợp là loại hình tổ chức tín dụng phi ngân hàng thực
hiện các hoạt động theo quy định tại Mục 3 Chương V của Luật này.
14. Cung ứng dịch vụ thanh toán qua tài khoản là việc cung ứng phương tiện
thanh toán; thực hiện dịch vụ thanh toán séc, lệnh chi, ủy nhiệm chi, nhờ thu, ủy
nhiệm thu, thẻ ngân hàng, dịch vụ thanh toán khác cho khách hàng thông qua tài
khoản thanh toán của khách hàng.
15. Giấy phép bao gồm Giấy phép thành lập và hoạt động của tổ chức tín
dụng, Giấy phép thành lập chi nhánh ngân hàng nước ngoài, Giấy phép thành lập
văn phòng đại diện nước ngoài do Ngân hàng Nhà nước cấp. Văn bản của Ngân
hàng Nhà nước về sửa đổi, bổ sung Giấy phép là một bộ phận không tách rời của
Giấy phép.
16. Góp vốn, mua cổ phần của tổ chức tín dụng là việc tổ chức tín dụng trực
tiếp hoặc ủy thác cho tổ chức khác góp vốn cấu thành vốn điều lệ; mua cổ phần
của doanh nghiệp, tổ chức tín dụng khác, bao gồm cả việc nhận chuyển nhượng,
mua cổ phần, phần vốn góp của doanh nghiệp, tổ chức tín dụng khác; cấp vốn, góp
vốn vào công ty con, công ty liên kết của tổ chức tín dụng; góp vốn vào quỹ đầu tư.
17. Hoạt động ngân hàng là việc kinh doanh, cung ứng thường xuyên một
hoặc một số nghiệp vụ sau đây:
a) Nhận tiền gửi;
b) Cấp tín dụng;
c) Cung ứng dịch vụ thanh toán qua tài khoản.
18. Khoản đầu tư dưới hình thức góp vốn, mua cổ phần nhằm nắm quyền kiểm
soát doanh nghiệp bao gồm khoản đầu tư chiếm trên 50% vốn điều lệ hoặc vốn cổ
phối quyết định của Đại hội đồng cổ đông hoặc Hội đồng thành viên.
19. Kiểm soát đặc biệt là việc Ngân hàng Nhà nước quyết định đặt tổ chức tín
dụng dưới sự kiểm soát trực tiếp của Ngân hàng Nhà nước.
20. Môi giới tiền tệ là việc làm trung gian có thu phí môi giới để thu xếp thực
hiện hoạt động ngân hàng và hoạt động kinh doanh khác theo quy định của Luật
này giữa các tổ chức tín dụng, chi nhánh ngân hàng nước ngoài.
CÔNG BÁO/Số 369 + 370/Ngày 02-3-2024 7
21. Ngân hàng là tổ chức tín dụng có thể được thực hiện tất cả hoạt động ngân
hàng theo quy định của Luật này. Các loại hình ngân hàng bao gồm ngân hàng
thương mại, ngân hàng chính sách, ngân hàng hợp tác xã.
22. Ngân hàng hợp tác xã là ngân hàng của tất cả quỹ tín dụng nhân dân, do
các quỹ tín dụng nhân dân và một số pháp nhân khác góp vốn thành lập nhằm mục
tiêu chủ yếu là liên kết hệ thống, hỗ trợ tài chính, điều hòa vốn trong hệ thống quỹ
tín dụng nhân dân.
23. Ngân hàng thương mại là loại hình ngân hàng được thực hiện tất cả hoạt
động ngân hàng và hoạt động kinh doanh khác theo quy định của Luật này nhằm
mục tiêu lợi nhuận.
24. Người có liên quan là tổ chức, cá nhân có quan hệ trực tiếp hoặc gián tiếp
với tổ chức, cá nhân khác thuộc một trong các trường hợp sau đây:
a) Công ty mẹ với công ty con và ngược lại; công ty mẹ với công ty con của
công ty con và ngược lại; tổ chức tín dụng với công ty con của tổ chức tín dụng và
ngược lại; tổ chức tín dụng với công ty con của công ty con của tổ chức tín dụng
và ngược lại; các công ty con của cùng một công ty mẹ hoặc của cùng một tổ chức
tín dụng với nhau; các công ty con của công ty con của cùng một công ty mẹ hoặc
của cùng một tổ chức tín dụng với nhau; người quản lý, kiểm soát viên, thành viên
Ban kiểm soát của công ty mẹ hoặc của tổ chức tín dụng, cá nhân hoặc tổ chức có
thẩm quyền bổ nhiệm những người này với công ty con và ngược lại;
b) Công ty hoặc tổ chức tín dụng với người quản lý, kiểm soát viên, thành viên
Ban kiểm soát của công ty hoặc tổ chức tín dụng đó hoặc với công ty, tổ chức có
thẩm quyền bổ nhiệm những người đó và ngược lại;
c) Công ty hoặc tổ chức tín dụng với tổ chức, cá nhân sở hữu từ 05% vốn điều
lệ hoặc vốn cổ phần có quyền biểu quyết trở lên tại công ty hoặc tổ chức tín dụng
đó và ngược lại;
d) Cá nhân với vợ, chồng; cha mẹ đẻ, cha mẹ nuôi, cha dượng, mẹ kế, cha mẹ
vợ, cha mẹ chồng; con đẻ, con nuôi, con riêng của vợ hoặc chồng, con dâu, con rể;
anh, chị, em cùng cha mẹ; anh, chị, em cùng cha khác mẹ; anh, chị, em cùng mẹ
khác cha; anh vợ, chị vợ, em vợ, anh chồng, chị chồng, em chồng, anh rể, em rể,
chị dâu, em dâu của người cùng cha mẹ hoặc cùng cha khác mẹ, cùng mẹ khác cha
(sau đây gọi là vợ, chồng, cha, mẹ, con, anh, chị, em); ông bà nội, ông bà ngoại;
cháu nội, cháu ngoại; bác ruột, cô ruột, dì ruột, chú ruột, cậu ruột và cháu ruột;
8 CÔNG BÁO/Số 369 + 370/Ngày 02-3-2024
đ) Công ty hoặc tổ chức tín dụng với cá nhân có mối quan hệ theo quy định tại
điểm d khoản này với người quản lý, kiểm soát viên, thành viên Ban kiểm soát,
thành viên góp vốn hoặc cổ đông sở hữu từ 05% vốn điều lệ hoặc vốn cổ phần có
quyền biểu quyết trở lên của công ty hoặc tổ chức tín dụng đó và ngược lại;
e) Cá nhân được ủy quyền đại diện phần vốn góp cho tổ chức, cá nhân quy
định tại các điểm a, b, c, d và đ khoản này với tổ chức, cá nhân ủy quyền; các cá
nhân được ủy quyền đại diện phần vốn góp của cùng một tổ chức với nhau;
g) Pháp nhân, cá nhân khác có mối quan hệ tiềm ẩn rủi ro cho hoạt động của tổ
chức tín dụng, chi nhánh ngân hàng nước ngoài được xác định theo quy định nội
bộ của tổ chức tín dụng, chi nhánh ngân hàng nước ngoài hoặc theo yêu cầu bằng
văn bản của Ngân hàng Nhà nước thông qua hoạt động thanh tra, giám sát;
h) Đối với quỹ tín dụng nhân dân, người có liên quan với khách hàng của quỹ
tín dụng nhân dân bao gồm trường hợp quy định tại các điểm b, c, đ và g khoản
này; khách hàng với vợ, chồng, cha, mẹ, con, anh, chị, em của khách hàng đó.
25. Người điều hành tổ chức tín dụng bao gồm Tổng giám đốc (Giám đốc),
Phó Tổng giám đốc (Phó giám đốc), Kế toán trưởng, Giám đốc chi nhánh và các
chức danh tương đương theo quy định tại Điều lệ của tổ chức tín dụng.
26. Người quản lý tổ chức tín dụng bao gồm Chủ tịch, thành viên khác của Hội
đồng quản trị; Chủ tịch, thành viên khác của Hội đồng thành viên; Tổng giám đốc
(Giám đốc) và các chức danh quản lý khác theo quy định tại Điều lệ của tổ chức
tín dụng.
27. Nhận tiền gửi là hoạt động nhận tiền của tổ chức, cá nhân dưới hình thức
tiền gửi không kỳ hạn, tiền gửi có kỳ hạn, tiền gửi tiết kiệm, phát hành chứng chỉ
tiền gửi và hình thức nhận tiền gửi khác theo nguyên tắc có hoàn trả đầy đủ tiền gốc,
lãi theo thỏa thuận cho tổ chức, cá nhân gửi tiền (sau đây gọi là người gửi tiền).
28. Phương án chuyển giao bắt buộc là phương án chủ sở hữu, thành viên góp
vốn, cổ đông của ngân hàng thương mại được kiểm soát đặc biệt phải chuyển giao
toàn bộ cổ phần, phần vốn góp cho bên nhận chuyển giao.
29. Phương án cơ cấu lại tổ chức tín dụng được kiểm soát đặc biệt (sau đây
gọi là phương án cơ cấu lại) là một trong các phương án sau đây:
a) Phương án phục hồi;
b) Phương án sáp nhập, hợp nhất, chuyển nhượng toàn bộ cổ phần, phần vốn góp;
CÔNG BÁO/Số 369 + 370/Ngày 02-3-2024 9
c) Phương án chuyển giao bắt buộc;
d) Phương án giải thể;
đ) Phương án phá sản.
30. Quỹ tín dụng nhân dân là tổ chức tín dụng do pháp nhân, cá nhân, hộ gia
đình tự nguyện thành lập dưới hình thức hợp tác xã để thực hiện một hoặc một số
hoạt động ngân hàng theo quy định của Luật này nhằm mục tiêu chủ yếu là tương
trợ nhau phát triển sản xuất, kinh doanh và đời sống.
31. Rút tiền hàng loạt là việc tổ chức tín dụng bị nhiều người gửi tiền cùng rút
tiền dẫn đến tổ chức tín dụng có nguy cơ mất khả năng chi trả hoặc mất khả năng
chi trả theo quy định của Thống đốc Ngân hàng Nhà nước.
32. Sản phẩm phái sinh là công cụ tài chính được định giá theo biến động dự
kiến về giá trị của một tài sản tài chính gốc như lãi suất, ngoại hối, tiền tệ hoặc tài
sản tài chính khác.
33. Sở hữu gián tiếp là việc tổ chức, cá nhân sở hữu vốn điều lệ của tổ chức tín
dụng thông qua ủy thác đầu tư hoặc thông qua doanh nghiệp mà tổ chức, cá nhân
đó sở hữu trên 50% vốn điều lệ.
34. Tái chiết khấu là việc chiết khấu các công cụ chuyển nhượng, giấy tờ có
giá khác đã được chiết khấu trước khi đến hạn thanh toán.
35. Tài khoản thanh toán là tài khoản tiền gửi không kỳ hạn của khách hàng
mở tại ngân hàng, chi nhánh ngân hàng nước ngoài để sử dụng dịch vụ thanh toán
do ngân hàng, chi nhánh ngân hàng nước ngoài cung ứng.
36. Thư tín dụng là hình thức cấp tín dụng thông qua nghiệp vụ phát hành, xác
nhận, thương lượng thanh toán, hoàn trả thư tín dụng.
37. Tổ chức tài chính vi mô là tổ chức tín dụng chủ yếu thực hiện một hoặc
một số hoạt động ngân hàng, nhằm đáp ứng nhu cầu của cá nhân, hộ gia đình có
thu nhập thấp và doanh nghiệp siêu nhỏ.
38. Tổ chức tín dụng là tổ chức kinh tế có tư cách pháp nhân thực hiện một,
một số hoặc tất cả hoạt động ngân hàng theo quy định của Luật này. Tổ chức tín
dụng bao gồm ngân hàng, tổ chức tín dụng phi ngân hàng, tổ chức tài chính vi mô
và quỹ tín dụng nhân dân.
10 CÔNG BÁO/Số 369 + 370/Ngày 02-3-2024
39. Tổ chức tín dụng hỗ trợ là tổ chức tín dụng tham gia quản trị, điều hành,
kiểm soát, hỗ trợ tổ chức, hoạt động và tài chính cho tổ chức tín dụng được kiểm
soát đặc biệt.
40. Tổ chức tín dụng nước ngoài là tổ chức tín dụng được thành lập ở nước
ngoài theo quy định của pháp luật nước ngoài.
Tổ chức tín dụng nước ngoài được hiện diện thương mại tại Việt Nam dưới
hình thức ngân hàng liên doanh, ngân hàng 100% vốn nước ngoài, chi nhánh ngân
hàng nước ngoài, công ty tài chính liên doanh, công ty tài chính 100% vốn nước
ngoài, công ty cho thuê tài chính liên doanh, công ty cho thuê tài chính 100% vốn
nước ngoài, văn phòng đại diện nước ngoài.
Ngân hàng liên doanh, ngân hàng 100% vốn nước ngoài là loại hình ngân hàng
thương mại; công ty tài chính liên doanh, công ty tài chính 100% vốn nước ngoài,
công ty cho thuê tài chính liên doanh, công ty cho thuê tài chính 100% vốn nước
ngoài là loại hình công ty tài chính tổng hợp, công ty tài chính chuyên ngành theo
quy định của Luật này.
41. Tổ chức tín dụng phi ngân hàng là tổ chức tín dụng được thực hiện một
hoặc một số hoạt động ngân hàng theo quy định của Luật này, trừ hoạt động nhận
tiền gửi của cá nhân và cung ứng dịch vụ thanh toán qua tài khoản của khách hàng.
Các loại hình tổ chức tín dụng phi ngân hàng bao gồm công ty tài chính tổng hợp
và công ty tài chính chuyên ngành.
42. Vốn điều lệ là tổng số tiền do chủ sở hữu, thành viên góp vốn của tổ chức
tín dụng là công ty trách nhiệm hữu hạn đã góp; là tổng mệnh giá cổ phần của tổ
chức tín dụng là công ty cổ phần đã bán cho cổ đông; là tổng số tiền do thành viên
của tổ chức tín dụng là hợp tác xã đã góp, vốn đã hỗ trợ của Nhà nước cho ngân
hàng hợp tác xã.
43. Vốn được cấp của chi nhánh ngân hàng nước ngoài là số tiền do ngân hàng
nước ngoài đã cấp cho chi nhánh ngân hàng nước ngoài.
44. Vốn pháp định là mức vốn tối thiểu phải có theo quy định của pháp luật để
thành lập tổ chức tín dụng, chi nhánh ngân hàng nước ngoài.
45. Vốn tự có gồm giá trị thực của vốn điều lệ của tổ chức tín dụng hoặc vốn
được cấp của chi nhánh ngân hàng nước ngoài, cộng một số quỹ dự trữ, cộng một
số tài sản nợ khác, trừ các khoản phải giảm trừ. Việc xác định vốn tự có thực hiện
theo quy định của Thống đốc Ngân hàng Nhà nước.
CÔNG BÁO/Số 369 + 370/Ngày 02-3-2024 11",Thành; passage repaired 2026-09-11 from corpus 32/2024/QH15 Điều 4 (verbatim; was annotator summary),,,
11,https://vanban.chinhphu.vn/?pageid=27160&docid=211190&classid=1&typegroupid=3,Vốn pháp định tối thiểu của ngân hàng thương mại theo Luật TCTD 2024 là bao nhiêu?,Vốn pháp định tối thiểu để thành lập ngân hàng thương mại là 3.000 tỷ đồng.,"Điều 20. Hội đồng quản trị của ngân hàng chính sách
1. Hội đồng quản trị gồm Chủ tịch và các thành viên khác.
2. Nhiệm kỳ của thành viên Hội đồng quản trị không quá 05 năm.
3. Chủ tịch Hội đồng quản trị do Thủ tướng Chính phủ bổ nhiệm, miễn nhiệm.
16 CÔNG BÁO/Số 369 + 370/Ngày 02-3-2024
4. Số lượng, việc bổ nhiệm, miễn nhiệm thành viên Hội đồng quản trị; cơ cấu,
nhiệm vụ, quyền hạn của Hội đồng quản trị do Chính phủ quy định.
5. Hội đồng quản trị có bộ phận giúp việc. Chức năng, nhiệm vụ của bộ phận
giúp việc do Hội đồng quản trị quy định.",Thành; passage repaired 2026-09-11 from corpus 32/2024/QH15 Điều 20 (verbatim; was annotator summary),,,
12,https://vanban.chinhphu.vn/?pageid=27160&docid=211190&classid=1&typegroupid=3,Giới hạn cấp tín dụng tối đa đối với một khách hàng tại NHTM là bao nhiêu % vốn tự có?,Tổng mức dư nợ cấp tín dụng đối với một khách hàng không được vượt quá 15% vốn tự có của ngân hàng thương mại.,"Điều 136. Giới hạn cấp tín dụng
1. Tổng mức dư nợ cấp tín dụng đối với một khách hàng, một khách hàng và
người có liên quan của khách hàng đó của ngân hàng thương mại, ngân hàng hợp
tác xã, chi nhánh ngân hàng nước ngoài, quỹ tín dụng nhân dân, tổ chức tài chính
vi mô không được vượt quá tỷ lệ sau đây:
a) Từ ngày Luật này có hiệu lực thi hành đến trước ngày 01 tháng 01 năm 2026:
14% vốn tự có đối với một khách hàng; 23% vốn tự có đối với một khách hàng và
người có liên quan của khách hàng đó;
b) Từ ngày 01 tháng 01 năm 2026 đến trước ngày 01 tháng 01 năm 2027: 13%
vốn tự có đối với một khách hàng; 21% vốn tự có đối với một khách hàng và người
có liên quan của khách hàng đó;
c) Từ ngày 01 tháng 01 năm 2027 đến trước ngày 01 tháng 01 năm 2028: 12%
vốn tự có đối với một khách hàng; 19% vốn tự có đối với một khách hàng và người
có liên quan của khách hàng đó;
d) Từ ngày 01 tháng 01 năm 2028 đến trước ngày 01 tháng 01 năm 2029: 11%
vốn tự có đối với một khách hàng; 17% vốn tự có đối với một khách hàng và người
có liên quan của khách hàng đó;
đ) Từ ngày 01 tháng 01 năm 2029: 10% vốn tự có đối với một khách hàng;
15% vốn tự có đối với một khách hàng và người có liên quan của khách hàng đó.
6 CÔNG BÁO/Số 371 + 372/Ngày 02-3-2024
2. Tổng mức dư nợ cấp tín dụng đối với một khách hàng không được vượt
quá 15% vốn tự có của tổ chức tín dụng phi ngân hàng; tổng mức dư nợ cấp tín
dụng đối với một khách hàng và người có liên quan của khách hàng đó không
được vượt quá 25% vốn tự có của tổ chức tín dụng phi ngân hàng.
3. Tổng mức dư nợ cấp tín dụng quy định tại khoản 1 hoặc khoản 2 Điều này
không bao gồm khoản cho vay từ nguồn vốn ủy thác của Chính phủ, tổ chức, cá
nhân mà tổ chức tín dụng, chi nhánh ngân hàng nước ngoài nhận ủy thác không
chịu rủi ro hoặc trường hợp khách hàng vay là tổ chức tín dụng, chi nhánh ngân
hàng nước ngoài khác.
4. Tổng mức dư nợ cấp tín dụng quy định tại khoản 1 hoặc khoản 2 Điều này
bao gồm cả tổng mức mua, nắm giữ, đầu tư vào trái phiếu do khách hàng, người có
liên quan của khách hàng đó phát hành.
5. Giới hạn và điều kiện cấp tín dụng để đầu tư, kinh doanh cổ phiếu, trái phiếu
doanh nghiệp của tổ chức tín dụng, chi nhánh ngân hàng nước ngoài thực hiện theo
quy định của Thống đốc Ngân hàng Nhà nước.
6. Trường hợp nhu cầu vốn của một khách hàng và người có liên quan của
khách hàng đó vượt quá giới hạn cấp tín dụng quy định tại khoản 1 hoặc khoản 2
Điều này thì tổ chức tín dụng, chi nhánh ngân hàng nước ngoài được cấp tín dụng
hợp vốn theo quy định của Thống đốc Ngân hàng Nhà nước.
7. Trường hợp đặc biệt để thực hiện nhiệm vụ kinh tế - xã hội mà khả năng
hợp vốn của các tổ chức tín dụng, chi nhánh ngân hàng nước ngoài chưa đáp ứng
được nhu cầu của một khách hàng thì Thủ tướng Chính phủ quyết định mức cấp tín
dụng tối đa trong trường hợp tổng mức dư nợ cấp tín dụng vượt quá giới hạn quy
định tại khoản 1 hoặc khoản 2 Điều này đối với từng trường hợp cụ thể.
Thủ tướng Chính phủ quy định điều kiện, hồ sơ, thủ tục đề nghị chấp thuận
mức cấp tín dụng tối đa trong trường hợp tổng mức dư nợ cấp tín dụng vượt quá
giới hạn quy định tại khoản 1 hoặc khoản 2 Điều này.
8. Tổng các khoản cấp tín dụng của một tổ chức tín dụng, chi nhánh ngân hàng
nước ngoài quy định tại khoản 7 Điều này không được vượt quá bốn lần vốn tự có
của tổ chức tín dụng, chi nhánh ngân hàng nước ngoài đó.
9. Hạn mức thẻ tín dụng đối với cá nhân quy định tại khoản 1 Điều 134 và
điểm đ khoản 1 Điều 135 của Luật này được thực hiện theo quy định của Thống
đốc Ngân hàng Nhà nước.
CÔNG BÁO/Số 371 + 372/Ngày 02-3-2024 7",Thành; passage repaired 2026-09-11 from corpus 32/2024/QH15 Điều 136 (verbatim; was annotator summary),,,
13,https://vanban.chinhphu.vn/?pageid=27160&docid=211190&classid=1&typegroupid=3,Giới hạn cấp tín dụng đối với một khách hàng và người có liên quan là bao nhiêu?,Tổng mức dư nợ cấp tín dụng đối với một khách hàng và người có liên quan không được vượt quá 25% vốn tự có của NHTM.,"Điều 136. Giới hạn cấp tín dụng
1. Tổng mức dư nợ cấp tín dụng đối với một khách hàng, một khách hàng và
người có liên quan của khách hàng đó của ngân hàng thương mại, ngân hàng hợp
tác xã, chi nhánh ngân hàng nước ngoài, quỹ tín dụng nhân dân, tổ chức tài chính
vi mô không được vượt quá tỷ lệ sau đây:
a) Từ ngày Luật này có hiệu lực thi hành đến trước ngày 01 tháng 01 năm 2026:
14% vốn tự có đối với một khách hàng; 23% vốn tự có đối với một khách hàng và
người có liên quan của khách hàng đó;
b) Từ ngày 01 tháng 01 năm 2026 đến trước ngày 01 tháng 01 năm 2027: 13%
vốn tự có đối với một khách hàng; 21% vốn tự có đối với một khách hàng và người
có liên quan của khách hàng đó;
c) Từ ngày 01 tháng 01 năm 2027 đến trước ngày 01 tháng 01 năm 2028: 12%
vốn tự có đối với một khách hàng; 19% vốn tự có đối với một khách hàng và người
có liên quan của khách hàng đó;
d) Từ ngày 01 tháng 01 năm 2028 đến trước ngày 01 tháng 01 năm 2029: 11%
vốn tự có đối với một khách hàng; 17% vốn tự có đối với một khách hàng và người
có liên quan của khách hàng đó;
đ) Từ ngày 01 tháng 01 năm 2029: 10% vốn tự có đối với một khách hàng;
15% vốn tự có đối với một khách hàng và người có liên quan của khách hàng đó.
6 CÔNG BÁO/Số 371 + 372/Ngày 02-3-2024
2. Tổng mức dư nợ cấp tín dụng đối với một khách hàng không được vượt
quá 15% vốn tự có của tổ chức tín dụng phi ngân hàng; tổng mức dư nợ cấp tín
dụng đối với một khách hàng và người có liên quan của khách hàng đó không
được vượt quá 25% vốn tự có của tổ chức tín dụng phi ngân hàng.
3. Tổng mức dư nợ cấp tín dụng quy định tại khoản 1 hoặc khoản 2 Điều này
không bao gồm khoản cho vay từ nguồn vốn ủy thác của Chính phủ, tổ chức, cá
nhân mà tổ chức tín dụng, chi nhánh ngân hàng nước ngoài nhận ủy thác không
chịu rủi ro hoặc trường hợp khách hàng vay là tổ chức tín dụng, chi nhánh ngân
hàng nước ngoài khác.
4. Tổng mức dư nợ cấp tín dụng quy định tại khoản 1 hoặc khoản 2 Điều này
bao gồm cả tổng mức mua, nắm giữ, đầu tư vào trái phiếu do khách hàng, người có
liên quan của khách hàng đó phát hành.
5. Giới hạn và điều kiện cấp tín dụng để đầu tư, kinh doanh cổ phiếu, trái phiếu
doanh nghiệp của tổ chức tín dụng, chi nhánh ngân hàng nước ngoài thực hiện theo
quy định của Thống đốc Ngân hàng Nhà nước.
6. Trường hợp nhu cầu vốn của một khách hàng và người có liên quan của
khách hàng đó vượt quá giới hạn cấp tín dụng quy định tại khoản 1 hoặc khoản 2
Điều này thì tổ chức tín dụng, chi nhánh ngân hàng nước ngoài được cấp tín dụng
hợp vốn theo quy định của Thống đốc Ngân hàng Nhà nước.
7. Trường hợp đặc biệt để thực hiện nhiệm vụ kinh tế - xã hội mà khả năng
hợp vốn của các tổ chức tín dụng, chi nhánh ngân hàng nước ngoài chưa đáp ứng
được nhu cầu của một khách hàng thì Thủ tướng Chính phủ quyết định mức cấp tín
dụng tối đa trong trường hợp tổng mức dư nợ cấp tín dụng vượt quá giới hạn quy
định tại khoản 1 hoặc khoản 2 Điều này đối với từng trường hợp cụ thể.
Thủ tướng Chính phủ quy định điều kiện, hồ sơ, thủ tục đề nghị chấp thuận
mức cấp tín dụng tối đa trong trường hợp tổng mức dư nợ cấp tín dụng vượt quá
giới hạn quy định tại khoản 1 hoặc khoản 2 Điều này.
8. Tổng các khoản cấp tín dụng của một tổ chức tín dụng, chi nhánh ngân hàng
nước ngoài quy định tại khoản 7 Điều này không được vượt quá bốn lần vốn tự có
của tổ chức tín dụng, chi nhánh ngân hàng nước ngoài đó.
9. Hạn mức thẻ tín dụng đối với cá nhân quy định tại khoản 1 Điều 134 và
điểm đ khoản 1 Điều 135 của Luật này được thực hiện theo quy định của Thống
đốc Ngân hàng Nhà nước.
CÔNG BÁO/Số 371 + 372/Ngày 02-3-2024 7",Thành; passage repaired 2026-09-11 from corpus 32/2024/QH15 Điều 136 (verbatim; was annotator summary),,,
14,https://vanban.chinhphu.vn/?pageid=27160&docid=211190&classid=1&typegroupid=3,NHTM không được cấp tín dụng cho những đối tượng nào?,"Không được cấp tín dụng cho thành viên HĐQT, thành viên BKS, TGĐ (GĐ), và người có liên quan của các đối tượng này.","Điều 135. Hạn chế cấp tín dụng
1. Tổ chức tín dụng, chi nhánh ngân hàng nước ngoài không được cấp tín dụng
không có bảo đảm, cấp tín dụng với điều kiện ưu đãi cho tổ chức, cá nhân sau đây:
a) Tổ chức kiểm toán, kiểm toán viên đang kiểm toán tại tổ chức tín dụng, chi
nhánh ngân hàng nước ngoài đó; người ra quyết định thanh tra, thành viên Đoàn
thanh tra, người giám sát hoạt động đoàn thanh tra đang thanh tra tại chính tổ chức
tín dụng, chi nhánh ngân hàng nước ngoài đó;
b) Kế toán trưởng của tổ chức tín dụng, chi nhánh ngân hàng nước ngoài đó;
Chủ tịch, thành viên khác của Hội đồng quản trị, Trưởng ban, thành viên khác của
Ban kiểm soát, Giám đốc, Phó giám đốc của quỹ tín dụng nhân dân đó;
c) Cổ đông lớn, cổ đông sáng lập của tổ chức tín dụng đó;
d) Doanh nghiệp có một trong những đối tượng quy định tại khoản 1 Điều 134
của Luật này sở hữu trên 10% vốn điều lệ của doanh nghiệp đó;
đ) Người thẩm định, xét duyệt cấp tín dụng tại tổ chức tín dụng, chi nhánh
ngân hàng nước ngoài đó, trừ trường hợp cấp tín dụng dưới hình thức phát hành
thẻ tín dụng cho cá nhân;
e) Công ty con, công ty liên kết của tổ chức tín dụng đó, trừ trường hợp cấp tín
dụng cho công ty con là tổ chức tín dụng được chuyển giao bắt buộc.
2. Tổng mức dư nợ cấp tín dụng đối với các đối tượng quy định tại các điểm a,
b, c, d và đ khoản 1 Điều này không được vượt quá 05% vốn tự có của tổ chức tín
dụng, chi nhánh ngân hàng nước ngoài.
3. Việc cấp tín dụng đối với đối tượng quy định tại khoản 1 Điều này phải
được Hội đồng quản trị, Hội đồng thành viên của tổ chức tín dụng thông qua, trừ
CÔNG BÁO/Số 371 + 372/Ngày 02-3-2024 5
việc cấp tín dụng đối với đối tượng quy định tại điểm đ khoản 1 Điều này thực
hiện theo quy định của Thống đốc Ngân hàng Nhà nước. Việc cấp tín dụng phải
được công khai trong tổ chức tín dụng, chi nhánh ngân hàng nước ngoài.
4. Tổng mức dư nợ cấp tín dụng đối với một đối tượng quy định tại điểm e
khoản 1 Điều này không được vượt quá 10% vốn tự có của tổ chức tín dụng; đối
với tất cả các đối tượng quy định tại điểm e khoản 1 Điều này không được vượt
quá 15% vốn tự có của tổ chức tín dụng.
5. Tổng mức dư nợ cấp tín dụng quy định tại khoản 2 Điều này bao gồm cả
tổng mức mua, nắm giữ, đầu tư vào trái phiếu do các đối tượng quy định tại các
điểm a, c và d khoản 1 Điều này phát hành; tổng mức dư nợ cấp tín dụng quy định
tại khoản 4 Điều này bao gồm cả tổng mức mua, nắm giữ, đầu tư vào trái phiếu do
các đối tượng quy định tại điểm e khoản 1 Điều này phát hành.",Thành; passage repaired 2026-09-11 from corpus 32/2024/QH15 Điều 135 (verbatim; was annotator summary),,,
15,https://vanban.chinhphu.vn/?pageid=27160&docid=211190&classid=1&typegroupid=3,Tỷ lệ sở hữu cổ phần tối đa của cổ đông cá nhân tại NHTMCP là bao nhiêu?,Một cổ đông là cá nhân không được sở hữu vượt quá 5% vốn điều lệ của một NHTMCP.,"Điều 63. Tỷ lệ sở hữu cổ phần
1. Một cổ đông là cá nhân không được sở hữu cổ phần vượt quá 05% vốn điều
lệ của một tổ chức tín dụng.
CÔNG BÁO/Số 369 + 370/Ngày 02-3-2024 49
2. Một cổ đông là tổ chức không được sở hữu cổ phần vượt quá 10% vốn điều
lệ của một tổ chức tín dụng.
3. Cổ đông và người có liên quan của cổ đông đó không được sở hữu cổ phần
vượt quá 15% vốn điều lệ của một tổ chức tín dụng. Cổ đông lớn của một tổ chức
tín dụng và người có liên quan của cổ đông đó không được sở hữu cổ phần từ 05%
vốn điều lệ trở lên của một tổ chức tín dụng khác.
4. Quy định tại khoản 2 và khoản 3 Điều này không áp dụng đối với các
trường hợp sau đây:
a) Sở hữu cổ phần tại công ty con, công ty liên kết là tổ chức tín dụng quy định
tại khoản 2 và khoản 3 Điều 111 của Luật này;
b) Sở hữu cổ phần nhà nước tại tổ chức tín dụng cổ phần hóa;
c) Sở hữu cổ phần của nhà đầu tư nước ngoài quy định tại khoản 7 Điều này.
5. Tỷ lệ sở hữu cổ phần quy định tại khoản 1 và khoản 2 Điều này bao gồm cả
số cổ phần sở hữu gián tiếp. Tỷ lệ sở hữu cổ phần quy định tại khoản 3 Điều này
bao gồm cả cổ phần do cổ đông ủy thác cho tổ chức, cá nhân khác mua cổ phần và
không bao gồm sở hữu cổ phần của người có liên quan là công ty con của cổ đông
đó theo quy định tại điểm a khoản 9 Điều 4 của Luật này.
6. Trong thời hạn 05 năm kể từ ngày tổ chức tín dụng được cấp Giấy phép, các
cổ đông sáng lập phải nắm giữ số cổ phần tối thiểu bằng 50% vốn điều lệ của tổ
chức tín dụng; các cổ đông sáng lập là pháp nhân phải nắm giữ số cổ phần tối thiểu
bằng 50% tổng số cổ phần do các cổ đông sáng lập nắm giữ.
7. Nhà đầu tư nước ngoài được mua cổ phần của tổ chức tín dụng Việt Nam.
Chính phủ quy định tổng mức sở hữu cổ phần tối đa của các nhà đầu tư nước
ngoài, tỷ lệ sở hữu cổ phần tối đa của một nhà đầu tư nước ngoài là tổ chức, tỷ lệ
sở hữu cổ phần tối đa của một nhà đầu tư nước ngoài và người có liên quan của
nhà đầu tư đó tại một tổ chức tín dụng Việt Nam; điều kiện, thủ tục nhà đầu tư
nước ngoài được mua cổ phần của tổ chức tín dụng Việt Nam; điều kiện đối với tổ
chức tín dụng Việt Nam bán cổ phần cho nhà đầu tư nước ngoài.
Điều 63, khoản 1 Điều 77 và khoản 2 Điều 137 của Luật này và phải có lộ trình
giảm tỷ lệ sở hữu cổ phần, phần vốn góp để tuân thủ giới hạn.",Thành; passage repaired 2026-09-11 from corpus 32/2024/QH15 Điều 63 (verbatim; was annotator summary),,,
16,https://vanban.chinhphu.vn/?pageid=27160&docid=211190&classid=1&typegroupid=3,Tỷ lệ sở hữu cổ phần tối đa của cổ đông tổ chức tại NHTMCP là bao nhiêu?,Một cổ đông là tổ chức không được sở hữu vượt quá 10% vốn điều lệ của một NHTMCP.,"Điều 63. Tỷ lệ sở hữu cổ phần
1. Một cổ đông là cá nhân không được sở hữu cổ phần vượt quá 05% vốn điều
lệ của một tổ chức tín dụng.
CÔNG BÁO/Số 369 + 370/Ngày 02-3-2024 49
2. Một cổ đông là tổ chức không được sở hữu cổ phần vượt quá 10% vốn điều
lệ của một tổ chức tín dụng.
3. Cổ đông và người có liên quan của cổ đông đó không được sở hữu cổ phần
vượt quá 15% vốn điều lệ của một tổ chức tín dụng. Cổ đông lớn của một tổ chức
tín dụng và người có liên quan của cổ đông đó không được sở hữu cổ phần từ 05%
vốn điều lệ trở lên của một tổ chức tín dụng khác.
4. Quy định tại khoản 2 và khoản 3 Điều này không áp dụng đối với các
trường hợp sau đây:
a) Sở hữu cổ phần tại công ty con, công ty liên kết là tổ chức tín dụng quy định
tại khoản 2 và khoản 3 Điều 111 của Luật này;
b) Sở hữu cổ phần nhà nước tại tổ chức tín dụng cổ phần hóa;
c) Sở hữu cổ phần của nhà đầu tư nước ngoài quy định tại khoản 7 Điều này.
5. Tỷ lệ sở hữu cổ phần quy định tại khoản 1 và khoản 2 Điều này bao gồm cả
số cổ phần sở hữu gián tiếp. Tỷ lệ sở hữu cổ phần quy định tại khoản 3 Điều này
bao gồm cả cổ phần do cổ đông ủy thác cho tổ chức, cá nhân khác mua cổ phần và
không bao gồm sở hữu cổ phần của người có liên quan là công ty con của cổ đông
đó theo quy định tại điểm a khoản 9 Điều 4 của Luật này.
6. Trong thời hạn 05 năm kể từ ngày tổ chức tín dụng được cấp Giấy phép, các
cổ đông sáng lập phải nắm giữ số cổ phần tối thiểu bằng 50% vốn điều lệ của tổ
chức tín dụng; các cổ đông sáng lập là pháp nhân phải nắm giữ số cổ phần tối thiểu
bằng 50% tổng số cổ phần do các cổ đông sáng lập nắm giữ.
7. Nhà đầu tư nước ngoài được mua cổ phần của tổ chức tín dụng Việt Nam.
Chính phủ quy định tổng mức sở hữu cổ phần tối đa của các nhà đầu tư nước
ngoài, tỷ lệ sở hữu cổ phần tối đa của một nhà đầu tư nước ngoài là tổ chức, tỷ lệ
sở hữu cổ phần tối đa của một nhà đầu tư nước ngoài và người có liên quan của
nhà đầu tư đó tại một tổ chức tín dụng Việt Nam; điều kiện, thủ tục nhà đầu tư
nước ngoài được mua cổ phần của tổ chức tín dụng Việt Nam; điều kiện đối với tổ
chức tín dụng Việt Nam bán cổ phần cho nhà đầu tư nước ngoài.
Điều 63, khoản 1 Điều 77 và khoản 2 Điều 137 của Luật này và phải có lộ trình
giảm tỷ lệ sở hữu cổ phần, phần vốn góp để tuân thủ giới hạn.",Thành; passage repaired 2026-09-11 from corpus 32/2024/QH15 Điều 63 (verbatim; was annotator summary),,,
17,https://vanban.chinhphu.vn/?pageid=27160&docid=211190&classid=1&typegroupid=3,Cổ đông và người có liên quan sở hữu tối đa bao nhiêu % vốn điều lệ NHTMCP?,Cổ đông và người có liên quan không được sở hữu cổ phần vượt quá 15% vốn điều lệ.,"Điều 63. Tỷ lệ sở hữu cổ phần
1. Một cổ đông là cá nhân không được sở hữu cổ phần vượt quá 05% vốn điều
lệ của một tổ chức tín dụng.
CÔNG BÁO/Số 369 + 370/Ngày 02-3-2024 49
2. Một cổ đông là tổ chức không được sở hữu cổ phần vượt quá 10% vốn điều
lệ của một tổ chức tín dụng.
3. Cổ đông và người có liên quan của cổ đông đó không được sở hữu cổ phần
vượt quá 15% vốn điều lệ của một tổ chức tín dụng. Cổ đông lớn của một tổ chức
tín dụng và người có liên quan của cổ đông đó không được sở hữu cổ phần từ 05%
vốn điều lệ trở lên của một tổ chức tín dụng khác.
4. Quy định tại khoản 2 và khoản 3 Điều này không áp dụng đối với các
trường hợp sau đây:
a) Sở hữu cổ phần tại công ty con, công ty liên kết là tổ chức tín dụng quy định
tại khoản 2 và khoản 3 Điều 111 của Luật này;
b) Sở hữu cổ phần nhà nước tại tổ chức tín dụng cổ phần hóa;
c) Sở hữu cổ phần của nhà đầu tư nước ngoài quy định tại khoản 7 Điều này.
5. Tỷ lệ sở hữu cổ phần quy định tại khoản 1 và khoản 2 Điều này bao gồm cả
số cổ phần sở hữu gián tiếp. Tỷ lệ sở hữu cổ phần quy định tại khoản 3 Điều này
bao gồm cả cổ phần do cổ đông ủy thác cho tổ chức, cá nhân khác mua cổ phần và
không bao gồm sở hữu cổ phần của người có liên quan là công ty con của cổ đông
đó theo quy định tại điểm a khoản 9 Điều 4 của Luật này.
6. Trong thời hạn 05 năm kể từ ngày tổ chức tín dụng được cấp Giấy phép, các
cổ đông sáng lập phải nắm giữ số cổ phần tối thiểu bằng 50% vốn điều lệ của tổ
chức tín dụng; các cổ đông sáng lập là pháp nhân phải nắm giữ số cổ phần tối thiểu
bằng 50% tổng số cổ phần do các cổ đông sáng lập nắm giữ.
7. Nhà đầu tư nước ngoài được mua cổ phần của tổ chức tín dụng Việt Nam.
Chính phủ quy định tổng mức sở hữu cổ phần tối đa của các nhà đầu tư nước
ngoài, tỷ lệ sở hữu cổ phần tối đa của một nhà đầu tư nước ngoài là tổ chức, tỷ lệ
sở hữu cổ phần tối đa của một nhà đầu tư nước ngoài và người có liên quan của
nhà đầu tư đó tại một tổ chức tín dụng Việt Nam; điều kiện, thủ tục nhà đầu tư
nước ngoài được mua cổ phần của tổ chức tín dụng Việt Nam; điều kiện đối với tổ
chức tín dụng Việt Nam bán cổ phần cho nhà đầu tư nước ngoài.
Điều 63, khoản 1 Điều 77 và khoản 2 Điều 137 của Luật này và phải có lộ trình
giảm tỷ lệ sở hữu cổ phần, phần vốn góp để tuân thủ giới hạn.",Thành; passage repaired 2026-09-11 from corpus 32/2024/QH15 Điều 63 (verbatim; was annotator summary),,,
18,https://vanban.chinhphu.vn/?pageid=27160&docid=211190&classid=1&typegroupid=3,NHNN có thể áp dụng biện pháp can thiệp sớm khi nào?,"NHNN áp dụng can thiệp sớm khi TCTD vi phạm tỷ lệ an toàn vốn tối thiểu, bị rút tiền hàng loạt, hoặc xếp hạng yếu kém.","Điều 156. Thực hiện can thiệp sớm tổ chức tín dụng, chi nhánh ngân hàng
nước ngoài
1. Ngân hàng Nhà nước xem xét, quyết định thực hiện can thiệp sớm khi tổ
chức tín dụng, chi nhánh ngân hàng nước ngoài thuộc một hoặc một số trường hợp
sau đây:
18 CÔNG BÁO/Số 371 + 372/Ngày 02-3-2024
a) Số lỗ lũy kế của tổ chức tín dụng, chi nhánh ngân hàng nước ngoài lớn
hơn 15% giá trị của vốn điều lệ, vốn được cấp và các quỹ dự trữ ghi trong báo cáo
tài chính đã được kiểm toán gần nhất hoặc theo kết luận thanh tra, kiểm toán của
cơ quan nhà nước có thẩm quyền và vi phạm tỷ lệ an toàn vốn tối thiểu quy định
tại điểm b khoản 1 Điều 138 của Luật này;
b) Xếp hạng dưới mức trung bình theo quy định của Thống đốc Ngân hàng
Nhà nước;
c) Vi phạm tỷ lệ khả năng chi trả quy định tại điểm a khoản 1 Điều 138 của
Luật này trong thời gian 30 ngày liên tục;
d) Vi phạm tỷ lệ an toàn vốn tối thiểu quy định tại điểm b khoản 1 Điều 138
của Luật này trong thời gian 06 tháng liên tục;
đ) Bị rút tiền hàng loạt và có báo cáo gửi Ngân hàng Nhà nước.
2. Ngân hàng Nhà nước có văn bản yêu cầu tổ chức tín dụng, chi nhánh ngân
hàng nước ngoài thuộc một hoặc một số trường hợp quy định tại khoản 1 Điều này
thực hiện các nội dung chủ yếu sau đây:
a) Một hoặc một số yêu cầu, biện pháp hạn chế quy định tại Điều 157 của Luật
này và thời hạn thực hiện;
b) Yêu cầu tổ chức tín dụng cập nhật, thực hiện ngay phương án khắc phục
quy định tại Điều 143 của Luật này hoặc xây dựng phương án khắc phục theo
quy định tại Điều 158 của Luật này, thời hạn hoàn thành xây dựng và thông qua
phương án khắc phục; thời hạn ngân hàng hợp tác xã cho ý kiến về phương án
khắc phục của quỹ tín dụng nhân dân theo quy định tại khoản 2 Điều 158 của
Luật này;
c) Yêu cầu chi nhánh ngân hàng nước ngoài cập nhật, thực hiện ngay phương
án khắc phục quy định tại Điều 143 của Luật này hoặc xây dựng phương án khắc
phục theo quy định tại Điều 158 của Luật này, thời hạn hoàn thành xây dựng và
thông qua phương án khắc phục.
3. Tổ chức tín dụng, chi nhánh ngân hàng nước ngoài có trách nhiệm thực hiện
ngay các yêu cầu, biện pháp hạn chế tại văn bản của Ngân hàng Nhà nước quy
định tại khoản 2 Điều này. Trường hợp tổ chức tín dụng, chi nhánh ngân hàng
nước ngoài không thực hiện các yêu cầu, biện pháp hạn chế này, Ngân hàng Nhà
nước áp dụng bổ sung một hoặc một số biện pháp hạn chế quy định tại khoản 2
Điều 156 của Luật này và yêu cầu tổ chức tín dụng, chi nhánh ngân hàng nước
ngoài điều chỉnh nội dung phương án khắc phục.
4. Trường hợp gia hạn thời hạn thực hiện phương án khắc phục, tổ chức tín
dụng, chi nhánh ngân hàng nước ngoài phải thực hiện theo quy định tại Điều 158
của Luật này.
5. Trường hợp sửa đổi, bổ sung các biện pháp hỗ trợ quy định tại Điều 159 của
Luật này, tổ chức tín dụng, chi nhánh ngân hàng nước ngoài phải trình Ngân hàng
Nhà nước chấp thuận bằng văn bản trước khi thực hiện.
6. Trong thời gian thực hiện phương án khắc phục, trường hợp có tổ chức tín
dụng nhận sáp nhập, hợp nhất, tổ chức tín dụng được can thiệp sớm thực hiện sáp
nhập, hợp nhất theo quy định về tổ chức lại tổ chức tín dụng tại Điều 201 của
Luật này.
7. Trong thời gian thực hiện phương án khắc phục, trường hợp chuyển nhượng
cổ phần, phần vốn góp, tăng vốn điều lệ dẫn đến chuyển đổi hình thức pháp lý của
tổ chức tín dụng được can thiệp sớm thì việc chuyển đổi hình thức pháp lý thực
hiện theo quy định tại Điều 201 của Luật này.
8. Trường hợp hết thời hạn thực hiện phương án khắc phục mà chi nhánh ngân
hàng nước ngoài không khắc phục được tình trạng dẫn đến thực hiện can thiệp
sớm, chi nhánh ngân hàng nước ngoài phải thực hiện giải thể, chấm dứt hoạt động,
thanh lý, phong tỏa vốn, tài sản theo quy định tại Chương XIII của Luật này.
Điều 156 của Luật này và có văn bản báo cáo gửi Ngân hàng Nhà nước;
b) Ngân hàng Nhà nước có văn bản chấp thuận giải thể, chấm dứt hoạt động
chi nhánh ngân hàng nước ngoài theo quy định của pháp luật.
KIỂM SOÁT ĐẶC BIỆT TỔ CHỨC TÍN DỤNG
Mục 1
QUY ĐỊNH CHUNG",Thành; passage repaired 2026-09-11 from corpus 32/2024/QH15 Điều 156 (verbatim; was annotator summary),,,
19,https://datafiles.chinhphu.vn/cpp/files/vbpq/2024/7/17-nhnn.pdf,"Theo TT 17/2024/TT-NHNN, tài khoản thanh toán là gì?",Tài khoản thanh toán là tài khoản tiền gửi không kỳ hạn của khách hàng mở tại ngân hàng để sử dụng các dịch vụ thanh toán.,"Điều 3, Các hình thức của tài khoản thanh toán
1, Các hình thức của tài khoản thanh toán bao gồm: tài khoản thanh toán
của cá nhân, tài khoản thanh toán của tô chức và tài khoản thanh toán chung.
2. Tài khoản thanh toán của cá nhân là tài khoản thanh toán do khách hàng
là cá nhân mở tại tổ chức cung ứng dịch vụ thanh toán.
3: Tài khoản thanh toán của tổ chức là tài khoản thanh toán do khách hàng
là tô chức mở tại tô chức cung ứng dịch vụ thanh toán. Chủ tài khoản thanh toán
của tô chức là tổ chức mở tài khoản thanh toán.
4. Tài khoản thanh toán chung là tài khoản thanh toán có ít nhất hai chủ thể
trở lên cùng đứng tên mở tài khoản. Chủ tài khoản thanh toán chung là tô chức,
cá nhân.",Thành; passage repaired 2026-09-11 from corpus 17/2024/TT-NHNN Điều 3 (verbatim; was annotator summary),,,
20,https://datafiles.chinhphu.vn/cpp/files/vbpq/2024/7/17-nhnn.pdf,Cá nhân từ bao nhiêu tuổi được mở tài khoản thanh toán?,"Cá nhân từ đủ 15 tuổi trở lên, không bị hạn chế hoặc mất năng lực hành vi dân sự, được tự mở tài khoản thanh toán (điểm a khoản 1 Điều 11 TT 17/2024/TT-NHNN). Người chưa đủ 15 tuổi, người bị hạn chế hoặc mất năng lực hành vi dân sự mở qua người đại diện theo pháp luật (điểm b); người có khó khăn trong nhận thức, làm chủ hành vi mở qua người giám hộ (điểm c).","Điều 11. Đối tượng mở tài khoản thanh toán
1. Cá nhân mở tài khoản thanh toán tại ngân hàng, chỉ nhánh ngân hàng
nước ngoài bao gôm:
a) Người từ đủ 15 tuôi trở lên không bị hạn chế hoặc mắt năng lực hành vi
dân sự theo quy định pháp luật Việt Nam;
b) Người chưa đủ 15 tuổi, người bị hạn chế hoặc mắt năng lực hành vi dân
sự theo quy định của pháp luật Việt Nam mở tài khoản thanh toán thông qua người
đại diện theo pháp luật;
c) Người có khó khăn trong nhận thức, làm chủ hành vi theo quy định của
pháp luật Việt Nam mở tài khoản thanh toán thông qua người giám hộ.
2. Tổ chức được thành lập, hoạt động hợp pháp theo quy định của pháp luật
Việt Nam bao gôm: tô chức là pháp nhân (pháp nhân Việt Nam, pháp nhân nước
ngoài), doanh nghiệp tư nhân, hộ kinh doanh và các tổ chức khác được mở tài
khoản thanh toán tại ngân hàng, chỉ nhánh ngân hàng nước ngoài theo quy định
của pháp luật.",Thành; corrected 2026-09-11 against TT 17/2024/TT-NHNN Điều 11 (the cited Điều 5 does not exist in this circular); passage repaired 2026-09-11 from corpus 17/2024/TT-NHNN Điều 11 (verbatim; was annotator summary),,,
21,https://datafiles.chinhphu.vn/cpp/files/vbpq/2024/7/17-nhnn.pdf,Hồ sơ mở tài khoản thanh toán cá nhân gồm những gì?,Giấy đề nghị mở tài khoản thanh toán và giấy tờ tùy thân (CMND/CCCD/Hộ chiếu) còn hiệu lực.,"Điều 11. Đối tượng mở tài khoản thanh toán
1. Cá nhân mở tài khoản thanh toán tại ngân hàng, chỉ nhánh ngân hàng
nước ngoài bao gôm:
a) Người từ đủ 15 tuôi trở lên không bị hạn chế hoặc mắt năng lực hành vi
dân sự theo quy định pháp luật Việt Nam;
b) Người chưa đủ 15 tuổi, người bị hạn chế hoặc mắt năng lực hành vi dân
sự theo quy định của pháp luật Việt Nam mở tài khoản thanh toán thông qua người
đại diện theo pháp luật;
c) Người có khó khăn trong nhận thức, làm chủ hành vi theo quy định của
pháp luật Việt Nam mở tài khoản thanh toán thông qua người giám hộ.
2. Tổ chức được thành lập, hoạt động hợp pháp theo quy định của pháp luật
Việt Nam bao gôm: tô chức là pháp nhân (pháp nhân Việt Nam, pháp nhân nước
ngoài), doanh nghiệp tư nhân, hộ kinh doanh và các tổ chức khác được mở tài
khoản thanh toán tại ngân hàng, chỉ nhánh ngân hàng nước ngoài theo quy định
của pháp luật.",Thành; passage repaired 2026-09-11 from corpus 17/2024/TT-NHNN Điều 11 (verbatim; was annotator summary),,,
22,https://datafiles.chinhphu.vn/cpp/files/vbpq/2024/7/17-nhnn.pdf,Hồ sơ mở tài khoản thanh toán tổ chức cần gì?,"Giấy đề nghị mở tài khoản, giấy tờ chứng minh tổ chức thành lập hợp pháp, giấy tờ tùy thân của người đại diện hợp pháp.","Điều 12 Thông tư này;
b) Đối với tài khoản thanh toán của tổ chức: chủ tài khoản thanh toán gửi tô
chức cung ứng dịch vụ thanh toán nơi mở tài khoản văn bản ủy quyền của người
T1
đại diện theo pháp luật của tô chức hoặc người đại diện theo ủy quyền của tô chức
(sau đây gọi chung là người đại diện hợp pháp), kế toán trưởng (hoặc người phụ
trách kề toán) kèm tài liệu, thông tin, dữ liệu đề xác minh thông tin nhận biết đối
với cá nhân là người được ủy quyền theo quy định tại khoản 2 Điều 12 Thông tư
này.
2. Tô chức cung ứng dịch vụ thanh toán phải áp dụng biện pháp xác minh
thông tin nhận biết đôi với người được ủy quyền theo quy định tại khoản 2 Điều
15 Thông tư này.
Điều 12. Hồ sơ mở tài khoản thanh toán
1. Hồ sơ mở tài khoản thanh toán bao gồm các tài liệu, thông tin, đữ liệu
Sau:
a) Thỏa thuận mở và sử dụng tài khoản thanh toán theo quy định tại Điều
13 Thông tư này;
b) Các tài liệu, thông tin, đữ liệu để xác minh thông tin nhận biết khách
hàng theo quy định tại khoản 2, 3 Điêu này;
c) Thỏa thuận việc quản lý và sử dụng tài khoản thanh toán chung giữa các
chủ thê đứng tên mở tài khoản thanh toán (nêu có) đối với trường hợp mở tài
khoản thanh toán chung.
2. Tài liệu, thông tin, dữ liệu về giấy tờ tùy thân của khách hàng là cá nhân:
a) Trường hợp cá nhân là công dân Việt Nam: Thẻ căn cước công dân, Thẻ
căn cước hoặc Căn cước điện tử (thông qua việc truy cập vào tài khoản định danh
điện tử mức độ 02) hoặc Chứng minh nhân dân hoặc Giây khai sinh đối với người
dưới 14 tuổi;
b) Trường hợp cá nhân là người gốc Việt Nam chưa xác định được quốc
tịch: Giấy chứng nhận căn cước;
c) Trường hợp cá nhân là người nước ngoài:
(1) Hộ chiếu, đối VỚI người nước ngoài cư trú tại Việt Nam phải có thêm thị
thực nhập cảnh hoặc giấy tờ có giá trị thay thị thực hoặc giấy tờ chứng minh được
miễn thị thực nhập cảnh; hoặc
() Danh tính điện tử (thông qua việc truy cập vào tài khoản định danh điện
tử mức độ 02).
3. Tài liệu, thông tin, dữ liệu của khách hàng là tô chức: Các tải liệu, thông
tin, dữ liệu đề xác minh thông tin nhận biết khách hàng theo quy định tại điểm b
khoản 1 Điều 12 Luật Phòng, chống rửa tiền; bao gôm các tài liệu, thông tin, dữ
liệu của người đại diện hợp pháp theo quy định tại khoản 2 Điều này.
4. Trường hợp cá nhân mở tài khoản thanh toán thông qua người đại diện
theo quy định tại điểm b, e khoản 1 Điều 11 Thông tư này thì ngoài các tài liệu,
thông tin, dữ liệu nêu tại khoản 1 Điều này, hồ sơ mở tài khoản thanh toán phải
có thêm:
a) Trường hợp người đại diện là cá nhân: các tài liệu, thông tin, dữ liệu phục
vụ việc nhận biết, xác minh thông tin nhận biết của người đại diện theo quy định
tại khoản 2 Điều này và giấy tỜ chứng minh tư cách người đại diện hợp pháp của
người đại diện đối với cá nhân mở tài khoản thanh toán;
b) Trường hợp người đại diện là pháp nhân: tài liệu, thông tin, dữ liệu phục
vụ việc nhận biết, xác minh thông tin nhận biết của pháp nhân theo quy định tại
khoản 3 Điều này và giấy tỜ chứng minh tư cách người đại diện hợp pháp của
pháp nhân đó đối với cá nhân mở tài khoản thanh toán.
5. Ngân hàng, chỉ nhánh ngân hàng nước ngoài được quy định thêm các tài
liệu, thông tin, dữ liệu khác trong hồ sơ mở tài khoản thanh toán ngoài các tài liệu,
thông tin, dữ liệu quy định tại khoản 1, 2, 3, 4 Điều này, nhưng phải thông báo và
hướng dẫn cụ thê cho khách hàng biết.
6. Việc thu thập, lưu giữ hồ sơ mở tài khoản thanh toán phải đáp ứng yêu
câu sau:
a) Các tài liệu là văn bản giấy trong hồ sơ mở tài khoản thanh toán phải là
bản chính hoặc bản sao được chứng thực hoặc bản sao cấp từ số gốc hoặc bản sao
kèm bản chính đề đối chiếu phù hợp với quy định của pháp luật về cấp bản sao từ
sô góc, chứng thực bản sao từ bản chính, chứng thực chữ ký và chứng thực hợp
đồng, giao dịch. Đối với trường hợp xuất trình bản chính đề đối chiếu, ngân hàng,
§
chi nhánh ngân hàng nước ngoài phải xác nhận vào bản sao và chịu trách nhiệm
về tính chính xác của bản sao so với bản chính. Đối với các tài liệu do cơ quan có
thâm quyền của nước ngoài cấp, thực hiện hợp pháp hóa lãnh sự theo quy định
pháp luật về hợp pháp hóa lãnh sự;
b) Đối với các tài liệu, thông tin, dữ liệu trong hồ sơ mở tài khoản thanh
toán là dữ liệu điện tử, ngân hàng, chỉ nhánh ngân hàng nước ngoài phải kiểm tra.
đối chiếu, xác thực đảm bảo nội dung đầy đủ, chính xác và lưu trữ theo đúng quy
định pháp luật vê giao dịch điện tử;
c) Trường hợp các tài liệu, thông tin, dữ liệu trong hồ sơ mở tài khoản thanh
toán nêu tại điểm a, b khoản này bằng tiếng nước ngoài, ngân hàng, chỉ nhánh
ngân hàng nước ngoài được thỏa thuận với khách hàng về việc dịch hoặc không
dịch ra tiếng Việt nhưng phải đảm bảo các nguyên tắc sau:
(1) Ngân hàng, chi nhánh ngân hàng nước ngoài phải kiểm tra, kiểm soát và
chịu trách nhiệm xác nhận về nội dung của các tài liệu, thông tin, dữ liệu bằng
tiếng nước ngoài đảm bảo đáp ứng đủ các thông tin yêu cầu cung cấp tại Thông
tư này;
(1) Các tài liệu, thông tin, dữ liệu bằng tiếng nước ngoài phải được dịch khi
có yêu câu của cơ quan có thâm quyền; bản dịch phải có xác nhận của người có
thầm quyền của ngân hàng, chỉ nhánh ngân hàng nước ngoài hoặc phải được công
chứng hoặc chứng thực;
d) Các tài liệu, thông tin, dữ liệu trong hỗ sơ mở tài khoản thanh toán tại
khoản l1, 2, 3, 4 Điêu này phải còn hiệu lực và thời hạn sử dụng trong quá trình
mở, sử dụng tài khoản thanh toán.",Thành; passage repaired 2026-09-11 from corpus 17/2024/TT-NHNN Điều 12 (verbatim; was annotator summary),,,
23,https://datafiles.chinhphu.vn/cpp/files/vbpq/2024/7/17-nhnn.pdf,Ngân hàng phong tỏa tài khoản thanh toán trong trường hợp nào?,"Khi có yêu cầu bằng văn bản của cơ quan nhà nước có thẩm quyền, hoặc phát hiện nhầm lẫn ghi Có nhầm vào tài khoản.","Điều 17. Sử dụng tài khoản thanh toán
1. Chủ tài khoản được sử dụng tài khoản thanh toán đề nộp, rút tiền mặt và
yêu cầu ngân hàng, chi nhánh ngân hàng nước ngoài cung ứng dịch vụ thanh toán
qua tài khoản như: cung ứng phương tiện thanh toán, thực hiện dịch vụ thanh toán
séc, lệnh chi, ủy nhiệm chi, nhờ thu, ủy nhiệm thu, thẻ ngân hàng, chuyên tiền,
thu hộ, chi hộ và các dịch vụ gia tăng khác phù hợp với quy định của pháp luật
hiện hành.
2. Việc sử dụng tài khoản thanh toán của cá nhân là người chưa đủ 15 tuôi,
người bị hạn chế hoặc mắt năng lực hành vi dân sự, người có khó khăn trong nhận
thức, làm chủ hành vi phải được thực hiện thông qua người đại diện. Người đại
diện thực hiện các giao dịch thanh toán thông qua tài khoản thanh toán của người
được đại diện theo quy định của pháp luật dân sự về giám hộ và đại diện.
3. Việc sử dụng tài khoản thanh toán được mở đề phục vụ việc theo dõi các
khoản tiền ký quỹ, đảm bảo khả năng thanh toán và các mục đích khác theo quy
định pháp luật phải đảm bảo tuân thủ quy định pháp luật có liên quan. Ngân hàng,
chi nhánh ngân hàng nước ngoài không được chủ động trích Nợ đối với các khoản
tiền ký quỹ, sô tiền trên tài khoản đảm bảo thanh toán, các khoản tiền đê đảm bảo
thực hiện nghĩa vụ theo quy định của pháp luật, trừ trường hợp khoản tiền ký quỹ,
khoản tiền để bảo đảm thực hiện nghĩa vụ cho chính ngân hàng, chỉ nhánh ngân
hàng nước ngoài đó.
4. Việc sử dụng tài khoản thanh toán chung phải thực hiện đúng theo các
nội dung tại văn bản thỏa thuận (hoặc hợp đồng) quản lý, sử dụng tài khoản thanh
toán chung của các chủ tài khoản và phải tuân theo các nguyên tặc sau:
a) Các chủ tài khoản thanh toán chung có quyền và nghĩa vụ ngang nhau
đối với tài khoản thanh toán chung và việc sử dụng tài khoản thanh toán chung
phải được sự chấp thuận của tất cả các chủ tài khoản. Mỗi chủ tài khoản phải chịu
trách nhiệm thanh toán cho toàn bộ các nghĩa vụ nợ phát sinh từ việc Sử dụng tài
khoản thanh toán chung;
b) Thông báo liên quan đến việc sử dụng tài khoản thanh toán chung phải
được gửi đến tất cả các chủ tài khoản, trừ trường hợp giữa ngân hàng, chi nhánh
ngân hàng nước ngoài và các chủ tài khoản thanh toán chung có thỏa thuận khác;
c) Từng chủ tài khoản thanh toán chung có thể ủy quyền cho người khác
(bao gôm chủ tài khoản thanh toán chung còn lại) thay mặt mình sử dụng tài khoản
thanh toán chung nhưng phải được sự đồng ý bằng văn bản của tất cả các chủ tải
khoản thanh toán chung còn lại;
d) Khi một trong các chủ thê đứng tên mở tài khoản thanh toán chung là cá
nhân bị chết, bị tuyên bó là đã chết, bị tuyên bố mắt tích, mắt năng lực hành vi
dân sự; chủ thể đứng tên mở tài khoản thanh toán chung là tổ chức bị giải thể, phá
sản hoặc chấm dứt hoạt động theo quy định của pháp luật thì quyên sử dụng tài
khoản và nghĩa vụ phát sinh từ việc sử dụng tài khoản thanh toán chung được giải
quyết theo quy định của pháp luật;
e) Trường hợp các chủ tài khoản thanh toán chung có quốc tịch, tình trạng
cư trú khác nhau thì tài khoản thanh toán chung chỉ được sử dụng trong phạm vi
được phép của tất cả các chủ tài khoản thanh toán chung theo quy định pháp luật
về quản lý ngoại hối.
5. Ngân hàng, chỉ nhánh ngân hàng nước ngoài hướng dẫn khách hàng sử
dụng tài khoản thanh toán đảm bảo nguyên tặc:
a) Phạm vi sử dụng và hạn mức giao dịch theo từng đối tượng khách hàng
phù hợp với quy định vê quản lý rủi ro và thỏa thuận mở và sử dụng tài khoản
thanh toán theo quy định tại điểm c khoản I Điều 19 Thông tư này;
b) Có đủ thông tin cần thiết để kiểm tra, đối chiếu, xác minh thông tin nhận
biết khách hàng trong quá trình sử dụng tài khoản thanh toán;
c) Chỉ được thực hiện rút tiền, giao dịch thanh toán bằng phương tiện điện
tử trên tài khoản thanh toán khi đã hoàn thành việc đối chiếu khớp đúng giấy tờ
tùy thân và thông tin sinh trắc học của chủ tài khoản hoặc người đại diện (đối VỚI
khách hàng cá nhân) hoặc người đại diện hợp pháp (đối với khách hàng tô chức)
VỚI:
(1) Dữ liệu sinh trắc học được lưu trong bộ phận lưu trữ thông tin được mã
hóa của thẻ căn cước công dân hoặc thẻ căn cước của người đó đã được xác thực
chính xác là do cơ quan Công an cấp hoặc thông qua xác thực tài khoản định danh
điện tử của người đó do Hệ thống định danh và xác thực điện tử tạo lập; hoặc
(i¡) Dữ liệu sinh trắc học được thu thập thông qua gặp mặt trực tiếp người
đó đối với trường hợp là người nước ngoài không sử dụng danh tính điện tử, người
gốc Việt Nam chưa xác định được quôc tịch; hoặc
(11) Dữ liệu sinh trắc học đã được thu thập và kiểm tra (đảm bảo sự khớp
đúng giữa dữ liệu sinh trắc học của người đó với dữ liệu sinh trắc học trong bộ
phận lưu trữ thông tin được mã hóa của thẻ căn cước công dân hoặc thẻ căn cước
đã được xác thực chính xác là do cơ quan Công an câp hoặc với dữ liệu sinh trắc
l6
học của người đó thông qua xác thực tài khoản định danh điện tử do Hệ thống
định danh và xác thực điện tử tạo lập); hoặc
(iv) Dữ liệu sinh trắc học của người đó được lưu trong Cơ sở dữ liệu quốc
gia về dân cư trong trường hợp sử dụng thẻ căn cước công dân không có bộ phận
lưu trữ thông tin được mã hóa;
đ) Áp dụng các biện pháp xác thực đối với từng loại giao dịch trong thanh
toán băng phương tiện điện tử theo quy định của Ngân hàng Nhà nước vê an toàn,
bảo mật cho việc cung câp dịch vụ ngân hàng băng phương tiện điện tử;
đ) Việc sử dụng tài khoản thanh toán bằng đồng Việt Nam của người không
cư trú, người cư trú là cá nhân nước ngoài và tài khoản thanh toán bằng ngoại tệ
phải tuân thủ quy định tại Điều này và các quy định pháp luật về quản lý ngoại
hối.
6. Việc xử lý tra soát, khiếu nại trong sử dụng tài khoản thanh toán thực
hiện theo thỏa thuận giữa chủ tài khoản thanh toán với ngân hàng, chi nhánh ngân
hàng nước ngoài và quy định về dịch vụ thanh toán không dùng tiền mặt.",Thành; passage repaired 2026-09-11 from corpus 17/2024/TT-NHNN Điều 17 (verbatim; was annotator summary),,,
24,https://datafiles.chinhphu.vn/cpp/files/vbpq/2024/7/17-nhnn.pdf,Tài khoản thanh toán bị đóng trong trường hợp nào?,"Chủ tài khoản yêu cầu, tổ chức giải thể/phá sản, cá nhân chết/mất năng lực hành vi dân sự, hoặc theo quyết định cơ quan có thẩm quyền.","Điều 18. Đóng tài khoản thanh toán
1. Việc đóng tài khoản thanh toán và xử lý số dư còn lại trên tài khoản thanh
toán khi đóng tài khoản thanh toán được thực hiện theo quy định tại Điều 12 Nghị
định số 52/2024/NĐ-CP và thỏa thuận giữa ngân hàng, chỉ nhánh ngân hàng nước
ngoài với chủ tài khoản theo quy định tại điểm h khoản 1 Điều 13 Thông tư này.
2. Sau khi đóng tài khoản thanh toán, ngân hàng, chi nhánh ngân hàng nước
ngoài phải thông báo cho chủ tài khoản thanh toán, người đại diện hoặc người
thừa kế hợp pháp biết trong trường hợp chủ tài khoản thanh toán của cá nhân bị
chết, bị tuyên bố là đã chết. Trường hợp chủ tài khoản thanh toán, người đại diện
hoặc người thừa kế hợp pháp đã được thông báo nhưng không đến nhận, ngân
hàng, chi nhánh ngân hàng nước ngoài xử lý số dư còn lại khi đóng tài khoản
thanh toán theo thỏa thuận trước giữa chủ tài khoản thanh toán với tô chức cung
ứng dịch vụ thanh toán và theo quy định của pháp luật có liên quan.
3. Sau khi đóng tài khoản thanh toán, khách hàng có nhu cầu sử dụng tài
khoản thanh toán phải thực hiện thủ tục mở tài khoản thanh toán theo quy định tại
Thông tư này.",Thành; passage repaired 2026-09-11 from corpus 17/2024/TT-NHNN Điều 18 (verbatim; was annotator summary),,,
25,https://datafiles.chinhphu.vn/cpp/files/vbpq/2024/7/17-nhnn.pdf,Ngân hàng có nghĩa vụ gì khi quản lý tài khoản thanh toán?,"Bảo mật thông tin, thực hiện đúng lệnh thanh toán hợp lệ, cung cấp sao kê, thông báo biến động số dư, đảm bảo an toàn tiền gửi.","Điều 14. Thông tin về khách hàng mở tài khoản thanh toán
1. Đối với tài khoản thanh toán của cá nhân phải bao gồm các thông tin sau:
a) Đối với cá nhân là công dân Việt Nam, người gốc Việt Nam chưa xác
định được quốc tịch: họ và tên; ngày, tháng, năm sinh; quôc tịch; nghề nghiệp,
chức vụ; sô điện thoại; số định danh cá nhân hoặc số chứng minh nhân dân; ngày
cấp, nơi cấp, ngày hết hạn hiệu lực của giây tờ tuỳ thân; mã số thuế (nếu có); địa
chỉ đăng ký thường trú và nơi ở hiện tại khác (nêu có); thuộc đối tượng người cư
trú hay người không cư trú;
b) Đối với cá nhân là người nước ngoài: họ và tên; ngày, tháng, năm sinh;
quốc tịch; nghề nghiệp, chức vụ; số điện thoại; số hộ chiếu hoặc thông tin định
danh do cơ quan có thâm quyền nước ngoài cấp, ngày cấp, nơi cấp, ngày hết hạn
hiệu lực của hộ chiếu; số định danh người nước ngoài (nếu có); số thị thực nhập
cảnh hoặc số giấy tờ thay thị thực nhập cảnh (đói với người nước ngoài cư trú tại
Việt Nam), trừ trường hợp được miễn thị thực theo quy định pháp luật; địa chỉ nơi
đăng ký cư trú ở nước ngoài và nơi đăng ký cư trú tại Việt Nam (trường hợp người
nước ngoài cư trú tại Việt Nam); thuộc đối tượng người cư trú hay người không
cư trú;
c) Đối với khách hàng cá nhân là người có từ hai quốc tịch trở lên, bao g gồm
các thông tin tương ứng tại điểm a, b khoản này; số hộ chiều, ngày cấp, nơi câp,
ngày hết hạn hiệu lực của hộ chiếu; quốc tịch, địa chỉ cư trú ở quốc gia mang quôc
tịch còn lại;
II
d) Trường hợp cá nhân mở tài khoản thanh toán thuộc đối tượng quy định
tại điểm b, c khoản 1 Điều 11 Thông tư này, thông tin người đại điện, cụ thê:
(1) Người đại diện là cá nhân, thông tin về cá nhân là người đại diện được
thực hiện theo quy định tại điêm a, b, c khoản này;
(1) Người đại diện là pháp nhân, thông tin về pháp nhân là người đại diện
được thực hiện theo quy định tại khoản 2 Điêu này.
2. Đối với tài khoản thanh toán của tô chức phải bao gồm các thông tỉn sau:
a) Thông tin về chủ tài khoản gồm: Tên giao dịch đầy đủ và viết tất; địa chỉ
đặt trụ sở chính; địa chỉ giao dịch; số giây phép thành lập hoặc số giấy tờ chứng
minh tô chức được thành lập, hoạt động hợp pháp; mã sô doanh nghiệp hoặc mã
số thuế (nếu có); mẫu dâu (nếu có); sô định danh của tô chức (nêu có); số điện
thoại; sô fax, trang thông tin điện tử (nếu có); lĩnh vực hoạt động, kinh doanh;
b) Thông tin về người đại diện hợp pháp của tô chức mở tài khoản thanh
toán và người được ủy quyên (nếu có) theo quy định tại điểm a, b, e khoản 1 Điều
này;
c) Thông tin về kế toán trưởng hoặc người phụ trách kế toán (nếu có) của
tô chức mở tài khoản thanh toán theo quy định tại điểm a, b, c khoản 1 Điều này.
3. Đối với tài khoản thanh toán chung phải bao gồm các thông tin sau:
a) Trường hợp chủ thê đứng tên mở tài khoản thanh toán chung là cá nhân,
phải có các thông tin theo quy định tại khoản I Điều này;
b) Trường hợp chủ thể đứng tên mở tài khoản thanh toán chung là tô chức,
phải có các thông tin theo quy định tại khoản 2 Điều này.",Thành; passage repaired 2026-09-11 from corpus 17/2024/TT-NHNN Điều 14 (verbatim; was annotator summary),,,
26,https://datafiles.chinhphu.vn/cpp/files/vbpq/2024/7/17-nhnn.pdf,Mở tài khoản thanh toán bằng eKYC quy định thế nào?,"Khách hàng được mở qua ứng dụng ngân hàng số, phải xác minh danh tính bằng giấy tờ tùy thân gắn chip hoặc sinh trắc học.","Điều 13. Thỏa thuận mở và sử dụng tài khoản thanh toán
1. Thỏa thuận mở và sử dụng tài khoản thanh toán giữa ngân hàng, chỉ
nhánh ngân hàng nước ngoài và khách hàng phải bao gôm tôi thiêu các nội dung
sau đây:
a) Số văn bản (nếu có), thời điểm (ngày, tháng, năm) lập thỏa thuận;
b) Tên ngân hàng, chỉ nhánh ngân hàng nước ngoài;
c) Thông tin về khách hàng mở tài khoản thanh toán theo quy định tại Điều
14 Thông tư này;
d) Quyên, nghĩa vụ cụ thể của các bên phù hợp với quy định tại Điều 20,
21 Thông tư này;
đ) Nội dung về duy trì số dư tối thiểu trên tài khoản thanh toán và các loại
phí, mức phí, cách thức thu phí, việc điều chỉnh phí trong mở và sử dụng tài khoản
thanh toán;
e) Việc sử dụng tài khoản thanh toán gồm:
(1) Việc sử dụng tài khoản thanh toán phải phù hợp với quy định tại Điều
I7 Thông tư này;
(11) Phạm vi, hạn mức giao dịch trên tài khoản thanh toán khi thực hiện
thanh toán;
(1) Các trường hợp trích Nợ tài khoản thanh toán theo quy định pháp luật
và các trường hợp trích Nợ khác liên quan đến gian lận, lừa đảo khi có kết luận
của cơ quan có thâm quyên;
(iv) Việc quản lý và sử dụng tài khoản thanh toán chung (đối với tài khoản
thanh toán chung);
8ø) Các trường hợp phong tỏa, chấm dứt phong tỏa tài khoản thanh toán, bao
8ôm:
(1) Trường hợp phát hiện có sai lệch hoặc có dấu hiệu bắt thường trong quá
trình mở và sử dụng tài khoản thanh toán;
(1) Trường hợp có cơ sở nghi ngờ tài khoản thanh toán của khách hàng gian
lận, vi phạm pháp luật;
(I1) Các trường hợp khác phù hợp quy định pháp luật;
h) Các trường hợp đóng tài khoản thanh toán và xử lý số dư còn lại khi đóng
tài khoản thanh toán, bao gồm:
(¡) Trường hợp phát hiện khách hàng sử dụng giấy tờ giả, mạo danh để mở
hoặc Sử dụng tài khoản thanh toán cho mục đích lừa đảo, gian lận hoặc các hoạt
động bât hợp pháp khác;
(1) Trường hợp tài khoản không duy trì đủ số dư và không phát sinh giao
dịch trong khoảng thời gian nhất định theo quy định của ngân hàng, chi nhánh
ngân hàng nước ngoài;
(1) Các trường hợp khác phù hợp quy định pháp luật;
¡) Việc cung cấp thông tin và hình thức thông báo cho chủ tài khoản thanh
toán biết về: số dư và các giao dịch phát sinh trên tài khoản thanh toán; việc tải
khoản thanh toán bị phong tỏa, đóng: thời điểm hét hạn hiệu lực, hạn sử dụng của
giấy tờ tùy thân trong hồ sơ mở tài khoản thanh toán và các thông tin cần thiết
khác trong quá trình sử dụng tài khoản thanh toán;
k) Phương thức tiếp nhận đề nghị tra soát, khiếu nại; thời hạn xử lý đề nghị
tra soát, khiêu nại và việc xử lý kết quả tra soát, khiếu nại phù hợp với quy định
về dịch vụ thanh toán không dùng tiên mặt;
l) Việc thực hiện các biện pháp quản lý rủi ro, đảm bảo an toàn, bảo mật
trong sử dụng tài khoản thanh toán, trong đó bao gồm: các trường hợp xác minh
lại thông tin nhận biết khách hàng và việc từ chối thực hiện giao dịch hoặc tạm
dừng các giao dịch thanh toán, rút tiền trên tài khoản thanh toán phù hợp với quy
định tại Điều 19 Thông tư này;
m) Việc xử lý dữ liệu cá nhân của khách hàng hoặc dữ liệu cá nhân do
khách hàng cung cấp, việc cung cấp thông tin cho bên thứ ba nhằm phục vụ việc
cung ứng dịch vụ thanh toán cho khách hàng, xử lý các trường hợp nghi ngờ gian
lận, giả mạo, vi phạm quy định pháp luật;
n) Các trường hợp cung cấp thông tin bao gồm:
() Cung câp thông tin theo yêu cầu của cơ quan có thâm quyên theo quy
định của luật hoặc được sự châp thuận của khách hàng;
(ii) Cung cấp thông tin về số dư trên tài khoản thanh toán cho người đại
diện, người thừa kê (hoặc người đại diện của người thừa kê) của chủ tài khoản
thanh toán cá nhân khi chủ tài khoản thanh toán chêt hoặc bị tuyên bô đã chêt.
_—“: Irường hợp thỏa thuận mở và sử dụng tài khoản thanh toán theo mẫu,
điều kiện giao dịch chung, ngân hàng, chi nhánh ngân hàng nước ngoài phải thực
hiện:
a) Niêm yết công khai mẫu thỏa thuận, điều kiện giao dịch chung tại địa
điểm giao dịch và đăng tải trên trang thông tin điện tử, phần mềm ứng dụng giao
dịch ngân hàng trên internet, điện thoại di động (nếu có) của ngân hàng, chỉ nhánh
ngân hàng nước ngoài;
b) Cung cấp đầy đủ thông tin về mẫu thỏa thuận, điều kiện giao dịch chung
cho khách hàng và có biện pháp đê xác nhận việc khách hàng đã đọc và đông ý là
đã được cung câp đây đủ thông tin.
3. Ngoài các nội dung quy định tại khoản Ì Điều này, ngân hàng, chi nhánh
ngân hàng nước ngoài được thỏa thuận với khách hàng các nội dung khác không
trái với quy định pháp luật.",Thành; passage repaired 2026-09-11 from corpus 17/2024/TT-NHNN Điều 13 (verbatim; was annotator summary),,,
27,https://datafiles.chinhphu.vn/cpp/files/vbpq/2024/7/17-nhnn.pdf,Chủ tài khoản thanh toán có quyền gì?,"Sử dụng tiền thanh toán, yêu cầu NH thực hiện lệnh, được bảo mật thông tin, cung cấp sao kê, yêu cầu đóng TK.","Điều 15. Trình tự, thủ tục mở tài khoản thanh toán
1. Khi có nhu cầu mở tài khoản thanh toán, khách hàng cung cấp cho ngân
hàng, chỉ nhánh ngân hàng nước ngoài nơi đề nghị mở tài khoản thanh toán các
tài liệu, thông tin, dữ liệu để xác minh thông tin nhận biết khách hàng theo quy
định tại Điều 12 Thông tư này.
2. Ngân hàng, chi nhánh ngân hàng nước ngoài kiểm tra tính hợp pháp, hợp
lệ và đổi chiếu đảm bảo sự khớp đúng, chính xác của các tài liệu, thông tin, dữ
liệu mà khách hàng cung câp và tiên hành xác minh thông tin nhận biết khách
hàng theo quy định pháp luật về phòng, chống rửa tiền.
3. Sau khi hoàn thành việc kiểm tra, đối chiếu và xác minh thông tin nhận
biết khách hàng, ngân hàng, chi nhánh ngân hàng nước ngoài thực hiện:
a) Trường hợp các tài liệu, thông tin, dữ liệu đã đầy đủ, chính xác và hợp
pháp, ngân hàng, chi nhánh ngân hàng nước ngoài cung cấp cho khách hàng nội
dung về thỏa thuận mở và sử dụng tài khoản thanh toán theo quy định tại Điều 13
Thông tư này;
b) Trường hợp các tài liệu, thông tin, dữ liệu chưa đầy đủ, chính xác hoặc
không khớp đúng, ngân hàng, chỉ nhánh ngân hàng nước ngoài thông báo cho
khách hàng đề kiểm tra, hoàn thiện hồ sơ hoặc từ chối mở tài khoản thanh toán và
nêu rõ lý do cho khách hàng biêt;
c) Trường hợp phát hiện khách hàng sử dụng tài liệu, thông tin, dữ liệu giả
mạo, không hợp pháp hoặc khách hàng thuộc Danh sách đen theo quy định pháp
luật phòng chống rửa tiền, ngân hàng, chi nhánh ngân hàng nước ngoài báo cáo
cho cơ quan có thâm quyền và xử lý theo quy định pháp luật.
4. Sau khi khách hàng đồng ý với các nội dung về thỏa thuận mở và sử dụng
tài khoản thanh toán, ngân hàng, chỉ nhánh ngân hàng nước ngoài thực hiện mở
tài khoản thanh toán và thông báo cho khách hàng về số hiệu, tên tài khoản thanh
toán, ngày bắt đầu hoạt động của tài khoản thanh toán.
5. Ngân hàng, chỉ nhánh ngân hàng nước ngoài căn cứ điều kiện, khả năng
cung ứng của đơn vị mình để hướng dẫn về hồ sơ, trình tự, thủ tục mở tài khoản
thanh toán cho khách hàng là người khuyết tật nhưng phải đảm bảo thu thập đủ
tài liệu, thông tin, dữ liệu để xác minh thông tin nhận biết khách hàng theo quy
định tại Thông tư này.
6. Ngân hàng, chi nhánh ngân hàng nước ngoài căn cứ điều kiện, khả năng
cung ứng của đơn vị mình đề hướng dẫn khách hàng về hồ sơ, trình tự, thủ tục mở
tài khoản thanh toán cho khách hàng, trong đó bao gồm các trường hợp từ chối
mở tài khoản thanh toán phù hợp với quy định tại Thông tư này, quy định pháp
luật về phòng, chồng rửa tiền và chịu trách nhiệm về tính chính xác, chặt chẽ, đầy
đủ của hồ sơ mở tài khoản thanh toán với khách hàng.",Thành; passage repaired 2026-09-11 from corpus 17/2024/TT-NHNN Điều 15 (verbatim; was annotator summary),,,
28,https://datafiles.chinhphu.vn/cpp/files/vbpq/2024/7/17-nhnn.pdf,Tài khoản thanh toán chung (đồng sở hữu) quy định thế nào?,"Tài khoản có hai chủ trở lên, các đồng chủ phải thỏa thuận bằng văn bản về phương thức sử dụng, ủy quyền và trách nhiệm.","Điều 10. Đóng tài khoản thanh toán mở tại Ngân hàng Nhà nước
1. Hồ sơ, trình tự, thủ tục đóng tài khoản thanh toán và việc xử lý số dư còn
lại trên tài khoản thanh toán của Kho bạc Nhà nước, tổ chức tín dụng, chi nhánh
ngân hàng nước ngoài tại Ngân hàng Nhà nước thực hiện theo quy định tại khoản
4 Điều 14 Nghị định số 52/2024/NĐ-CP.
2. Việc đóng tài khoản thanh toán của ngân hàng trung ương các nước, ngân
hàng nước ngoài, tô chức tiền tệ quốc tế, ngân hàng quốc tế thưc hiện theo các
điều ước và thỏa thuận quốc tế mà Việt Nam là thành viên tham gia.
| Chương II
MỞ VÀ SỬ DỤNG TÀI KHOẢN THANH TOÁN TẠI
NGÂN HÀNG, CHI NHÁNH NGÂN HÀNG NƯỚC NGOÀI",Thành; passage repaired 2026-09-11 from corpus 17/2024/TT-NHNN Điều 10 (verbatim; was annotator summary),,,
29,https://congbaocdn.chinhphu.vn/CongBaoCP/VanBan/2016/12/21991/16370-1-412016tt-nhnn16525pdf,Tỷ lệ an toàn vốn tối thiểu (CAR) ngân hàng phải duy trì là bao nhiêu?,Ngân hàng phải duy trì tỷ lệ an toàn vốn tối thiểu 8% tính trên vốn tự có so với tổng tài sản có rủi ro.,"Điều 6. Tỷ lệ an toàn vốn
1. Tỷ lệ an toàn vốn (CAR) tính theo đơn vị phần trăm (%) được xác định
bằng công thức:
C
CAR = x 100%
RWA + 12,5 (K + K )
OR MR
26 CÔNG BÁO/Số 77 + 78/Ngày 22-01-2017
Trong đó:
- C: Vốn tự có;
- RWA: Tổng tài sản tính theo rủi ro tín dụng;
- K : Vốn yêu cầu cho rủi ro hoạt động;
OR
- K : Vốn yêu cầu cho rủi ro thị trường.
MR
2. Ngân hàng không có công ty con, chi nhánh ngân hàng nước ngoài phải
thường xuyên duy trì tỷ lệ an toàn vốn xác định trên cơ sở báo cáo tài chính của
ngân hàng, chi nhánh ngân hàng nước ngoài tối thiểu 8%.
3. Ngân hàng có công ty con phải duy trì:
a) Tỷ lệ an toàn vốn xác định trên cơ sở báo cáo tài chính của ngân hàng tối
thiểu 8%;
b) Tỷ lệ an toàn vốn hợp nhất xác định trên cơ sở báo cáo tài chính hợp nhất
của ngân hàng tối thiểu 8%. Trường hợp ngân hàng có công ty con là công ty kinh
doanh bảo hiểm thì tỷ lệ an toàn vốn hợp nhất được xác định trên cơ sở báo cáo tài
chính hợp nhất của ngân hàng nhưng không hợp nhất công ty con là công ty kinh
doanh bảo hiểm theo nguyên tắc hợp nhất của pháp luật về kế toán và báo cáo tài
chính đối với tổ chức tín dụng.
4. Đối với các khoản mục bằng ngoại tệ, ngân hàng, chi nhánh ngân hàng nước
ngoài quy ra đồng Việt Nam khi tính tỷ lệ an toàn vốn như sau:
a) Thực hiện theo quy định về hạch toán trên các tài khoản ngoại tệ của pháp
luật về hệ thống tài khoản kế toán;
b) Đối với rủi ro ngoại hối thì thực hiện như sau:
(i) Tỷ giá giữa đồng Việt Nam và đô la Mỹ: là tỷ giá trung tâm do Ngân hàng
Nhà nước công bố vào ngày báo cáo;
(ii) Tỷ giá giữa đồng Việt Nam và các ngoại tệ khác: là tỷ giá bán giao ngay
chuyển khoản của ngân hàng, chi nhánh ngân hàng nước ngoài vào cuối ngày
báo cáo.
5. Căn cứ kết quả giám sát, kiểm tra, thanh tra của Ngân hàng Nhà nước đối
với ngân hàng, chi nhánh ngân hàng nước ngoài, trong trường hợp cần thiết để bảo
đảm an toàn trong hoạt động của ngân hàng, chi nhánh ngân hàng nước ngoài, tùy
theo tính chất, mức độ rủi ro, Ngân hàng Nhà nước yêu cầu ngân hàng, chi nhánh
ngân hàng nước ngoài duy trì tỷ lệ an toàn vốn cao hơn so với mức quy định tại
Thông tư này.",Thành; corrected 2026-09-11 per data/raw_legal/TT41_FINDINGS.md; passage repaired 2026-09-11 from corpus 41/2016/TT-NHNN Điều 6 (verbatim; was annotator summary),,,
30,https://congbaocdn.chinhphu.vn/CongBaoCP/VanBan/2016/12/21991/16370-1-412016tt-nhnn16525pdf,Vốn tự có của ngân hàng gồm những thành phần nào?,"Vốn tự có = tổng Vốn cấp 1 và Vốn cấp 2 trừ đi các khoản giảm trừ quy định tại Phụ lục 1. Vốn cấp 1 gồm vốn điều lệ, quỹ dự trữ bổ sung vốn điều lệ, quỹ đầu tư phát triển nghiệp vụ, quỹ dự phòng tài chính, vốn đầu tư xây dựng cơ bản, lợi nhuận chưa phân phối, thặng dư vốn cổ phần, trừ lợi thế thương mại, lỗ lũy kế, cổ phiếu quỹ. Vốn cấp 2 gồm trái phiếu chuyển đổi, nợ thứ cấp, dự phòng chung.","Điều 7. Vốn tự có
1. Vốn tự có của ngân hàng, chi nhánh ngân hàng nước ngoài là cơ sở để tính
toán tỷ lệ an toàn vốn theo quy định tại Thông tư này.
2. Vốn tự có bao gồm tổng Vốn cấp 1 và Vốn cấp 2 trừ đi các khoản giảm trừ
quy định tại Phụ lục 1 ban hành kèm theo Thông tư này.
CÔNG BÁO/Số 77 + 78/Ngày 22-01-2017 27
Mục 2
TÀI SẢN TÍNH THEO RỦI RO TÍN DỤNG",Thành; corrected 2026-09-11 per data/raw_legal/TT41_FINDINGS.md; passage repaired 2026-09-11 from corpus 41/2016/TT-NHNN Điều 7 (verbatim; was annotator summary),,,
31,https://congbaocdn.chinhphu.vn/CongBaoCP/VanBan/2016/12/21991/16370-1-412016tt-nhnn16525pdf,Hệ số rủi ro 0% áp dụng cho tài sản nào?,"Tiền mặt, tiền gửi tại NHNN, trái phiếu Chính phủ Việt Nam, các khoản cho Chính phủ vay.","Điều 9. Hệ số rủi ro tín dụng (CRW)
1. Ngân hàng, chi nhánh ngân hàng nước ngoài thực hiện phân loại tài sản theo
quy định tại Điều này và hướng dẫn tại Phụ lục 6 để áp dụng hệ số rủi ro tín dụng.
Khi tính tỷ lệ an toàn vốn hợp nhất, ngân hàng được áp dụng hệ số rủi ro theo
quy định tại nước sở tại đối với các khoản phải đòi của công ty con, công ty liên
kết, chi nhánh của ngân hàng tại nước ngoài.
2. Đối với tài sản là tiền mặt, vàng và các khoản tương đương tiền mặt của
ngân hàng, chi nhánh ngân hàng nước ngoài, hệ số rủi ro tín dụng là 0%.
3. Đối với tài sản là khoản phải đòi Chính phủ Việt Nam, Ngân hàng Nhà
nước, Kho bạc Nhà nước, Ủy ban nhân dân tỉnh, thành phố trực thuộc Trung ương,
các ngân hàng chính sách, hệ số rủi ro tín dụng là 0%. Đối với khoản phải đòi
Công ty Quản lý tài sản của các tổ chức tín dụng Việt Nam (VAMC), Công ty
trách nhiệm hữu hạn Mua bán nợ Việt Nam (DATC), hệ số rủi ro là 20%.
4. Đối với tài sản là khoản phải đòi tổ chức tài chính quốc tế, hệ số rủi ro tín
dụng là 0%.
5. Đối với tài sản là khoản phải đòi chính phủ, ngân hàng Trung ương các
nước, hệ số rủi ro tín dụng áp dụng theo thứ hạng tín nhiệm như sau:
Dưới B- hoặc
Thứ hạng Từ AAA Từ A+ đến Từ BBB+ Từ BB+
không có xếp
tín nhiệm đến AA- A- đến BBB- đến B-
hạng
Hệ số rủi ro
0% 20% 50% 100% 150%
tín dụng
6. Đối với tài sản là khoản phải đòi các tổ chức công lập của chính phủ (non-central
government public sector entities (PSEs), chính quyền địa phương các nước, hệ số
rủi ro tín dụng áp dụng theo hệ số rủi ro đối với khoản phải đòi chính phủ đó theo
quy định tại khoản 5 Điều này.
7. Đối với tài sản là khoản phải đòi tổ chức tài chính (bao gồm cả tổ chức tín
dụng), hệ số rủi ro tín dụng áp dụng như sau:
a) Đối với tổ chức tài chính nước ngoài (bao gồm cả tổ chức tín dụng nước
ngoài) không phải là tổ chức tài chính quốc tế quy định tại khoản 20 Điều 2 Thông
tư này, hệ số rủi ro tín dụng áp dụng theo thứ hạng tín nhiệm như sau:
CÔNG BÁO/Số 77 + 78/Ngày 22-01-2017 29
Từ AAA Từ A+ đến Từ BB+ Dưới B- hoặc
Thứ hạng tín nhiệm
đến AA- BBB- đến B- không có xếp hạng
Hệ số rủi ro tín dụng 20% 50% 100% 150%
b) Đối với chi nhánh ngân hàng nước ngoài hoạt động tại Việt Nam áp dụng hệ
số rủi ro tín dụng theo thứ hạng tín nhiệm của tổ chức tín dụng nước ngoài là ngân
hàng mẹ;
c) Đối với tài sản là các khoản phải đòi tổ chức tín dụng trong nước, trừ các
khoản phải đòi dưới hình thức giao dịch reverse repo đã được tính rủi ro tín dụng
đối tác theo quy định tại khoản 4 Điều 8 Thông tư này, hệ số rủi ro tín dụng áp
dụng như sau:
AAA Dưới B- và
Thứ hạng tín A+ BB+ B+
đến Không có xếp
nhiệm đến BBB- đến BB- đến B-
AA- hạng
Khoản phải đòi
có thời hạn ban
20% 50% 80% 100% 150%
đầu từ 3 tháng
trở lên
Khoản phải đòi
có thời hạn ban
10% 20% 40% 50% 70%
đầu dưới
3 tháng
8. Đối với tài sản là các khoản mua, đầu tư nợ thứ cấp, chứng khoán nợ khác
của ngân hàng, chi nhánh ngân hàng nước ngoài khác phát hành không bị trừ khỏi
Vốn cấp 2 quy định tại mục 19 Phần I, điểm A, mục 21 Phần II điểm A, mục 13
điểm B Phụ lục 1 Thông tư này, hệ số rủi ro tín dụng áp dụng theo quy định tại
điểm b và điểm c khoản 7 Điều này.
9. Đối với tài sản là khoản phải đòi doanh nghiệp không phải là tổ chức tín
dụng, chi nhánh ngân hàng nước ngoài, trừ các khoản phải đòi quy định tại khoản 10
Điều này, hệ số rủi ro tín dụng áp dụng như sau:
a) Đối với doanh nghiệp vừa và nhỏ được xác định theo quy định của pháp luật
về trợ giúp phát triển doanh nghiệp vừa và nhỏ, hệ số rủi ro là 90%;
b) Đối với các doanh nghiệp khác, ngân hàng, chi nhánh ngân hàng nước ngoài
phải xác định chỉ tiêu doanh thu, tỷ lệ đòn bẩy, vốn chủ sở hữu được xác định trên
cơ sở số liệu Báo cáo tài chính năm (Báo cáo tài chính hợp nhất) được kiểm toán
tại thời điểm gần nhất đối với các doanh nghiệp phải kiểm toán độc lập; Báo cáo
tài chính năm (được kiểm toán, nếu có) nộp cho cơ quan thuế (có bằng chứng đã
nộp cho cơ quan thuế) tại thời điểm gần nhất đối với doanh nghiệp không phải
kiểm toán độc lập theo quy định của pháp luật như sau:
30 CÔNG BÁO/Số 77 + 78/Ngày 22-01-2017
- Doanh thu lấy số liệu trên Báo cáo kết quả hoạt động kinh doanh;
- Tỷ lệ đòn bẩy = Tổng Nợ vay/Tổng tài sản;
Trong đó: Tổng Nợ vay (total debt) được xác định bằng tổng của các khoản
mục vay và nợ thuê tài chính ngắn hạn với khoản mục vay và nợ thuê tài chính dài
hạn theo quy định hiện hành về kế toán.
- Vốn chủ sở hữu lấy số liệu trên Bảng cân đối kế toán.
(i) Hệ số rủi ro tín dụng áp dụng theo chỉ tiêu doanh thu, tỷ lệ đòn bẩy, vốn chủ
sở hữu của doanh nghiệp như sau:
Doanh thu từ
Doanh thu Doanh thu từ Doanh thu
100 tỷ đồng
dưới 100 tỷ 400 tỷ đồng đến trên 1500 tỷ
đến dưới
đồng 1500 tỷ đồng đồng
400 tỷ đồng
Tỷ lệ đòn bẩy
100% 80% 60% 50%
dưới 25%
Tỷ lệ đòn bẩy từ
125% 110% 95% 80%
25% đến 50%
Tỷ lệ đòn bẩy
160% 150% 140% 120%
trên 50%
Vốn chủ sở hữu
250%
âm hoặc bằng 0
(ii) Hệ số rủi ro tín dụng 200% được áp dụng đối với các doanh nghiệp không
cung cấp Báo cáo tài chính cho ngân hàng, chi nhánh ngân hàng nước ngoài để
tính các chỉ tiêu doanh thu, tỷ lệ đòn bảy, vốn chủ sở hữu;
(iii) Đối với các doanh nghiệp thành lập mới (không bao gồm các trường hợp
thành lập do tổ chức lại, chuyển đổi hình thức pháp lý,...), hoạt động chưa được
01 năm, hệ số rủi ro tín dụng là 150%.
c) Đối với khoản cấp tín dụng chuyên biệt là khoản cấp tín dụng tài trợ dự án,
tài trợ máy móc thiết bị và tài trợ hàng hóa, hệ số rủi ro tín dụng áp dụng hệ số cao
hơn giữa hệ số rủi ro tín dụng 160% và hệ số rủi ro tín dụng đối với doanh nghiệp
theo quy định tại điểm b khoản 9 Điều này.
10. Đối với tài sản là khoản cho vay bảo đảm bằng bất động sản, hệ số rủi ro
tín dụng áp dụng như sau:
a) Ngân hàng, chi nhánh ngân hàng nước ngoài phải xác định Tỷ lệ bảo đảm
(viết tắt là LTV) đối với khoản phải đòi được đảm bảo bằng bất động sản như sau:
(i) Tỷ lệ bảo đảm (LTV) = Tổng số dư khoản phải đòi/Giá trị của tài sản bảo đảm.
Trong đó:
CÔNG BÁO/Số 77 + 78/Ngày 22-01-2017 31
- Tổng số dư khoản phải đòi bao gồm tổng số dư (đã giải ngân và số dư chưa
giải ngân) của khoản phải đòi và số dư (đã giải ngân và số dư chưa giải ngân) của
các khoản phải đòi khác được bảo đảm bằng bất động sản đó tại ngân hàng, chi
nhánh ngân hàng nước ngoài;
- Giá trị của tài sản bảo đảm là giá trị của bất động sản bảo đảm cho các khoản
phải đòi đó được xác định tại thời điểm xét duyệt cho vay.
(ii) Tỷ lệ bảo đảm (LTV) phải được xác định lại khi ngân hàng, chi nhánh ngân
hàng nước ngoài có thông tin giá trị của tài sản bảo đảm bị suy giảm trên 30% so
với giá trị tại thời điểm xác định gần nhất.
b) Hệ số rủi ro tín dụng áp dụng đối với khoản phải đòi được bảo đảm bằng bất
động sản không kinh doanh theo chỉ tiêu Tỷ lệ bảo đảm (LTV) như sau:
LTV từ LTV từ LTV từ
LTV từ
LTV 40% trở 60% trở 90% trở LTV từ
80% trở
LTV dưới lên đến lên đến lên đến 100%
lên đến
40% dưới dưới dưới trở lên
dưới 90%
60% 80% 100%
Hệ số rủi ro 30% 40% 50% 70% 80% 100%
c) Đối với khoản phải đòi được đảm bảo bằng bất động sản kinh doanh, hệ số
rủi ro tín dụng áp dụng theo chỉ tiêu Tỷ lệ bảo đảm (LTV) đối với khoản phải đòi
được đảm bảo bằng bất động sản kinh doanh như sau:
LTV từ 60% trở LTV từ 75%
LTV dưới 60%
lên đến dưới 75% trở lên
Khoản phải đòi được đảm
bảo bằng bất động sản 75% 100% 120%
kinh doanh
d) Đối với khoản phải đòi được đảm bảo bằng bất động sản là hỗn hợp bất
động sản kinh doanh và bất động sản không kinh doanh, hệ số rủi ro tín dụng được
xác định riêng cho từng bất động sản kinh doanh và bất động sản không kinh
doanh tương ứng theo tỷ lệ tổng diện tích mặt bằng của bất động sản;
đ) Hệ số rủi ro tín dụng 150% được áp dụng đối với khoản phải đòi được đảm
bảo bằng bất động sản mà ngân hàng, chi nhánh ngân hàng nước ngoài không có
thông tin về Tỷ lệ bảo đảm (LTV);
e) Hệ số rủi ro tín dụng 200% được áp dụng đối với tài sản là khoản cấp tín
dụng tài trợ dự án kinh doanh bất động sản.
11. Đối với tài sản là khoản cho vay thế chấp nhà, ngân hàng, chi nhánh ngân
hàng nước ngoài thực hiện như sau:
a) Xác định Tỷ lệ bảo đảm (LTV) theo quy định tại khoản 10 Điều này và Tỷ
lệ thu nhập (viết tắt là DSC) đối với khoản cho vay thế chấp nhà như sau:
32 CÔNG BÁO/Số 77 + 78/Ngày 22-01-2017
(i) Tỷ lệ thu nhập (DSC) = Tổng số dư phải hoàn trả trong năm/Tổng thu nhập
trong năm của khách hàng.
Trong đó:
- Tổng số dư phải hoàn trả trong năm bao gồm số dư nợ gốc và số dư nợ lãi;
- Tổng thu nhập trong năm của khách hàng là thu nhập trong năm tính DSC
của khách hàng sau khi đã trừ thuế thu nhập theo quy định và không bao gồm thu
nhập từ việc cho thuê nhà hình thành từ khoản cho vay đó. Trường hợp, khách
hàng cá nhân là đại diện ủy quyền cho hộ gia đình tham gia quan hệ vay vốn thì
tổng thu nhập trong năm của khách hàng được xác định theo tổng thu nhập của các
thành viên đồng trả nợ của hộ gia đình.
(ii) Tỷ lệ thu nhập (DSC) phải được xác định lại khi ngân hàng, chi nhánh
ngân hàng nước ngoài có thông tin thay đổi về tổng thu nhập của khách hàng.
b) Hệ số rủi ro áp dụng cho khoản cho vay thế chấp nhà ở theo Tỷ lệ bảo đảm (LTV)
và Tỷ lệ thu nhập (DSC) như sau:
LTV từ LTV từ LTV từ LTV từ
Các khoản cho LTV LTV từ
40% trở 60% trở 80% trở 90% trở lên
vay thế chấp dưới 100%
lên đến lên đến lên đến đến dưới
nhà ở 40% trở lên
dưới 60% dưới 80% dưới 90% 100%
DSC từ 35%
25% 30% 40% 50% 60% 80%
trở xuống
DSC trên 35% 30% 40% 50% 70% 80% 100%
c) Hệ số rủi ro tín dụng 200% được áp dụng đối với khoản cho vay thế chấp
nhà mà ngân hàng, chi nhánh ngân hàng nước ngoài không có thông tin về Tỷ lệ
bảo đảm (LTV) và/hoặc Tỷ lệ thu nhập (DSC).
12. Đối với tài sản là danh mục cấp tín dụng bán lẻ, hệ số rủi ro tín dụng là 75%.
13. Đối với khoản nợ xấu, hệ số rủi ro tín dụng áp dụng như sau:
a) Đối với khoản nợ xấu có dự phòng cụ thể nhỏ hơn 20% giá trị của khoản nợ xấu
(trừ khoản nợ xấu là khoản cho vay thế chấp nhà có dự phòng cụ thể nhỏ hơn 20%
giá trị của khoản nợ xấu), hệ số rủi ro tín dụng là 150%;
b) Đối với khoản nợ xấu có dự phòng cụ thể từ 20% đến 50% giá trị của khoản
nợ xấu, khoản nợ xấu là khoản cho vay thế chấp nhà có dự phòng cụ thể nhỏ hơn
20% giá trị của khoản nợ xấu, hệ số rủi ro tín dụng là 100%;
c) Đối với khoản nợ xấu có dự phòng cụ thể lớn hơn 50% giá trị của khoản nợ
xấu, khoản nợ xấu là khoản cho vay thế chấp nhà và có dự phòng cụ thể từ 20%
giá trị của khoản nợ xấu trở lên, hệ số rủi ro tín dụng là 50%.
14. Đối với tài sản là các khoản phải thu phát sinh từ việc bán nợ xấu (không
bao gồm các khoản phải thu phát sinh trong quá trình bán nợ xấu cho Công ty
CÔNG BÁO/Số 77 + 78/Ngày 22-01-2017 33
Quản lý tài sản của các tổ chức tín dụng Việt Nam và Công ty trách nhiệm hữu hạn
Mua bán nợ Việt Nam), hệ số rủi ro tín dụng là 200%.
15. Đối với tài sản là công cụ vốn chủ sở hữu, mua cổ phiếu của doanh nghiệp
(trừ các khoản đầu tư đã trừ khỏi vốn tự có quy định tại Phụ lục 1 kèm theo Thông
tư này) và các khoản cho vay để đầu tư, kinh doanh chứng khoán, khoản cho vay
giao dịch ký quỹ của công ty chứng khoán, hệ số rủi ro tín dụng là 150%.
16. Đối với tài sản là các khoản cho thuê tài chính, hệ số rủi ro tín dụng áp
dụng hệ số cao hơn giữa hệ số rủi ro tín dụng 160% và hệ số rủi ro tín dụng đối với
doanh nghiệp thuê tài chính theo quy định tại điểm b khoản 9 Điều này.
17. Đối với tài sản là các khoản mua lại khoản phải thu có bảo lưu quyền truy
đòi của công ty tài chính, công ty cho thuê tài chính theo quy định, hệ số rủi ro tín
dụng áp dụng hệ số rủi ro của khoản phải đòi đối với bên bán khoản phải thu.
Đối với các khoản mua lại khoản phải thu của công ty tài chính, công ty cho
thuê tài chính, hệ số rủi ro tín dụng áp dụng hệ số rủi ro của khoản phải đòi.
18. Đối với các tài sản khác trên bảng cân đối kế toán trừ các tài sản quy định
tại khoản 1, khoản 2, khoản 3, khoản 4, khoản 5, khoản 6, khoản 7, khoản 8, khoản 9,
khoản 10, khoản 11, khoản 12, khoản 13, khoản 14, khoản 15, khoản 16 và khoản 17
Điều này, hệ số rủi ro tín dụng là 100%.",Thành; corrected 2026-09-11 per data/raw_legal/TT41_FINDINGS.md; passage repaired 2026-09-11 from corpus 41/2016/TT-NHNN Điều 9 (verbatim; was annotator summary),,,
32,"https://congbaocdn.chinhphu.vn/CongBaoCP/VanBan/2016/12/21991/16370-1-412016tt-nhnn16525pdf
https://datafiles.chinhphu.vn/cpp/files/vbpq/2024/01/22-nhnn.pdf",Hệ số rủi ro cho vay mua nhà ở bảo đảm bằng BĐS là bao nhiêu?,"Không có mức cố định theo một ngưỡng LTV duy nhất: hệ số rủi ro cho khoản cho vay thế chấp nhà ở xác định theo lưới hai chiều LTV × DSC tại điểm b khoản 11 Điều 9 TT 41/2016/TT-NHNN (sửa đổi bởi TT 22/2023/TT-NHNN), dao động 20%-100%: LTV dưới 40% và DSC ≤ 35% là 25%; LTV 60%-dưới 80% và DSC > 35% là 50%; LTV ≥ 100% và DSC > 35% là 100%. Khoản cho vay mua nhà ở xã hội, nhà ở theo chương trình, dự án hỗ trợ của Chính phủ có lưới riêng 20%-50%.","Điều 9. Hệ số rủi ro tín dụng (CRW)
1. Ngân hàng, chi nhánh ngân hàng nước ngoài thực hiện phân loại tài sản theo
quy định tại Điều này và hướng dẫn tại Phụ lục 6 để áp dụng hệ số rủi ro tín dụng.
Khi tính tỷ lệ an toàn vốn hợp nhất, ngân hàng được áp dụng hệ số rủi ro theo
quy định tại nước sở tại đối với các khoản phải đòi của công ty con, công ty liên
kết, chi nhánh của ngân hàng tại nước ngoài.
2. Đối với tài sản là tiền mặt, vàng và các khoản tương đương tiền mặt của
ngân hàng, chi nhánh ngân hàng nước ngoài, hệ số rủi ro tín dụng là 0%.
3. Đối với tài sản là khoản phải đòi Chính phủ Việt Nam, Ngân hàng Nhà
nước, Kho bạc Nhà nước, Ủy ban nhân dân tỉnh, thành phố trực thuộc Trung ương,
các ngân hàng chính sách, hệ số rủi ro tín dụng là 0%. Đối với khoản phải đòi
Công ty Quản lý tài sản của các tổ chức tín dụng Việt Nam (VAMC), Công ty
trách nhiệm hữu hạn Mua bán nợ Việt Nam (DATC), hệ số rủi ro là 20%.
4. Đối với tài sản là khoản phải đòi tổ chức tài chính quốc tế, hệ số rủi ro tín
dụng là 0%.
5. Đối với tài sản là khoản phải đòi chính phủ, ngân hàng Trung ương các
nước, hệ số rủi ro tín dụng áp dụng theo thứ hạng tín nhiệm như sau:
Dưới B- hoặc
Thứ hạng Từ AAA Từ A+ đến Từ BBB+ Từ BB+
không có xếp
tín nhiệm đến AA- A- đến BBB- đến B-
hạng
Hệ số rủi ro
0% 20% 50% 100% 150%
tín dụng
6. Đối với tài sản là khoản phải đòi các tổ chức công lập của chính phủ (non-central
government public sector entities (PSEs), chính quyền địa phương các nước, hệ số
rủi ro tín dụng áp dụng theo hệ số rủi ro đối với khoản phải đòi chính phủ đó theo
quy định tại khoản 5 Điều này.
7. Đối với tài sản là khoản phải đòi tổ chức tài chính (bao gồm cả tổ chức tín
dụng), hệ số rủi ro tín dụng áp dụng như sau:
a) Đối với tổ chức tài chính nước ngoài (bao gồm cả tổ chức tín dụng nước
ngoài) không phải là tổ chức tài chính quốc tế quy định tại khoản 20 Điều 2 Thông
tư này, hệ số rủi ro tín dụng áp dụng theo thứ hạng tín nhiệm như sau:
CÔNG BÁO/Số 77 + 78/Ngày 22-01-2017 29
Từ AAA Từ A+ đến Từ BB+ Dưới B- hoặc
Thứ hạng tín nhiệm
đến AA- BBB- đến B- không có xếp hạng
Hệ số rủi ro tín dụng 20% 50% 100% 150%
b) Đối với chi nhánh ngân hàng nước ngoài hoạt động tại Việt Nam áp dụng hệ
số rủi ro tín dụng theo thứ hạng tín nhiệm của tổ chức tín dụng nước ngoài là ngân
hàng mẹ;
c) Đối với tài sản là các khoản phải đòi tổ chức tín dụng trong nước, trừ các
khoản phải đòi dưới hình thức giao dịch reverse repo đã được tính rủi ro tín dụng
đối tác theo quy định tại khoản 4 Điều 8 Thông tư này, hệ số rủi ro tín dụng áp
dụng như sau:
AAA Dưới B- và
Thứ hạng tín A+ BB+ B+
đến Không có xếp
nhiệm đến BBB- đến BB- đến B-
AA- hạng
Khoản phải đòi
có thời hạn ban
20% 50% 80% 100% 150%
đầu từ 3 tháng
trở lên
Khoản phải đòi
có thời hạn ban
10% 20% 40% 50% 70%
đầu dưới
3 tháng
8. Đối với tài sản là các khoản mua, đầu tư nợ thứ cấp, chứng khoán nợ khác
của ngân hàng, chi nhánh ngân hàng nước ngoài khác phát hành không bị trừ khỏi
Vốn cấp 2 quy định tại mục 19 Phần I, điểm A, mục 21 Phần II điểm A, mục 13
điểm B Phụ lục 1 Thông tư này, hệ số rủi ro tín dụng áp dụng theo quy định tại
điểm b và điểm c khoản 7 Điều này.
9. Đối với tài sản là khoản phải đòi doanh nghiệp không phải là tổ chức tín
dụng, chi nhánh ngân hàng nước ngoài, trừ các khoản phải đòi quy định tại khoản 10
Điều này, hệ số rủi ro tín dụng áp dụng như sau:
a) Đối với doanh nghiệp vừa và nhỏ được xác định theo quy định của pháp luật
về trợ giúp phát triển doanh nghiệp vừa và nhỏ, hệ số rủi ro là 90%;
b) Đối với các doanh nghiệp khác, ngân hàng, chi nhánh ngân hàng nước ngoài
phải xác định chỉ tiêu doanh thu, tỷ lệ đòn bẩy, vốn chủ sở hữu được xác định trên
cơ sở số liệu Báo cáo tài chính năm (Báo cáo tài chính hợp nhất) được kiểm toán
tại thời điểm gần nhất đối với các doanh nghiệp phải kiểm toán độc lập; Báo cáo
tài chính năm (được kiểm toán, nếu có) nộp cho cơ quan thuế (có bằng chứng đã
nộp cho cơ quan thuế) tại thời điểm gần nhất đối với doanh nghiệp không phải
kiểm toán độc lập theo quy định của pháp luật như sau:
30 CÔNG BÁO/Số 77 + 78/Ngày 22-01-2017
- Doanh thu lấy số liệu trên Báo cáo kết quả hoạt động kinh doanh;
- Tỷ lệ đòn bẩy = Tổng Nợ vay/Tổng tài sản;
Trong đó: Tổng Nợ vay (total debt) được xác định bằng tổng của các khoản
mục vay và nợ thuê tài chính ngắn hạn với khoản mục vay và nợ thuê tài chính dài
hạn theo quy định hiện hành về kế toán.
- Vốn chủ sở hữu lấy số liệu trên Bảng cân đối kế toán.
(i) Hệ số rủi ro tín dụng áp dụng theo chỉ tiêu doanh thu, tỷ lệ đòn bẩy, vốn chủ
sở hữu của doanh nghiệp như sau:
Doanh thu từ
Doanh thu Doanh thu từ Doanh thu
100 tỷ đồng
dưới 100 tỷ 400 tỷ đồng đến trên 1500 tỷ
đến dưới
đồng 1500 tỷ đồng đồng
400 tỷ đồng
Tỷ lệ đòn bẩy
100% 80% 60% 50%
dưới 25%
Tỷ lệ đòn bẩy từ
125% 110% 95% 80%
25% đến 50%
Tỷ lệ đòn bẩy
160% 150% 140% 120%
trên 50%
Vốn chủ sở hữu
250%
âm hoặc bằng 0
(ii) Hệ số rủi ro tín dụng 200% được áp dụng đối với các doanh nghiệp không
cung cấp Báo cáo tài chính cho ngân hàng, chi nhánh ngân hàng nước ngoài để
tính các chỉ tiêu doanh thu, tỷ lệ đòn bảy, vốn chủ sở hữu;
(iii) Đối với các doanh nghiệp thành lập mới (không bao gồm các trường hợp
thành lập do tổ chức lại, chuyển đổi hình thức pháp lý,...), hoạt động chưa được
01 năm, hệ số rủi ro tín dụng là 150%.
c) Đối với khoản cấp tín dụng chuyên biệt là khoản cấp tín dụng tài trợ dự án,
tài trợ máy móc thiết bị và tài trợ hàng hóa, hệ số rủi ro tín dụng áp dụng hệ số cao
hơn giữa hệ số rủi ro tín dụng 160% và hệ số rủi ro tín dụng đối với doanh nghiệp
theo quy định tại điểm b khoản 9 Điều này.
10. Đối với tài sản là khoản cho vay bảo đảm bằng bất động sản, hệ số rủi ro
tín dụng áp dụng như sau:
a) Ngân hàng, chi nhánh ngân hàng nước ngoài phải xác định Tỷ lệ bảo đảm
(viết tắt là LTV) đối với khoản phải đòi được đảm bảo bằng bất động sản như sau:
(i) Tỷ lệ bảo đảm (LTV) = Tổng số dư khoản phải đòi/Giá trị của tài sản bảo đảm.
Trong đó:
CÔNG BÁO/Số 77 + 78/Ngày 22-01-2017 31
- Tổng số dư khoản phải đòi bao gồm tổng số dư (đã giải ngân và số dư chưa
giải ngân) của khoản phải đòi và số dư (đã giải ngân và số dư chưa giải ngân) của
các khoản phải đòi khác được bảo đảm bằng bất động sản đó tại ngân hàng, chi
nhánh ngân hàng nước ngoài;
- Giá trị của tài sản bảo đảm là giá trị của bất động sản bảo đảm cho các khoản
phải đòi đó được xác định tại thời điểm xét duyệt cho vay.
(ii) Tỷ lệ bảo đảm (LTV) phải được xác định lại khi ngân hàng, chi nhánh ngân
hàng nước ngoài có thông tin giá trị của tài sản bảo đảm bị suy giảm trên 30% so
với giá trị tại thời điểm xác định gần nhất.
b) Hệ số rủi ro tín dụng áp dụng đối với khoản phải đòi được bảo đảm bằng bất
động sản không kinh doanh theo chỉ tiêu Tỷ lệ bảo đảm (LTV) như sau:
LTV từ LTV từ LTV từ
LTV từ
LTV 40% trở 60% trở 90% trở LTV từ
80% trở
LTV dưới lên đến lên đến lên đến 100%
lên đến
40% dưới dưới dưới trở lên
dưới 90%
60% 80% 100%
Hệ số rủi ro 30% 40% 50% 70% 80% 100%
c) Đối với khoản phải đòi được đảm bảo bằng bất động sản kinh doanh, hệ số
rủi ro tín dụng áp dụng theo chỉ tiêu Tỷ lệ bảo đảm (LTV) đối với khoản phải đòi
được đảm bảo bằng bất động sản kinh doanh như sau:
LTV từ 60% trở LTV từ 75%
LTV dưới 60%
lên đến dưới 75% trở lên
Khoản phải đòi được đảm
bảo bằng bất động sản 75% 100% 120%
kinh doanh
d) Đối với khoản phải đòi được đảm bảo bằng bất động sản là hỗn hợp bất
động sản kinh doanh và bất động sản không kinh doanh, hệ số rủi ro tín dụng được
xác định riêng cho từng bất động sản kinh doanh và bất động sản không kinh
doanh tương ứng theo tỷ lệ tổng diện tích mặt bằng của bất động sản;
đ) Hệ số rủi ro tín dụng 150% được áp dụng đối với khoản phải đòi được đảm
bảo bằng bất động sản mà ngân hàng, chi nhánh ngân hàng nước ngoài không có
thông tin về Tỷ lệ bảo đảm (LTV);
e) Hệ số rủi ro tín dụng 200% được áp dụng đối với tài sản là khoản cấp tín
dụng tài trợ dự án kinh doanh bất động sản.
11. Đối với tài sản là khoản cho vay thế chấp nhà, ngân hàng, chi nhánh ngân
hàng nước ngoài thực hiện như sau:
a) Xác định Tỷ lệ bảo đảm (LTV) theo quy định tại khoản 10 Điều này và Tỷ
lệ thu nhập (viết tắt là DSC) đối với khoản cho vay thế chấp nhà như sau:
32 CÔNG BÁO/Số 77 + 78/Ngày 22-01-2017
(i) Tỷ lệ thu nhập (DSC) = Tổng số dư phải hoàn trả trong năm/Tổng thu nhập
trong năm của khách hàng.
Trong đó:
- Tổng số dư phải hoàn trả trong năm bao gồm số dư nợ gốc và số dư nợ lãi;
- Tổng thu nhập trong năm của khách hàng là thu nhập trong năm tính DSC
của khách hàng sau khi đã trừ thuế thu nhập theo quy định và không bao gồm thu
nhập từ việc cho thuê nhà hình thành từ khoản cho vay đó. Trường hợp, khách
hàng cá nhân là đại diện ủy quyền cho hộ gia đình tham gia quan hệ vay vốn thì
tổng thu nhập trong năm của khách hàng được xác định theo tổng thu nhập của các
thành viên đồng trả nợ của hộ gia đình.
(ii) Tỷ lệ thu nhập (DSC) phải được xác định lại khi ngân hàng, chi nhánh
ngân hàng nước ngoài có thông tin thay đổi về tổng thu nhập của khách hàng.
b) Hệ số rủi ro áp dụng cho khoản cho vay thế chấp nhà ở theo Tỷ lệ bảo đảm (LTV)
và Tỷ lệ thu nhập (DSC) như sau:
LTV từ LTV từ LTV từ LTV từ
Các khoản cho LTV LTV từ
40% trở 60% trở 80% trở 90% trở lên
vay thế chấp dưới 100%
lên đến lên đến lên đến đến dưới
nhà ở 40% trở lên
dưới 60% dưới 80% dưới 90% 100%
DSC từ 35%
25% 30% 40% 50% 60% 80%
trở xuống
DSC trên 35% 30% 40% 50% 70% 80% 100%
c) Hệ số rủi ro tín dụng 200% được áp dụng đối với khoản cho vay thế chấp
nhà mà ngân hàng, chi nhánh ngân hàng nước ngoài không có thông tin về Tỷ lệ
bảo đảm (LTV) và/hoặc Tỷ lệ thu nhập (DSC).
12. Đối với tài sản là danh mục cấp tín dụng bán lẻ, hệ số rủi ro tín dụng là 75%.
13. Đối với khoản nợ xấu, hệ số rủi ro tín dụng áp dụng như sau:
a) Đối với khoản nợ xấu có dự phòng cụ thể nhỏ hơn 20% giá trị của khoản nợ xấu
(trừ khoản nợ xấu là khoản cho vay thế chấp nhà có dự phòng cụ thể nhỏ hơn 20%
giá trị của khoản nợ xấu), hệ số rủi ro tín dụng là 150%;
b) Đối với khoản nợ xấu có dự phòng cụ thể từ 20% đến 50% giá trị của khoản
nợ xấu, khoản nợ xấu là khoản cho vay thế chấp nhà có dự phòng cụ thể nhỏ hơn
20% giá trị của khoản nợ xấu, hệ số rủi ro tín dụng là 100%;
c) Đối với khoản nợ xấu có dự phòng cụ thể lớn hơn 50% giá trị của khoản nợ
xấu, khoản nợ xấu là khoản cho vay thế chấp nhà và có dự phòng cụ thể từ 20%
giá trị của khoản nợ xấu trở lên, hệ số rủi ro tín dụng là 50%.
14. Đối với tài sản là các khoản phải thu phát sinh từ việc bán nợ xấu (không
bao gồm các khoản phải thu phát sinh trong quá trình bán nợ xấu cho Công ty
CÔNG BÁO/Số 77 + 78/Ngày 22-01-2017 33
Quản lý tài sản của các tổ chức tín dụng Việt Nam và Công ty trách nhiệm hữu hạn
Mua bán nợ Việt Nam), hệ số rủi ro tín dụng là 200%.
15. Đối với tài sản là công cụ vốn chủ sở hữu, mua cổ phiếu của doanh nghiệp
(trừ các khoản đầu tư đã trừ khỏi vốn tự có quy định tại Phụ lục 1 kèm theo Thông
tư này) và các khoản cho vay để đầu tư, kinh doanh chứng khoán, khoản cho vay
giao dịch ký quỹ của công ty chứng khoán, hệ số rủi ro tín dụng là 150%.
16. Đối với tài sản là các khoản cho thuê tài chính, hệ số rủi ro tín dụng áp
dụng hệ số cao hơn giữa hệ số rủi ro tín dụng 160% và hệ số rủi ro tín dụng đối với
doanh nghiệp thuê tài chính theo quy định tại điểm b khoản 9 Điều này.
17. Đối với tài sản là các khoản mua lại khoản phải thu có bảo lưu quyền truy
đòi của công ty tài chính, công ty cho thuê tài chính theo quy định, hệ số rủi ro tín
dụng áp dụng hệ số rủi ro của khoản phải đòi đối với bên bán khoản phải thu.
Đối với các khoản mua lại khoản phải thu của công ty tài chính, công ty cho
thuê tài chính, hệ số rủi ro tín dụng áp dụng hệ số rủi ro của khoản phải đòi.
18. Đối với các tài sản khác trên bảng cân đối kế toán trừ các tài sản quy định
tại khoản 1, khoản 2, khoản 3, khoản 4, khoản 5, khoản 6, khoản 7, khoản 8, khoản 9,
khoản 10, khoản 11, khoản 12, khoản 13, khoản 14, khoản 15, khoản 16 và khoản 17
Điều này, hệ số rủi ro tín dụng là 100%.",Thành; corrected 2026-09-11 per data/raw_legal/TT41_FINDINGS.md; passage repaired 2026-09-11 from corpus 41/2016/TT-NHNN Điều 9 (verbatim; was annotator summary),,,
33,https://congbaocdn.chinhphu.vn/CongBaoCP/VanBan/2016/12/21991/16370-1-412016tt-nhnn16525pdf,Tổng tài sản có rủi ro (RWA) tính dựa trên những loại rủi ro nào?,"Ba loại rủi ro nhập vào tỷ lệ an toàn vốn theo công thức tại khoản 1 Điều 6: CAR = C / (RWA + 12,5 × (KOR + KMR)) × 100%. Riêng ký hiệu RWA chỉ gồm rủi ro tín dụng (Điều 8: RWA = RWACR + RWACCR); rủi ro hoạt động (KOR, Điều 16) và rủi ro thị trường (KMR, Điều 18) quy đổi qua hệ số 12,5 ở mẫu số.","Điều 6. Tỷ lệ an toàn vốn
1. Tỷ lệ an toàn vốn (CAR) tính theo đơn vị phần trăm (%) được xác định
bằng công thức:
C
CAR = x 100%
RWA + 12,5 (K + K )
OR MR
26 CÔNG BÁO/Số 77 + 78/Ngày 22-01-2017
Trong đó:
- C: Vốn tự có;
- RWA: Tổng tài sản tính theo rủi ro tín dụng;
- K : Vốn yêu cầu cho rủi ro hoạt động;
OR
- K : Vốn yêu cầu cho rủi ro thị trường.
MR
2. Ngân hàng không có công ty con, chi nhánh ngân hàng nước ngoài phải
thường xuyên duy trì tỷ lệ an toàn vốn xác định trên cơ sở báo cáo tài chính của
ngân hàng, chi nhánh ngân hàng nước ngoài tối thiểu 8%.
3. Ngân hàng có công ty con phải duy trì:
a) Tỷ lệ an toàn vốn xác định trên cơ sở báo cáo tài chính của ngân hàng tối
thiểu 8%;
b) Tỷ lệ an toàn vốn hợp nhất xác định trên cơ sở báo cáo tài chính hợp nhất
của ngân hàng tối thiểu 8%. Trường hợp ngân hàng có công ty con là công ty kinh
doanh bảo hiểm thì tỷ lệ an toàn vốn hợp nhất được xác định trên cơ sở báo cáo tài
chính hợp nhất của ngân hàng nhưng không hợp nhất công ty con là công ty kinh
doanh bảo hiểm theo nguyên tắc hợp nhất của pháp luật về kế toán và báo cáo tài
chính đối với tổ chức tín dụng.
4. Đối với các khoản mục bằng ngoại tệ, ngân hàng, chi nhánh ngân hàng nước
ngoài quy ra đồng Việt Nam khi tính tỷ lệ an toàn vốn như sau:
a) Thực hiện theo quy định về hạch toán trên các tài khoản ngoại tệ của pháp
luật về hệ thống tài khoản kế toán;
b) Đối với rủi ro ngoại hối thì thực hiện như sau:
(i) Tỷ giá giữa đồng Việt Nam và đô la Mỹ: là tỷ giá trung tâm do Ngân hàng
Nhà nước công bố vào ngày báo cáo;
(ii) Tỷ giá giữa đồng Việt Nam và các ngoại tệ khác: là tỷ giá bán giao ngay
chuyển khoản của ngân hàng, chi nhánh ngân hàng nước ngoài vào cuối ngày
báo cáo.
5. Căn cứ kết quả giám sát, kiểm tra, thanh tra của Ngân hàng Nhà nước đối
với ngân hàng, chi nhánh ngân hàng nước ngoài, trong trường hợp cần thiết để bảo
đảm an toàn trong hoạt động của ngân hàng, chi nhánh ngân hàng nước ngoài, tùy
theo tính chất, mức độ rủi ro, Ngân hàng Nhà nước yêu cầu ngân hàng, chi nhánh
ngân hàng nước ngoài duy trì tỷ lệ an toàn vốn cao hơn so với mức quy định tại
Thông tư này.",Thành; corrected 2026-09-11 per data/raw_legal/TT41_FINDINGS.md; passage repaired 2026-09-11 from corpus 41/2016/TT-NHNN Điều 6 (verbatim; was annotator summary),,,
34,"https://congbaocdn.chinhphu.vn/CongBaoCP/VanBan/2016/12/21991/16370-1-412016tt-nhnn16525pdf
https://datafiles.chinhphu.vn/cpp/files/vbpq/2024/01/22-nhnn.pdf",Hệ số rủi ro 100% áp dụng cho tài sản nào?,"Mức 100% là hệ số rủi ro residual tại khoản 18 Điều 9, áp dụng cho các tài sản khác trên bảng cân đối kế toán không thuộc khoản 1-17 (gồm cả tài sản cố định, bất động sản đầu tư, các khoản phải thu khác). Riêng cho vay doanh nghiệp không dùng mức phẳng 100%: áp lưới doanh thu × đòn bẩy × vốn chủ sở hữu tại điểm b khoản 9 Điều 9 (50%-250%); doanh nghiệp nhỏ và vừa 90% (điểm a); doanh nghiệp không cung cấp báo cáo tài chính 200%; doanh nghiệp hoạt động dưới 1 năm 150%.","Điều 9. Hệ số rủi ro tín dụng (CRW)
1. Ngân hàng, chi nhánh ngân hàng nước ngoài thực hiện phân loại tài sản theo
quy định tại Điều này và hướng dẫn tại Phụ lục 6 để áp dụng hệ số rủi ro tín dụng.
Khi tính tỷ lệ an toàn vốn hợp nhất, ngân hàng được áp dụng hệ số rủi ro theo
quy định tại nước sở tại đối với các khoản phải đòi của công ty con, công ty liên
kết, chi nhánh của ngân hàng tại nước ngoài.
2. Đối với tài sản là tiền mặt, vàng và các khoản tương đương tiền mặt của
ngân hàng, chi nhánh ngân hàng nước ngoài, hệ số rủi ro tín dụng là 0%.
3. Đối với tài sản là khoản phải đòi Chính phủ Việt Nam, Ngân hàng Nhà
nước, Kho bạc Nhà nước, Ủy ban nhân dân tỉnh, thành phố trực thuộc Trung ương,
các ngân hàng chính sách, hệ số rủi ro tín dụng là 0%. Đối với khoản phải đòi
Công ty Quản lý tài sản của các tổ chức tín dụng Việt Nam (VAMC), Công ty
trách nhiệm hữu hạn Mua bán nợ Việt Nam (DATC), hệ số rủi ro là 20%.
4. Đối với tài sản là khoản phải đòi tổ chức tài chính quốc tế, hệ số rủi ro tín
dụng là 0%.
5. Đối với tài sản là khoản phải đòi chính phủ, ngân hàng Trung ương các
nước, hệ số rủi ro tín dụng áp dụng theo thứ hạng tín nhiệm như sau:
Dưới B- hoặc
Thứ hạng Từ AAA Từ A+ đến Từ BBB+ Từ BB+
không có xếp
tín nhiệm đến AA- A- đến BBB- đến B-
hạng
Hệ số rủi ro
0% 20% 50% 100% 150%
tín dụng
6. Đối với tài sản là khoản phải đòi các tổ chức công lập của chính phủ (non-central
government public sector entities (PSEs), chính quyền địa phương các nước, hệ số
rủi ro tín dụng áp dụng theo hệ số rủi ro đối với khoản phải đòi chính phủ đó theo
quy định tại khoản 5 Điều này.
7. Đối với tài sản là khoản phải đòi tổ chức tài chính (bao gồm cả tổ chức tín
dụng), hệ số rủi ro tín dụng áp dụng như sau:
a) Đối với tổ chức tài chính nước ngoài (bao gồm cả tổ chức tín dụng nước
ngoài) không phải là tổ chức tài chính quốc tế quy định tại khoản 20 Điều 2 Thông
tư này, hệ số rủi ro tín dụng áp dụng theo thứ hạng tín nhiệm như sau:
CÔNG BÁO/Số 77 + 78/Ngày 22-01-2017 29
Từ AAA Từ A+ đến Từ BB+ Dưới B- hoặc
Thứ hạng tín nhiệm
đến AA- BBB- đến B- không có xếp hạng
Hệ số rủi ro tín dụng 20% 50% 100% 150%
b) Đối với chi nhánh ngân hàng nước ngoài hoạt động tại Việt Nam áp dụng hệ
số rủi ro tín dụng theo thứ hạng tín nhiệm của tổ chức tín dụng nước ngoài là ngân
hàng mẹ;
c) Đối với tài sản là các khoản phải đòi tổ chức tín dụng trong nước, trừ các
khoản phải đòi dưới hình thức giao dịch reverse repo đã được tính rủi ro tín dụng
đối tác theo quy định tại khoản 4 Điều 8 Thông tư này, hệ số rủi ro tín dụng áp
dụng như sau:
AAA Dưới B- và
Thứ hạng tín A+ BB+ B+
đến Không có xếp
nhiệm đến BBB- đến BB- đến B-
AA- hạng
Khoản phải đòi
có thời hạn ban
20% 50% 80% 100% 150%
đầu từ 3 tháng
trở lên
Khoản phải đòi
có thời hạn ban
10% 20% 40% 50% 70%
đầu dưới
3 tháng
8. Đối với tài sản là các khoản mua, đầu tư nợ thứ cấp, chứng khoán nợ khác
của ngân hàng, chi nhánh ngân hàng nước ngoài khác phát hành không bị trừ khỏi
Vốn cấp 2 quy định tại mục 19 Phần I, điểm A, mục 21 Phần II điểm A, mục 13
điểm B Phụ lục 1 Thông tư này, hệ số rủi ro tín dụng áp dụng theo quy định tại
điểm b và điểm c khoản 7 Điều này.
9. Đối với tài sản là khoản phải đòi doanh nghiệp không phải là tổ chức tín
dụng, chi nhánh ngân hàng nước ngoài, trừ các khoản phải đòi quy định tại khoản 10
Điều này, hệ số rủi ro tín dụng áp dụng như sau:
a) Đối với doanh nghiệp vừa và nhỏ được xác định theo quy định của pháp luật
về trợ giúp phát triển doanh nghiệp vừa và nhỏ, hệ số rủi ro là 90%;
b) Đối với các doanh nghiệp khác, ngân hàng, chi nhánh ngân hàng nước ngoài
phải xác định chỉ tiêu doanh thu, tỷ lệ đòn bẩy, vốn chủ sở hữu được xác định trên
cơ sở số liệu Báo cáo tài chính năm (Báo cáo tài chính hợp nhất) được kiểm toán
tại thời điểm gần nhất đối với các doanh nghiệp phải kiểm toán độc lập; Báo cáo
tài chính năm (được kiểm toán, nếu có) nộp cho cơ quan thuế (có bằng chứng đã
nộp cho cơ quan thuế) tại thời điểm gần nhất đối với doanh nghiệp không phải
kiểm toán độc lập theo quy định của pháp luật như sau:
30 CÔNG BÁO/Số 77 + 78/Ngày 22-01-2017
- Doanh thu lấy số liệu trên Báo cáo kết quả hoạt động kinh doanh;
- Tỷ lệ đòn bẩy = Tổng Nợ vay/Tổng tài sản;
Trong đó: Tổng Nợ vay (total debt) được xác định bằng tổng của các khoản
mục vay và nợ thuê tài chính ngắn hạn với khoản mục vay và nợ thuê tài chính dài
hạn theo quy định hiện hành về kế toán.
- Vốn chủ sở hữu lấy số liệu trên Bảng cân đối kế toán.
(i) Hệ số rủi ro tín dụng áp dụng theo chỉ tiêu doanh thu, tỷ lệ đòn bẩy, vốn chủ
sở hữu của doanh nghiệp như sau:
Doanh thu từ
Doanh thu Doanh thu từ Doanh thu
100 tỷ đồng
dưới 100 tỷ 400 tỷ đồng đến trên 1500 tỷ
đến dưới
đồng 1500 tỷ đồng đồng
400 tỷ đồng
Tỷ lệ đòn bẩy
100% 80% 60% 50%
dưới 25%
Tỷ lệ đòn bẩy từ
125% 110% 95% 80%
25% đến 50%
Tỷ lệ đòn bẩy
160% 150% 140% 120%
trên 50%
Vốn chủ sở hữu
250%
âm hoặc bằng 0
(ii) Hệ số rủi ro tín dụng 200% được áp dụng đối với các doanh nghiệp không
cung cấp Báo cáo tài chính cho ngân hàng, chi nhánh ngân hàng nước ngoài để
tính các chỉ tiêu doanh thu, tỷ lệ đòn bảy, vốn chủ sở hữu;
(iii) Đối với các doanh nghiệp thành lập mới (không bao gồm các trường hợp
thành lập do tổ chức lại, chuyển đổi hình thức pháp lý,...), hoạt động chưa được
01 năm, hệ số rủi ro tín dụng là 150%.
c) Đối với khoản cấp tín dụng chuyên biệt là khoản cấp tín dụng tài trợ dự án,
tài trợ máy móc thiết bị và tài trợ hàng hóa, hệ số rủi ro tín dụng áp dụng hệ số cao
hơn giữa hệ số rủi ro tín dụng 160% và hệ số rủi ro tín dụng đối với doanh nghiệp
theo quy định tại điểm b khoản 9 Điều này.
10. Đối với tài sản là khoản cho vay bảo đảm bằng bất động sản, hệ số rủi ro
tín dụng áp dụng như sau:
a) Ngân hàng, chi nhánh ngân hàng nước ngoài phải xác định Tỷ lệ bảo đảm
(viết tắt là LTV) đối với khoản phải đòi được đảm bảo bằng bất động sản như sau:
(i) Tỷ lệ bảo đảm (LTV) = Tổng số dư khoản phải đòi/Giá trị của tài sản bảo đảm.
Trong đó:
CÔNG BÁO/Số 77 + 78/Ngày 22-01-2017 31
- Tổng số dư khoản phải đòi bao gồm tổng số dư (đã giải ngân và số dư chưa
giải ngân) của khoản phải đòi và số dư (đã giải ngân và số dư chưa giải ngân) của
các khoản phải đòi khác được bảo đảm bằng bất động sản đó tại ngân hàng, chi
nhánh ngân hàng nước ngoài;
- Giá trị của tài sản bảo đảm là giá trị của bất động sản bảo đảm cho các khoản
phải đòi đó được xác định tại thời điểm xét duyệt cho vay.
(ii) Tỷ lệ bảo đảm (LTV) phải được xác định lại khi ngân hàng, chi nhánh ngân
hàng nước ngoài có thông tin giá trị của tài sản bảo đảm bị suy giảm trên 30% so
với giá trị tại thời điểm xác định gần nhất.
b) Hệ số rủi ro tín dụng áp dụng đối với khoản phải đòi được bảo đảm bằng bất
động sản không kinh doanh theo chỉ tiêu Tỷ lệ bảo đảm (LTV) như sau:
LTV từ LTV từ LTV từ
LTV từ
LTV 40% trở 60% trở 90% trở LTV từ
80% trở
LTV dưới lên đến lên đến lên đến 100%
lên đến
40% dưới dưới dưới trở lên
dưới 90%
60% 80% 100%
Hệ số rủi ro 30% 40% 50% 70% 80% 100%
c) Đối với khoản phải đòi được đảm bảo bằng bất động sản kinh doanh, hệ số
rủi ro tín dụng áp dụng theo chỉ tiêu Tỷ lệ bảo đảm (LTV) đối với khoản phải đòi
được đảm bảo bằng bất động sản kinh doanh như sau:
LTV từ 60% trở LTV từ 75%
LTV dưới 60%
lên đến dưới 75% trở lên
Khoản phải đòi được đảm
bảo bằng bất động sản 75% 100% 120%
kinh doanh
d) Đối với khoản phải đòi được đảm bảo bằng bất động sản là hỗn hợp bất
động sản kinh doanh và bất động sản không kinh doanh, hệ số rủi ro tín dụng được
xác định riêng cho từng bất động sản kinh doanh và bất động sản không kinh
doanh tương ứng theo tỷ lệ tổng diện tích mặt bằng của bất động sản;
đ) Hệ số rủi ro tín dụng 150% được áp dụng đối với khoản phải đòi được đảm
bảo bằng bất động sản mà ngân hàng, chi nhánh ngân hàng nước ngoài không có
thông tin về Tỷ lệ bảo đảm (LTV);
e) Hệ số rủi ro tín dụng 200% được áp dụng đối với tài sản là khoản cấp tín
dụng tài trợ dự án kinh doanh bất động sản.
11. Đối với tài sản là khoản cho vay thế chấp nhà, ngân hàng, chi nhánh ngân
hàng nước ngoài thực hiện như sau:
a) Xác định Tỷ lệ bảo đảm (LTV) theo quy định tại khoản 10 Điều này và Tỷ
lệ thu nhập (viết tắt là DSC) đối với khoản cho vay thế chấp nhà như sau:
32 CÔNG BÁO/Số 77 + 78/Ngày 22-01-2017
(i) Tỷ lệ thu nhập (DSC) = Tổng số dư phải hoàn trả trong năm/Tổng thu nhập
trong năm của khách hàng.
Trong đó:
- Tổng số dư phải hoàn trả trong năm bao gồm số dư nợ gốc và số dư nợ lãi;
- Tổng thu nhập trong năm của khách hàng là thu nhập trong năm tính DSC
của khách hàng sau khi đã trừ thuế thu nhập theo quy định và không bao gồm thu
nhập từ việc cho thuê nhà hình thành từ khoản cho vay đó. Trường hợp, khách
hàng cá nhân là đại diện ủy quyền cho hộ gia đình tham gia quan hệ vay vốn thì
tổng thu nhập trong năm của khách hàng được xác định theo tổng thu nhập của các
thành viên đồng trả nợ của hộ gia đình.
(ii) Tỷ lệ thu nhập (DSC) phải được xác định lại khi ngân hàng, chi nhánh
ngân hàng nước ngoài có thông tin thay đổi về tổng thu nhập của khách hàng.
b) Hệ số rủi ro áp dụng cho khoản cho vay thế chấp nhà ở theo Tỷ lệ bảo đảm (LTV)
và Tỷ lệ thu nhập (DSC) như sau:
LTV từ LTV từ LTV từ LTV từ
Các khoản cho LTV LTV từ
40% trở 60% trở 80% trở 90% trở lên
vay thế chấp dưới 100%
lên đến lên đến lên đến đến dưới
nhà ở 40% trở lên
dưới 60% dưới 80% dưới 90% 100%
DSC từ 35%
25% 30% 40% 50% 60% 80%
trở xuống
DSC trên 35% 30% 40% 50% 70% 80% 100%
c) Hệ số rủi ro tín dụng 200% được áp dụng đối với khoản cho vay thế chấp
nhà mà ngân hàng, chi nhánh ngân hàng nước ngoài không có thông tin về Tỷ lệ
bảo đảm (LTV) và/hoặc Tỷ lệ thu nhập (DSC).
12. Đối với tài sản là danh mục cấp tín dụng bán lẻ, hệ số rủi ro tín dụng là 75%.
13. Đối với khoản nợ xấu, hệ số rủi ro tín dụng áp dụng như sau:
a) Đối với khoản nợ xấu có dự phòng cụ thể nhỏ hơn 20% giá trị của khoản nợ xấu
(trừ khoản nợ xấu là khoản cho vay thế chấp nhà có dự phòng cụ thể nhỏ hơn 20%
giá trị của khoản nợ xấu), hệ số rủi ro tín dụng là 150%;
b) Đối với khoản nợ xấu có dự phòng cụ thể từ 20% đến 50% giá trị của khoản
nợ xấu, khoản nợ xấu là khoản cho vay thế chấp nhà có dự phòng cụ thể nhỏ hơn
20% giá trị của khoản nợ xấu, hệ số rủi ro tín dụng là 100%;
c) Đối với khoản nợ xấu có dự phòng cụ thể lớn hơn 50% giá trị của khoản nợ
xấu, khoản nợ xấu là khoản cho vay thế chấp nhà và có dự phòng cụ thể từ 20%
giá trị của khoản nợ xấu trở lên, hệ số rủi ro tín dụng là 50%.
14. Đối với tài sản là các khoản phải thu phát sinh từ việc bán nợ xấu (không
bao gồm các khoản phải thu phát sinh trong quá trình bán nợ xấu cho Công ty
CÔNG BÁO/Số 77 + 78/Ngày 22-01-2017 33
Quản lý tài sản của các tổ chức tín dụng Việt Nam và Công ty trách nhiệm hữu hạn
Mua bán nợ Việt Nam), hệ số rủi ro tín dụng là 200%.
15. Đối với tài sản là công cụ vốn chủ sở hữu, mua cổ phiếu của doanh nghiệp
(trừ các khoản đầu tư đã trừ khỏi vốn tự có quy định tại Phụ lục 1 kèm theo Thông
tư này) và các khoản cho vay để đầu tư, kinh doanh chứng khoán, khoản cho vay
giao dịch ký quỹ của công ty chứng khoán, hệ số rủi ro tín dụng là 150%.
16. Đối với tài sản là các khoản cho thuê tài chính, hệ số rủi ro tín dụng áp
dụng hệ số cao hơn giữa hệ số rủi ro tín dụng 160% và hệ số rủi ro tín dụng đối với
doanh nghiệp thuê tài chính theo quy định tại điểm b khoản 9 Điều này.
17. Đối với tài sản là các khoản mua lại khoản phải thu có bảo lưu quyền truy
đòi của công ty tài chính, công ty cho thuê tài chính theo quy định, hệ số rủi ro tín
dụng áp dụng hệ số rủi ro của khoản phải đòi đối với bên bán khoản phải thu.
Đối với các khoản mua lại khoản phải thu của công ty tài chính, công ty cho
thuê tài chính, hệ số rủi ro tín dụng áp dụng hệ số rủi ro của khoản phải đòi.
18. Đối với các tài sản khác trên bảng cân đối kế toán trừ các tài sản quy định
tại khoản 1, khoản 2, khoản 3, khoản 4, khoản 5, khoản 6, khoản 7, khoản 8, khoản 9,
khoản 10, khoản 11, khoản 12, khoản 13, khoản 14, khoản 15, khoản 16 và khoản 17
Điều này, hệ số rủi ro tín dụng là 100%.",Thành; corrected 2026-09-11 per data/raw_legal/TT41_FINDINGS.md; passage repaired 2026-09-11 from corpus 41/2016/TT-NHNN Điều 9 (verbatim; was annotator summary),,,
35,"https://congbaocdn.chinhphu.vn/CongBaoCP/VanBan/2016/12/21991/16370-1-412016tt-nhnn16525pdf
https://datafiles.chinhphu.vn/cpp/files/vbpq/2024/01/22-nhnn.pdf",Hệ số rủi ro 150% áp dụng cho tài sản nào?,"150% áp dụng cho: khoản nợ xấu có dự phòng cụ thể nhỏ hơn 20% giá trị khoản nợ (điểm a khoản 13 Điều 9); khoản phải đòi tổ chức quốc tế, khu vực tài chính quốc tế không được xếp hạng hoặc xếp hạng dưới B (khoản 5); doanh nghiệp hoạt động dưới 1 năm (điểm b khoản 9); tài sản là góp vốn, cho vay mua chứng khoán kinh doanh, đầu tư chứng khoán, cho vay kinh doanh chứng khoán (khoản 15); khoản cấp tín dụng bảo đảm bằng bất động sản khi không có thông tin LTV (điểm đ khoản 10). Cho vay kinh doanh bất động sản theo lưới LTV: 75% (dưới 60%), 100% (60%-dưới 75%), 120% (từ 75%) (điểm c khoản 10); cấp tín dụng tài trợ dự án kinh doanh bất động sản 200%, dự án khu công nghiệp 160% (điểm e khoản 10, sửa đổi bởi TT 22/2023). Thông tư dùng thuật ngữ ""nợ xấu"", không dùng ""nợ quá hạn trên 90 ngày"".","Điều 9. Hệ số rủi ro tín dụng (CRW)
1. Ngân hàng, chi nhánh ngân hàng nước ngoài thực hiện phân loại tài sản theo
quy định tại Điều này và hướng dẫn tại Phụ lục 6 để áp dụng hệ số rủi ro tín dụng.
Khi tính tỷ lệ an toàn vốn hợp nhất, ngân hàng được áp dụng hệ số rủi ro theo
quy định tại nước sở tại đối với các khoản phải đòi của công ty con, công ty liên
kết, chi nhánh của ngân hàng tại nước ngoài.
2. Đối với tài sản là tiền mặt, vàng và các khoản tương đương tiền mặt của
ngân hàng, chi nhánh ngân hàng nước ngoài, hệ số rủi ro tín dụng là 0%.
3. Đối với tài sản là khoản phải đòi Chính phủ Việt Nam, Ngân hàng Nhà
nước, Kho bạc Nhà nước, Ủy ban nhân dân tỉnh, thành phố trực thuộc Trung ương,
các ngân hàng chính sách, hệ số rủi ro tín dụng là 0%. Đối với khoản phải đòi
Công ty Quản lý tài sản của các tổ chức tín dụng Việt Nam (VAMC), Công ty
trách nhiệm hữu hạn Mua bán nợ Việt Nam (DATC), hệ số rủi ro là 20%.
4. Đối với tài sản là khoản phải đòi tổ chức tài chính quốc tế, hệ số rủi ro tín
dụng là 0%.
5. Đối với tài sản là khoản phải đòi chính phủ, ngân hàng Trung ương các
nước, hệ số rủi ro tín dụng áp dụng theo thứ hạng tín nhiệm như sau:
Dưới B- hoặc
Thứ hạng Từ AAA Từ A+ đến Từ BBB+ Từ BB+
không có xếp
tín nhiệm đến AA- A- đến BBB- đến B-
hạng
Hệ số rủi ro
0% 20% 50% 100% 150%
tín dụng
6. Đối với tài sản là khoản phải đòi các tổ chức công lập của chính phủ (non-central
government public sector entities (PSEs), chính quyền địa phương các nước, hệ số
rủi ro tín dụng áp dụng theo hệ số rủi ro đối với khoản phải đòi chính phủ đó theo
quy định tại khoản 5 Điều này.
7. Đối với tài sản là khoản phải đòi tổ chức tài chính (bao gồm cả tổ chức tín
dụng), hệ số rủi ro tín dụng áp dụng như sau:
a) Đối với tổ chức tài chính nước ngoài (bao gồm cả tổ chức tín dụng nước
ngoài) không phải là tổ chức tài chính quốc tế quy định tại khoản 20 Điều 2 Thông
tư này, hệ số rủi ro tín dụng áp dụng theo thứ hạng tín nhiệm như sau:
CÔNG BÁO/Số 77 + 78/Ngày 22-01-2017 29
Từ AAA Từ A+ đến Từ BB+ Dưới B- hoặc
Thứ hạng tín nhiệm
đến AA- BBB- đến B- không có xếp hạng
Hệ số rủi ro tín dụng 20% 50% 100% 150%
b) Đối với chi nhánh ngân hàng nước ngoài hoạt động tại Việt Nam áp dụng hệ
số rủi ro tín dụng theo thứ hạng tín nhiệm của tổ chức tín dụng nước ngoài là ngân
hàng mẹ;
c) Đối với tài sản là các khoản phải đòi tổ chức tín dụng trong nước, trừ các
khoản phải đòi dưới hình thức giao dịch reverse repo đã được tính rủi ro tín dụng
đối tác theo quy định tại khoản 4 Điều 8 Thông tư này, hệ số rủi ro tín dụng áp
dụng như sau:
AAA Dưới B- và
Thứ hạng tín A+ BB+ B+
đến Không có xếp
nhiệm đến BBB- đến BB- đến B-
AA- hạng
Khoản phải đòi
có thời hạn ban
20% 50% 80% 100% 150%
đầu từ 3 tháng
trở lên
Khoản phải đòi
có thời hạn ban
10% 20% 40% 50% 70%
đầu dưới
3 tháng
8. Đối với tài sản là các khoản mua, đầu tư nợ thứ cấp, chứng khoán nợ khác
của ngân hàng, chi nhánh ngân hàng nước ngoài khác phát hành không bị trừ khỏi
Vốn cấp 2 quy định tại mục 19 Phần I, điểm A, mục 21 Phần II điểm A, mục 13
điểm B Phụ lục 1 Thông tư này, hệ số rủi ro tín dụng áp dụng theo quy định tại
điểm b và điểm c khoản 7 Điều này.
9. Đối với tài sản là khoản phải đòi doanh nghiệp không phải là tổ chức tín
dụng, chi nhánh ngân hàng nước ngoài, trừ các khoản phải đòi quy định tại khoản 10
Điều này, hệ số rủi ro tín dụng áp dụng như sau:
a) Đối với doanh nghiệp vừa và nhỏ được xác định theo quy định của pháp luật
về trợ giúp phát triển doanh nghiệp vừa và nhỏ, hệ số rủi ro là 90%;
b) Đối với các doanh nghiệp khác, ngân hàng, chi nhánh ngân hàng nước ngoài
phải xác định chỉ tiêu doanh thu, tỷ lệ đòn bẩy, vốn chủ sở hữu được xác định trên
cơ sở số liệu Báo cáo tài chính năm (Báo cáo tài chính hợp nhất) được kiểm toán
tại thời điểm gần nhất đối với các doanh nghiệp phải kiểm toán độc lập; Báo cáo
tài chính năm (được kiểm toán, nếu có) nộp cho cơ quan thuế (có bằng chứng đã
nộp cho cơ quan thuế) tại thời điểm gần nhất đối với doanh nghiệp không phải
kiểm toán độc lập theo quy định của pháp luật như sau:
30 CÔNG BÁO/Số 77 + 78/Ngày 22-01-2017
- Doanh thu lấy số liệu trên Báo cáo kết quả hoạt động kinh doanh;
- Tỷ lệ đòn bẩy = Tổng Nợ vay/Tổng tài sản;
Trong đó: Tổng Nợ vay (total debt) được xác định bằng tổng của các khoản
mục vay và nợ thuê tài chính ngắn hạn với khoản mục vay và nợ thuê tài chính dài
hạn theo quy định hiện hành về kế toán.
- Vốn chủ sở hữu lấy số liệu trên Bảng cân đối kế toán.
(i) Hệ số rủi ro tín dụng áp dụng theo chỉ tiêu doanh thu, tỷ lệ đòn bẩy, vốn chủ
sở hữu của doanh nghiệp như sau:
Doanh thu từ
Doanh thu Doanh thu từ Doanh thu
100 tỷ đồng
dưới 100 tỷ 400 tỷ đồng đến trên 1500 tỷ
đến dưới
đồng 1500 tỷ đồng đồng
400 tỷ đồng
Tỷ lệ đòn bẩy
100% 80% 60% 50%
dưới 25%
Tỷ lệ đòn bẩy từ
125% 110% 95% 80%
25% đến 50%
Tỷ lệ đòn bẩy
160% 150% 140% 120%
trên 50%
Vốn chủ sở hữu
250%
âm hoặc bằng 0
(ii) Hệ số rủi ro tín dụng 200% được áp dụng đối với các doanh nghiệp không
cung cấp Báo cáo tài chính cho ngân hàng, chi nhánh ngân hàng nước ngoài để
tính các chỉ tiêu doanh thu, tỷ lệ đòn bảy, vốn chủ sở hữu;
(iii) Đối với các doanh nghiệp thành lập mới (không bao gồm các trường hợp
thành lập do tổ chức lại, chuyển đổi hình thức pháp lý,...), hoạt động chưa được
01 năm, hệ số rủi ro tín dụng là 150%.
c) Đối với khoản cấp tín dụng chuyên biệt là khoản cấp tín dụng tài trợ dự án,
tài trợ máy móc thiết bị và tài trợ hàng hóa, hệ số rủi ro tín dụng áp dụng hệ số cao
hơn giữa hệ số rủi ro tín dụng 160% và hệ số rủi ro tín dụng đối với doanh nghiệp
theo quy định tại điểm b khoản 9 Điều này.
10. Đối với tài sản là khoản cho vay bảo đảm bằng bất động sản, hệ số rủi ro
tín dụng áp dụng như sau:
a) Ngân hàng, chi nhánh ngân hàng nước ngoài phải xác định Tỷ lệ bảo đảm
(viết tắt là LTV) đối với khoản phải đòi được đảm bảo bằng bất động sản như sau:
(i) Tỷ lệ bảo đảm (LTV) = Tổng số dư khoản phải đòi/Giá trị của tài sản bảo đảm.
Trong đó:
CÔNG BÁO/Số 77 + 78/Ngày 22-01-2017 31
- Tổng số dư khoản phải đòi bao gồm tổng số dư (đã giải ngân và số dư chưa
giải ngân) của khoản phải đòi và số dư (đã giải ngân và số dư chưa giải ngân) của
các khoản phải đòi khác được bảo đảm bằng bất động sản đó tại ngân hàng, chi
nhánh ngân hàng nước ngoài;
- Giá trị của tài sản bảo đảm là giá trị của bất động sản bảo đảm cho các khoản
phải đòi đó được xác định tại thời điểm xét duyệt cho vay.
(ii) Tỷ lệ bảo đảm (LTV) phải được xác định lại khi ngân hàng, chi nhánh ngân
hàng nước ngoài có thông tin giá trị của tài sản bảo đảm bị suy giảm trên 30% so
với giá trị tại thời điểm xác định gần nhất.
b) Hệ số rủi ro tín dụng áp dụng đối với khoản phải đòi được bảo đảm bằng bất
động sản không kinh doanh theo chỉ tiêu Tỷ lệ bảo đảm (LTV) như sau:
LTV từ LTV từ LTV từ
LTV từ
LTV 40% trở 60% trở 90% trở LTV từ
80% trở
LTV dưới lên đến lên đến lên đến 100%
lên đến
40% dưới dưới dưới trở lên
dưới 90%
60% 80% 100%
Hệ số rủi ro 30% 40% 50% 70% 80% 100%
c) Đối với khoản phải đòi được đảm bảo bằng bất động sản kinh doanh, hệ số
rủi ro tín dụng áp dụng theo chỉ tiêu Tỷ lệ bảo đảm (LTV) đối với khoản phải đòi
được đảm bảo bằng bất động sản kinh doanh như sau:
LTV từ 60% trở LTV từ 75%
LTV dưới 60%
lên đến dưới 75% trở lên
Khoản phải đòi được đảm
bảo bằng bất động sản 75% 100% 120%
kinh doanh
d) Đối với khoản phải đòi được đảm bảo bằng bất động sản là hỗn hợp bất
động sản kinh doanh và bất động sản không kinh doanh, hệ số rủi ro tín dụng được
xác định riêng cho từng bất động sản kinh doanh và bất động sản không kinh
doanh tương ứng theo tỷ lệ tổng diện tích mặt bằng của bất động sản;
đ) Hệ số rủi ro tín dụng 150% được áp dụng đối với khoản phải đòi được đảm
bảo bằng bất động sản mà ngân hàng, chi nhánh ngân hàng nước ngoài không có
thông tin về Tỷ lệ bảo đảm (LTV);
e) Hệ số rủi ro tín dụng 200% được áp dụng đối với tài sản là khoản cấp tín
dụng tài trợ dự án kinh doanh bất động sản.
11. Đối với tài sản là khoản cho vay thế chấp nhà, ngân hàng, chi nhánh ngân
hàng nước ngoài thực hiện như sau:
a) Xác định Tỷ lệ bảo đảm (LTV) theo quy định tại khoản 10 Điều này và Tỷ
lệ thu nhập (viết tắt là DSC) đối với khoản cho vay thế chấp nhà như sau:
32 CÔNG BÁO/Số 77 + 78/Ngày 22-01-2017
(i) Tỷ lệ thu nhập (DSC) = Tổng số dư phải hoàn trả trong năm/Tổng thu nhập
trong năm của khách hàng.
Trong đó:
- Tổng số dư phải hoàn trả trong năm bao gồm số dư nợ gốc và số dư nợ lãi;
- Tổng thu nhập trong năm của khách hàng là thu nhập trong năm tính DSC
của khách hàng sau khi đã trừ thuế thu nhập theo quy định và không bao gồm thu
nhập từ việc cho thuê nhà hình thành từ khoản cho vay đó. Trường hợp, khách
hàng cá nhân là đại diện ủy quyền cho hộ gia đình tham gia quan hệ vay vốn thì
tổng thu nhập trong năm của khách hàng được xác định theo tổng thu nhập của các
thành viên đồng trả nợ của hộ gia đình.
(ii) Tỷ lệ thu nhập (DSC) phải được xác định lại khi ngân hàng, chi nhánh
ngân hàng nước ngoài có thông tin thay đổi về tổng thu nhập của khách hàng.
b) Hệ số rủi ro áp dụng cho khoản cho vay thế chấp nhà ở theo Tỷ lệ bảo đảm (LTV)
và Tỷ lệ thu nhập (DSC) như sau:
LTV từ LTV từ LTV từ LTV từ
Các khoản cho LTV LTV từ
40% trở 60% trở 80% trở 90% trở lên
vay thế chấp dưới 100%
lên đến lên đến lên đến đến dưới
nhà ở 40% trở lên
dưới 60% dưới 80% dưới 90% 100%
DSC từ 35%
25% 30% 40% 50% 60% 80%
trở xuống
DSC trên 35% 30% 40% 50% 70% 80% 100%
c) Hệ số rủi ro tín dụng 200% được áp dụng đối với khoản cho vay thế chấp
nhà mà ngân hàng, chi nhánh ngân hàng nước ngoài không có thông tin về Tỷ lệ
bảo đảm (LTV) và/hoặc Tỷ lệ thu nhập (DSC).
12. Đối với tài sản là danh mục cấp tín dụng bán lẻ, hệ số rủi ro tín dụng là 75%.
13. Đối với khoản nợ xấu, hệ số rủi ro tín dụng áp dụng như sau:
a) Đối với khoản nợ xấu có dự phòng cụ thể nhỏ hơn 20% giá trị của khoản nợ xấu
(trừ khoản nợ xấu là khoản cho vay thế chấp nhà có dự phòng cụ thể nhỏ hơn 20%
giá trị của khoản nợ xấu), hệ số rủi ro tín dụng là 150%;
b) Đối với khoản nợ xấu có dự phòng cụ thể từ 20% đến 50% giá trị của khoản
nợ xấu, khoản nợ xấu là khoản cho vay thế chấp nhà có dự phòng cụ thể nhỏ hơn
20% giá trị của khoản nợ xấu, hệ số rủi ro tín dụng là 100%;
c) Đối với khoản nợ xấu có dự phòng cụ thể lớn hơn 50% giá trị của khoản nợ
xấu, khoản nợ xấu là khoản cho vay thế chấp nhà và có dự phòng cụ thể từ 20%
giá trị của khoản nợ xấu trở lên, hệ số rủi ro tín dụng là 50%.
14. Đối với tài sản là các khoản phải thu phát sinh từ việc bán nợ xấu (không
bao gồm các khoản phải thu phát sinh trong quá trình bán nợ xấu cho Công ty
CÔNG BÁO/Số 77 + 78/Ngày 22-01-2017 33
Quản lý tài sản của các tổ chức tín dụng Việt Nam và Công ty trách nhiệm hữu hạn
Mua bán nợ Việt Nam), hệ số rủi ro tín dụng là 200%.
15. Đối với tài sản là công cụ vốn chủ sở hữu, mua cổ phiếu của doanh nghiệp
(trừ các khoản đầu tư đã trừ khỏi vốn tự có quy định tại Phụ lục 1 kèm theo Thông
tư này) và các khoản cho vay để đầu tư, kinh doanh chứng khoán, khoản cho vay
giao dịch ký quỹ của công ty chứng khoán, hệ số rủi ro tín dụng là 150%.
16. Đối với tài sản là các khoản cho thuê tài chính, hệ số rủi ro tín dụng áp
dụng hệ số cao hơn giữa hệ số rủi ro tín dụng 160% và hệ số rủi ro tín dụng đối với
doanh nghiệp thuê tài chính theo quy định tại điểm b khoản 9 Điều này.
17. Đối với tài sản là các khoản mua lại khoản phải thu có bảo lưu quyền truy
đòi của công ty tài chính, công ty cho thuê tài chính theo quy định, hệ số rủi ro tín
dụng áp dụng hệ số rủi ro của khoản phải đòi đối với bên bán khoản phải thu.
Đối với các khoản mua lại khoản phải thu của công ty tài chính, công ty cho
thuê tài chính, hệ số rủi ro tín dụng áp dụng hệ số rủi ro của khoản phải đòi.
18. Đối với các tài sản khác trên bảng cân đối kế toán trừ các tài sản quy định
tại khoản 1, khoản 2, khoản 3, khoản 4, khoản 5, khoản 6, khoản 7, khoản 8, khoản 9,
khoản 10, khoản 11, khoản 12, khoản 13, khoản 14, khoản 15, khoản 16 và khoản 17
Điều này, hệ số rủi ro tín dụng là 100%.",Thành; corrected 2026-09-11 per data/raw_legal/TT41_FINDINGS.md; passage repaired 2026-09-11 from corpus 41/2016/TT-NHNN Điều 9 (verbatim; was annotator summary),,,
36,https://congbaocdn.chinhphu.vn/CongBaoCP/VanBan/2016/12/21991/16370-1-412016tt-nhnn16525pdf,Vốn cấp 2 tối đa bằng bao nhiêu % vốn cấp 1?,Vốn cấp 2 tối đa bằng 100% vốn cấp 1.,"Phụ lục 1, Phần A, mục I: Giá trị vốn cấp 2 tối đa bằng vốn cấp 1 (VỐN CẤP 2 (B) = B1 - B2 - 20).",Thành; corrected 2026-09-11 per data/raw_legal/TT41_FINDINGS.md,,,
37,,Ngân hàng báo cáo tỷ lệ an toàn vốn cho NHNN với tần suất nào?,Không có trong kho văn bản,,"Thành; corrected 2026-09-11 per data/raw_legal/TT41_FINDINGS.md: authority is TT 35/2015/TT-NHNN (biểu 118/119-TTGS), not in the corpus - converted to coverage-gap probe",,,
38,https://congbaocdn.chinhphu.vn/CongBaoCP/VanBan/2016/12/21991/16370-1-412016tt-nhnn16525pdf,Rủi ro hoạt động trong CAR tính theo phương pháp nào?,"Theo khoản 1 Điều 16 TT 41/2016/TT-NHNN: KOR = (BI năm thứ n + BI năm thứ n-1 + BI năm thứ n-2) / 3 × 15%. BI là chỉ số kinh doanh (Business Indicator) = IC + SC + FC (khoản 2, chi tiết tại Phụ lục 3), xác định theo quý gần nhất tại thời điểm tính toán - đây là công thức chỉ số kinh doanh của Basel III, không phải phương pháp chỉ số cơ bản (BIA) của Basel II.","Điều 16. Vốn yêu cầu cho rủi ro hoạt động
1. Vốn yêu cầu cho rủi ro hoạt động (K ) được xác định bằng công thức:
OR
(BI + BI + BI )
năm thứ n năm thứ n-1 năm thứ n-2
K = x 15%
OR
Trong đó:
- BI : Chỉ số kinh doanh được xác định theo quý gần nhất tại thời điểm
năm thứ n
tính toán;
- BI BI : Chỉ số kinh doanh được xác định theo quý tương
năm thứ n-1, năm thứ n-2
ứng của 2 năm liền kề trước năm tính toán.
2. Chỉ số kinh doanh được xác định theo công thức sau:
BI = IC + SC + FC
Trong đó:
- IC: Giá trị tuyệt đối của Thu nhập lãi và các khoản thu nhập tương tự trừ Chi
phí lãi và các khoản chi phí tương tự;
- SC: Tổng giá trị của Thu nhập từ hoạt động dịch vụ, Chi phí từ hoạt động
dịch vụ, Thu nhập hoạt động khác, Chi phí hoạt động khác;
CÔNG BÁO/Số 77 + 78/Ngày 22-01-2017 41
- FC: Tổng của giá trị tuyệt đối Lãi/lỗ thuần từ hoạt động kinh doanh ngoại
hối, mua bán chứng khoán kinh doanh và mua bán chứng khoán đầu tư.
Chỉ số kinh doanh được xác định theo hướng dẫn tại Phụ lục 3 ban hành kèm
theo Thông tư này.
Mục 4
VỐN YÊU CẦU CHO RỦI RO THỊ TRƯỜNG",Thành; corrected 2026-09-11 per data/raw_legal/TT41_FINDINGS.md; passage repaired 2026-09-11 from corpus 41/2016/TT-NHNN Điều 16 (verbatim; was annotator summary),,,
39,https://congbaocdn.chinhphu.vn/CongBaoCP/VanBan/2019/6/29358/27480-1-2019611-61206-2019-tt-nhnn.pdf,TT 06/2019/TT-NHNN quy định về lĩnh vực nào?,Hướng dẫn về quản lý ngoại hối đối với hoạt động đầu tư trực tiếp nước ngoài vào Việt Nam.,"Điều 1. Phạm vi điều chỉnh
1. Thông tư này hướng dẫn về quản lý ngoại hối đối với hoạt động đầu tư trực
tiếp nước ngoài vào Việt Nam bao gồm: Góp vốn đầu tư; mở và sử dụng tài khoản
vốn đầu tư trực tiếp bằng ngoại tệ và bằng đồng Việt Nam; chuyển tiền thực hiện
CÔNG BÁO/Số 611 + 612/Ngày 03-8-2019 77
hoạt động chuẩn bị đầu tư; chuyển vốn, lợi nhuận và nguồn thu hợp pháp ra nước
ngoài; chuyển nhượng vốn đầu tư, chuyển nhượng dự án đầu tư.
2. Các nội dung liên quan đến quản lý ngoại hối đối với doanh nghiệp có vốn
đầu tư trực tiếp nước ngoài là công ty đại chúng có cổ phiếu niêm yết hoặc đăng ký
giao dịch trên Sở giao dịch chứng khoán thực hiện theo quy định về quản lý ngoại
hối đối với hoạt động đầu tư gián tiếp nước ngoài vào Việt Nam.",Thành; passage repaired 2026-09-11 from corpus 06/2019/TT-NHNN Điều 1 (verbatim; was annotator summary),,,
40,https://congbaocdn.chinhphu.vn/CongBaoCP/VanBan/2019/6/29358/27480-1-2019611-61206-2019-tt-nhnn.pdf,Nhà đầu tư nước ngoài phải mở tài khoản vốn ĐTTT ở đâu?,Tại một ngân hàng được phép hoạt động ngoại hối tại Việt Nam.,"Điều 5. Mở và sử dụng tài khoản vốn đầu tư trực tiếp
1. Đối tượng mở và sử dụng tài khoản vốn đầu tư trực tiếp bao gồm:
a) Doanh nghiệp có vốn đầu tư trực tiếp nước ngoài quy định tại khoản 2 Điều 3
Thông tư này;
b) Nhà đầu tư nước ngoài tham gia hợp đồng BCC, nhà đầu tư nước ngoài trực
tiếp thực hiện dự án PPP trong trường hợp không thành lập doanh nghiệp dự án
(sau đây gọi là nhà đầu tư nước ngoài trực tiếp thực hiện dự án PPP).
2. Các đối tượng quy định tại khoản 1 Điều này mở tài khoản vốn đầu tư trực
tiếp theo quy định sau:
a) Phải mở tài khoản vốn đầu tư trực tiếp bằng ngoại tệ tại 01 (một) ngân hàng
được phép để thực hiện các giao dịch thu, chi hợp pháp bằng ngoại tệ liên quan
đến hoạt động đầu tư trực tiếp nước ngoài vào Việt Nam;
b) Tương ứng với loại ngoại tệ thực hiện góp vốn đầu tư, chỉ được mở 01
(một) tài khoản vốn đầu tư trực tiếp bằng loại ngoại tệ đó tại 01 (một) ngân hàng
được phép;
c) Trường hợp thực hiện đầu tư bằng đồng Việt Nam, được mở 01 (một) tài
khoản vốn đầu tư trực tiếp bằng đồng Việt Nam tại ngân hàng được phép nơi đã
mở tài khoản vốn đầu tư trực tiếp bằng ngoại tệ để thực hiện các giao dịch thu, chi
hợp pháp bằng đồng Việt Nam liên quan đến hoạt động đầu tư trực tiếp nước ngoài
vào Việt Nam;
80 CÔNG BÁO/Số 611 + 612/Ngày 03-8-2019
d) Trường hợp nhà đầu tư nước ngoài tham gia nhiều hợp đồng BCC hoặc trực
tiếp thực hiện nhiều dự án PPP, nhà đầu tư nước ngoài phải mở tài khoản vốn đầu
tư trực tiếp riêng biệt tương ứng với mỗi hợp đồng BCC, dự án PPP.
3. Trường hợp thực hiện các khoản vay nước ngoài mà đồng tiền đi vay không
tương ứng với đồng tiền mà doanh nghiệp có vốn đầu tư trực tiếp nước ngoài sử
dụng để mở tài khoản vốn đầu tư trực tiếp, doanh nghiệp có vốn đầu tư trực tiếp
nước ngoài được mở thêm tài khoản vay, trả nợ nước ngoài bằng loại đồng tiền đi
vay tại ngân hàng được phép nơi đã mở tài khoản vốn đầu tư trực tiếp để thực hiện
các giao dịch thu, chi hợp pháp liên quan đến khoản vay nước ngoài theo quy định
của pháp luật về vay, trả nợ nước ngoài của doanh nghiệp.
4. Trường hợp thay đổi ngân hàng được phép nơi mở tài khoản vốn đầu tư trực
tiếp, các đối tượng quy định tại khoản 1 Điều này thực hiện các bước sau:
a) Mở tài khoản vốn đầu tư trực tiếp tại ngân hàng được phép khác;
b) Chuyển toàn bộ số dư trên tài khoản vốn đầu tư trực tiếp đã mở trước đây
sang tài khoản vốn đầu tư trực tiếp mới, sau đó đóng tài khoản vốn đầu tư trực tiếp
đã mở trước đây;
c) Tài khoản vốn đầu tư trực tiếp tại ngân hàng được phép khác chỉ được sử
dụng để thực hiện các giao dịch thu, chi quy định tại Điều 6 và Điều 7 Thông tư
này sau khi hoàn tất các bước nêu tại điểm a, b khoản này.
5. Thủ tục mở, đóng tài khoản vốn đầu tư trực tiếp thực hiện theo quy định của
Ngân hàng Nhà nước Việt Nam (sau đây gọi là Ngân hàng Nhà nước) về việc mở
và sử dụng tài khoản thanh toán tại tổ chức cung ứng dịch vụ thanh toán.
6. Doanh nghiệp quy định tại điểm b, điểm c khoản 2 Điều 3 Thông tư này
phải thực hiện đóng tài khoản vốn đầu tư trực tiếp đã mở; nhà đầu tư nước ngoài là
người không cư trú có sở hữu cổ phần, phần vốn góp tại doanh nghiệp này thực
hiện mở tài khoản vốn đầu tư gián tiếp để thực hiện các giao dịch thu, chi theo quy
định về quản lý ngoại hối đối với hoạt động đầu tư gián tiếp nước ngoài vào Việt
Nam trong các trường hợp sau:
a) Sau khi thực hiện giao dịch chuyển nhượng cổ phần, phần vốn góp hoặc
phát hành thêm cổ phần để tăng vốn điều lệ tại doanh nghiệp có vốn đầu tư trực
tiếp nước ngoài, tỷ lệ sở hữu cổ phần, phần vốn góp của nhà đầu tư nước ngoài tại
doanh nghiệp này xuống dưới 51%;
CÔNG BÁO/Số 611 + 612/Ngày 03-8-2019 81
b) Sau khi doanh nghiệp có vốn đầu tư trực tiếp nước ngoài là công ty đại
chúng có cổ phiếu niêm yết hoặc đăng ký giao dịch trên Sở giao dịch chứng khoán.
Điều 5 Thông tư này), lợi nhuận và các nguồn thu hợp pháp liên quan đến hoạt
động đầu tư trực tiếp vào Việt Nam.
86 CÔNG BÁO/Số 611 + 612/Ngày 03-8-2019
2. Trường hợp doanh nghiệp có vốn đầu tư trực tiếp nước ngoài phải đóng tài
khoản vốn đầu tư trực tiếp do giải thể, phá sản, chấm dứt tồn tại của doanh
nghiệp hoặc do chuyển nhượng dự án đầu tư làm thay đổi pháp nhân đăng ký ban
đầu của doanh nghiệp có vốn đầu tư trực tiếp nước ngoài, nhà đầu tư nước ngoài
được sử dụng tài khoản thanh toán bằng ngoại tệ, tài khoản thanh toán bằng đồng
Việt Nam của nhà đầu tư nước ngoài đó mở tại ngân hàng được phép để thực
hiện các giao dịch mua ngoại tệ, chuyển vốn đầu tư trực tiếp và nguồn thu hợp
pháp ra nước ngoài.",Thành; passage repaired 2026-09-11 from corpus 06/2019/TT-NHNN Điều 5 (verbatim; was annotator summary),,,
41,https://congbaocdn.chinhphu.vn/CongBaoCP/VanBan/2019/6/29358/27480-1-2019611-61206-2019-tt-nhnn.pdf,Doanh nghiệp FDI được mở bao nhiêu tài khoản vốn ĐTTT?,01 tài khoản bằng ngoại tệ và 01 tài khoản bằng VND tại một ngân hàng được phép.,"Điều 5. Mở và sử dụng tài khoản vốn đầu tư trực tiếp
1. Đối tượng mở và sử dụng tài khoản vốn đầu tư trực tiếp bao gồm:
a) Doanh nghiệp có vốn đầu tư trực tiếp nước ngoài quy định tại khoản 2 Điều 3
Thông tư này;
b) Nhà đầu tư nước ngoài tham gia hợp đồng BCC, nhà đầu tư nước ngoài trực
tiếp thực hiện dự án PPP trong trường hợp không thành lập doanh nghiệp dự án
(sau đây gọi là nhà đầu tư nước ngoài trực tiếp thực hiện dự án PPP).
2. Các đối tượng quy định tại khoản 1 Điều này mở tài khoản vốn đầu tư trực
tiếp theo quy định sau:
a) Phải mở tài khoản vốn đầu tư trực tiếp bằng ngoại tệ tại 01 (một) ngân hàng
được phép để thực hiện các giao dịch thu, chi hợp pháp bằng ngoại tệ liên quan
đến hoạt động đầu tư trực tiếp nước ngoài vào Việt Nam;
b) Tương ứng với loại ngoại tệ thực hiện góp vốn đầu tư, chỉ được mở 01
(một) tài khoản vốn đầu tư trực tiếp bằng loại ngoại tệ đó tại 01 (một) ngân hàng
được phép;
c) Trường hợp thực hiện đầu tư bằng đồng Việt Nam, được mở 01 (một) tài
khoản vốn đầu tư trực tiếp bằng đồng Việt Nam tại ngân hàng được phép nơi đã
mở tài khoản vốn đầu tư trực tiếp bằng ngoại tệ để thực hiện các giao dịch thu, chi
hợp pháp bằng đồng Việt Nam liên quan đến hoạt động đầu tư trực tiếp nước ngoài
vào Việt Nam;
80 CÔNG BÁO/Số 611 + 612/Ngày 03-8-2019
d) Trường hợp nhà đầu tư nước ngoài tham gia nhiều hợp đồng BCC hoặc trực
tiếp thực hiện nhiều dự án PPP, nhà đầu tư nước ngoài phải mở tài khoản vốn đầu
tư trực tiếp riêng biệt tương ứng với mỗi hợp đồng BCC, dự án PPP.
3. Trường hợp thực hiện các khoản vay nước ngoài mà đồng tiền đi vay không
tương ứng với đồng tiền mà doanh nghiệp có vốn đầu tư trực tiếp nước ngoài sử
dụng để mở tài khoản vốn đầu tư trực tiếp, doanh nghiệp có vốn đầu tư trực tiếp
nước ngoài được mở thêm tài khoản vay, trả nợ nước ngoài bằng loại đồng tiền đi
vay tại ngân hàng được phép nơi đã mở tài khoản vốn đầu tư trực tiếp để thực hiện
các giao dịch thu, chi hợp pháp liên quan đến khoản vay nước ngoài theo quy định
của pháp luật về vay, trả nợ nước ngoài của doanh nghiệp.
4. Trường hợp thay đổi ngân hàng được phép nơi mở tài khoản vốn đầu tư trực
tiếp, các đối tượng quy định tại khoản 1 Điều này thực hiện các bước sau:
a) Mở tài khoản vốn đầu tư trực tiếp tại ngân hàng được phép khác;
b) Chuyển toàn bộ số dư trên tài khoản vốn đầu tư trực tiếp đã mở trước đây
sang tài khoản vốn đầu tư trực tiếp mới, sau đó đóng tài khoản vốn đầu tư trực tiếp
đã mở trước đây;
c) Tài khoản vốn đầu tư trực tiếp tại ngân hàng được phép khác chỉ được sử
dụng để thực hiện các giao dịch thu, chi quy định tại Điều 6 và Điều 7 Thông tư
này sau khi hoàn tất các bước nêu tại điểm a, b khoản này.
5. Thủ tục mở, đóng tài khoản vốn đầu tư trực tiếp thực hiện theo quy định của
Ngân hàng Nhà nước Việt Nam (sau đây gọi là Ngân hàng Nhà nước) về việc mở
và sử dụng tài khoản thanh toán tại tổ chức cung ứng dịch vụ thanh toán.
6. Doanh nghiệp quy định tại điểm b, điểm c khoản 2 Điều 3 Thông tư này
phải thực hiện đóng tài khoản vốn đầu tư trực tiếp đã mở; nhà đầu tư nước ngoài là
người không cư trú có sở hữu cổ phần, phần vốn góp tại doanh nghiệp này thực
hiện mở tài khoản vốn đầu tư gián tiếp để thực hiện các giao dịch thu, chi theo quy
định về quản lý ngoại hối đối với hoạt động đầu tư gián tiếp nước ngoài vào Việt
Nam trong các trường hợp sau:
a) Sau khi thực hiện giao dịch chuyển nhượng cổ phần, phần vốn góp hoặc
phát hành thêm cổ phần để tăng vốn điều lệ tại doanh nghiệp có vốn đầu tư trực
tiếp nước ngoài, tỷ lệ sở hữu cổ phần, phần vốn góp của nhà đầu tư nước ngoài tại
doanh nghiệp này xuống dưới 51%;
CÔNG BÁO/Số 611 + 612/Ngày 03-8-2019 81
b) Sau khi doanh nghiệp có vốn đầu tư trực tiếp nước ngoài là công ty đại
chúng có cổ phiếu niêm yết hoặc đăng ký giao dịch trên Sở giao dịch chứng khoán.
Điều 5 Thông tư này), lợi nhuận và các nguồn thu hợp pháp liên quan đến hoạt
động đầu tư trực tiếp vào Việt Nam.
86 CÔNG BÁO/Số 611 + 612/Ngày 03-8-2019
2. Trường hợp doanh nghiệp có vốn đầu tư trực tiếp nước ngoài phải đóng tài
khoản vốn đầu tư trực tiếp do giải thể, phá sản, chấm dứt tồn tại của doanh
nghiệp hoặc do chuyển nhượng dự án đầu tư làm thay đổi pháp nhân đăng ký ban
đầu của doanh nghiệp có vốn đầu tư trực tiếp nước ngoài, nhà đầu tư nước ngoài
được sử dụng tài khoản thanh toán bằng ngoại tệ, tài khoản thanh toán bằng đồng
Việt Nam của nhà đầu tư nước ngoài đó mở tại ngân hàng được phép để thực
hiện các giao dịch mua ngoại tệ, chuyển vốn đầu tư trực tiếp và nguồn thu hợp
pháp ra nước ngoài.",Thành; passage repaired 2026-09-11 from corpus 06/2019/TT-NHNN Điều 5 (verbatim; was annotator summary),,,
42,https://congbaocdn.chinhphu.vn/CongBaoCP/VanBan/2019/6/29358/27480-1-2019611-61206-2019-tt-nhnn.pdf,Nhà đầu tư nước ngoài chuyển tiền vào VN khi chưa có GCNĐKĐT thì làm thế nào?,Chuyển vào tài khoản thanh toán bằng ngoại tệ tại ngân hàng được phép để chi trả chi phí chuẩn bị đầu tư.,"Điều 6 và Điều 7 Thông tư này.
Điều 6. Các giao dịch thu, chi trên tài khoản vốn đầu tư trực tiếp bằng
ngoại tệ
1. Các giao dịch thu:
a) Thu chuyển khoản tiền góp vốn đầu tư trực tiếp bằng ngoại tệ của nhà đầu
tư nước ngoài, nhà đầu tư Việt Nam trong doanh nghiệp có vốn đầu tư trực tiếp
nước ngoài, nhà đầu tư nước ngoài tham gia hợp đồng BCC, nhà đầu tư nước ngoài
trực tiếp thực hiện dự án PPP;
b) Thu chuyển khoản tiền thanh toán giá trị chuyển nhượng vốn đầu tư, dự án
đầu tư theo quy định tại Điều 10 Thông tư này;
c) Thu chuyển khoản ngoại tệ mua từ tổ chức tín dụng được phép để chuyển
vốn, lợi nhuận và nguồn thu hợp pháp ra nước ngoài theo quy định tại Thông tư này;
d) Thu chuyển khoản từ tài khoản thanh toán bằng ngoại tệ mở tại ngân hàng
được phép của chính doanh nghiệp có vốn đầu tư trực tiếp nước ngoài, nhà đầu tư
nước ngoài tham gia hợp đồng BCC, nhà đầu tư nước ngoài trực tiếp thực hiện dự
án PPP để chuyển vốn, lợi nhuận và nguồn thu hợp pháp ra nước ngoài cho nhà
đầu tư nước ngoài;
đ) Thu chuyển đổi ngoại tệ để thực hiện góp vốn đầu tư trong trường hợp đồng
tiền góp vốn khác với đồng tiền của tài khoản vốn đầu tư trực tiếp đã mở;
e) Thu chuyển khoản tiền thặng dư vốn cổ phần từ việc phát hành thêm cổ
g) Thu chuyển khoản ngoại tệ thu được từ doanh thu bán sản phẩm dầu khí
trong nước (sau khi thực hiện đầy đủ các nghĩa vụ tài chính và trừ đi các chi phí
bằng đồng Việt Nam) theo quy định của pháp luật về dầu khí và Thỏa thuận bảo
lãnh và cam kết của Chính phủ (nếu có);
h) Các khoản thu chuyển khoản liên quan đến khoản vay nước ngoài của
doanh nghiệp có vốn đầu tư trực tiếp nước ngoài theo quy định của pháp luật về
vay, trả nợ nước ngoài của doanh nghiệp, trừ trường hợp quy định tại khoản 3 Điều 5
Thông tư này;
i) Các khoản thu hợp pháp khác bằng ngoại tệ liên quan đến hoạt động đầu tư
trực tiếp nước ngoài vào Việt Nam.
82 CÔNG BÁO/Số 611 + 612/Ngày 03-8-2019
2. Các giao dịch chi:
a) Chi chuyển khoản sang tài khoản thanh toán bằng ngoại tệ mở tại ngân hàng
được phép của chính doanh nghiệp có vốn đầu tư trực tiếp nước ngoài, nhà đầu tư
nước ngoài tham gia hợp đồng BCC, nhà đầu tư nước ngoài trực tiếp thực hiện dự
án PPP, người điều hành dự án dầu khí theo quy định của pháp luật về dầu khí để
thực hiện hoạt động đầu tư trực tiếp nước ngoài vào Việt Nam;
b) Chi bán ngoại tệ cho tổ chức tín dụng được phép để chuyển vào tài khoản
thanh toán bằng đồng Việt Nam của chính doanh nghiệp có vốn đầu tư trực tiếp
nước ngoài, nhà đầu tư nước ngoài tham gia hợp đồng BCC, nhà đầu tư nước ngoài
trực tiếp thực hiện dự án PPP;
c) Chi chuyển khoản tiền thanh toán giá trị chuyển nhượng vốn đầu tư, dự án
đầu tư cho bên chuyển nhượng ở nước ngoài hoặc chi bán ngoại tệ để thanh toán
giá trị chuyển nhượng vốn đầu tư, dự án đầu tư cho bên chuyển nhượng tại Việt
Nam bằng đồng Việt Nam theo quy định tại Điều 10 Thông tư này;
d) Chi chuyển khoản lợi nhuận và các nguồn thu hợp pháp bằng ngoại tệ từ
hoạt động đầu tư trực tiếp nước ngoài vào Việt Nam của nhà đầu tư nước ngoài ra
nước ngoài;
đ) Chi chuyển khoản vốn đầu tư trực tiếp bằng ngoại tệ của nhà đầu tư nước
ngoài ra nước ngoài trong trường hợp giảm vốn đầu tư, kết thúc, thanh lý, chấm
dứt hoạt động của dự án đầu tư, hợp đồng BCC, hợp đồng PPP theo quy định của
pháp luật về đầu tư;
e) Chi chuyển đổi ngoại tệ để thực hiện chuyển vốn, lợi nhuận và nguồn thu
hợp pháp từ hoạt động đầu tư trực tiếp ra nước ngoài trong trường hợp đồng tiền
chuyển vốn, lợi nhuận và nguồn thu hợp pháp ra nước ngoài khác với đồng tiền
của tài khoản vốn đầu tư trực tiếp đã mở;
g) Các khoản chi chuyển khoản liên quan đến khoản vay nước ngoài bằng
ngoại tệ của doanh nghiệp có vốn đầu tư trực tiếp nước ngoài theo quy định của
pháp luật về vay, trả nợ nước ngoài của doanh nghiệp, trừ trường hợp quy định tại
khoản 3 Điều 5 Thông tư này;
h) Các khoản chi hợp pháp khác bằng ngoại tệ liên quan đến hoạt động đầu tư
trực tiếp nước ngoài vào Việt Nam.
CÔNG BÁO/Số 611 + 612/Ngày 03-8-2019 83",Thành; passage repaired 2026-09-11 from corpus 06/2019/TT-NHNN Điều 6 (verbatim; was annotator summary),,,
43,https://congbaocdn.chinhphu.vn/CongBaoCP/VanBan/2019/6/29358/27480-1-2019611-61206-2019-tt-nhnn.pdf,Chuyển lợi nhuận ra nước ngoài quy định thế nào?,"Được chuyển sau khi hoàn thành nghĩa vụ tài chính với Nhà nước VN, trừ trường hợp có lỗ lũy kế chưa xử lý.","Điều 8. Chuyển tiền thực hiện hoạt động chuẩn bị đầu tư
1. Trước khi được cơ quan có thẩm quyền cấp Giấy chứng nhận đăng ký đầu
tư, Thông báo về việc đáp ứng điều kiện góp vốn, mua cổ phần, mua lại phần vốn
góp của nhà đầu tư nước ngoài, Giấy phép thành lập và hoạt động theo pháp luật
chuyên ngành, ký kết hợp đồng PPP, nhà đầu tư nước ngoài được phép chuyển tiền
từ nước ngoài hoặc từ tài khoản thanh toán bằng ngoại tệ, đồng Việt Nam của nhà
đầu tư nước ngoài đó mở tại ngân hàng được phép tại Việt Nam để thanh toán các
chi phí hợp pháp trong giai đoạn thực hiện hoạt động chuẩn bị đầu tư tại Việt Nam.
2. Sau khi được cơ quan có thẩm quyền cấp Giấy chứng nhận đăng ký đầu tư,
Thông báo về việc đáp ứng điều kiện góp vốn, mua cổ phần, mua lại phần vốn góp
của nhà đầu tư nước ngoài, Giấy phép thành lập và hoạt động theo pháp luật
chuyên ngành, ký kết hợp đồng PPP, số tiền nhà đầu tư nước ngoài đã chuyển vào
Việt Nam để thực hiện hoạt động chuẩn bị đầu tư được sử dụng để:
a) Chuyển một phần hoặc toàn bộ thành vốn góp;
b) Chuyển một phần hoặc toàn bộ thành vốn vay nước ngoài của doanh nghiệp
có vốn đầu tư trực tiếp nước ngoài. Trường hợp chuyển thành khoản vay nước
CÔNG BÁO/Số 611 + 612/Ngày 03-8-2019 85
ngoài, doanh nghiệp có vốn đầu tư trực tiếp nước ngoài tuân thủ quy định của pháp
luật về vay, trả nợ nước ngoài của doanh nghiệp. Thời hạn của khoản vay nước
ngoài được tính từ ngày dự án được cấp có thẩm quyền cấp Giấy chứng nhận đăng
ký đầu tư, Giấy phép thành lập và hoạt động theo pháp luật chuyên ngành, ký kết
hợp đồng PPP hoặc ngày mà các bên ký thỏa thuận vay nước ngoài (tùy thuộc vào
ngày nào đến sau) đến ngày trả nợ cuối cùng;
c) Chuyển trả cho nhà đầu tư nước ngoài bằng ngoại tệ, đồng Việt Nam số tiền
đã chuyển vào Việt Nam để thực hiện hoạt động chuẩn bị đầu tư sau khi đã trừ đi
các chi phí hợp pháp liên quan đến hoạt động chuẩn bị đầu tư tại Việt Nam.
3. Trường hợp không được cơ quan có thẩm quyền cấp Giấy chứng nhận đăng
ký đầu tư, Thông báo về việc đáp ứng điều kiện góp vốn, mua cổ phần, mua lại
pháp luật chuyên ngành, ký kết hợp đồng PPP hoặc không tiếp tục thực hiện dự án
đầu tư trực tiếp tại Việt Nam, nhà đầu tư nước ngoài được chuyển ra nước ngoài số
tiền còn lại bằng ngoại tệ hoặc được mua ngoại tệ để chuyển ra nước ngoài đối với
số tiền đã chuyển vào Việt Nam và tiền lãi phát sinh (nếu có) sau khi trừ đi các chi
phí hợp pháp liên quan đến hoạt động chuẩn bị đầu tư tại Việt Nam.
4. Các giao dịch quy định tại khoản 1, khoản 2 và khoản 3 Điều này thực hiện
trên cơ sở thỏa thuận giữa các bên liên quan, xuất trình các tài liệu, chứng từ hợp lệ
chứng minh số tiền đã chuyển vào Việt Nam và các chi phí hợp pháp liên quan đến
hoạt động chuẩn bị đầu tư tại Việt Nam, đảm bảo tuân thủ quy định về quản lý
ngoại hối, quy định của pháp luật về đầu tư, pháp luật về kế toán và các quy định
pháp luật có liên quan.",Thành; passage repaired 2026-09-11 from corpus 06/2019/TT-NHNN Điều 8 (verbatim; was annotator summary),,,
44,https://congbaocdn.chinhphu.vn/CongBaoCP/VanBan/2019/6/29358/27480-1-2019611-61206-2019-tt-nhnn.pdf,Tài khoản vốn ĐTTT dùng cho giao dịch nào?,"Nhận vốn góp, nhận lợi nhuận chia, chi trả gốc lãi vay nước ngoài, chuyển vốn/lợi nhuận ra nước ngoài.","Điều 7. Các giao dịch thu, chi trên tài khoản vốn đầu tư trực tiếp bằng
đồng Việt Nam
1. Các giao dịch thu:
a) Thu chuyển khoản tiền góp vốn đầu tư trực tiếp bằng đồng Việt Nam của
nhà đầu tư nước ngoài, nhà đầu tư Việt Nam trong doanh nghiệp có vốn đầu tư
trực tiếp nước ngoài, nhà đầu tư nước ngoài tham gia hợp đồng BCC, nhà đầu tư
nước ngoài trực tiếp thực hiện dự án PPP;
b) Thu chuyển khoản tiền thanh toán giá trị chuyển nhượng vốn đầu tư, dự án
đầu tư theo quy định tại Điều 10 Thông tư này;
c) Thu chuyển khoản lợi nhuận được chia bằng đồng Việt Nam của nhà đầu
tư nước ngoài, nhà đầu tư Việt Nam trong doanh nghiệp có vốn đầu tư trực tiếp
nước ngoài, nhà đầu tư nước ngoài tham gia hợp đồng BCC, nhà đầu tư nước
ngoài trực tiếp thực hiện dự án PPP để thực hiện tăng vốn, mở rộng hoạt động
đầu tư tại Việt Nam;
d) Thu chuyển khoản từ tài khoản thanh toán bằng đồng Việt Nam của chính
doanh nghiệp có vốn đầu tư trực tiếp nước ngoài, nhà đầu tư nước ngoài tham gia
hợp đồng BCC, nhà đầu tư nước ngoài trực tiếp thực hiện dự án PPP để chuyển
vốn, lợi nhuận và nguồn thu hợp pháp ra nước ngoài cho nhà đầu tư nước ngoài;
đ) Thu chuyển khoản tiền thặng dư vốn cổ phần từ việc phát hành thêm cổ
e) Các khoản thu chuyển khoản liên quan đến khoản vay nước ngoài bằng
đồng Việt Nam của doanh nghiệp có vốn đầu tư trực tiếp nước ngoài được phép
vay nước ngoài bằng đồng Việt Nam theo quy định của pháp luật về vay, trả nợ
nước ngoài của doanh nghiệp;
g) Các khoản thu hợp pháp khác bằng đồng Việt Nam liên quan đến hoạt động
đầu tư trực tiếp nước ngoài vào Việt Nam.
2. Các giao dịch chi:
a) Chi chuyển khoản sang tài khoản thanh toán bằng đồng Việt Nam mở tại
ngân hàng được phép của chính doanh nghiệp có vốn đầu tư trực tiếp nước ngoài,
nhà đầu tư nước ngoài tham gia hợp đồng BCC, nhà đầu tư nước ngoài trực tiếp
thực hiện dự án PPP, người điều hành dự án dầu khí theo quy định của pháp luật
về dầu khí để thực hiện hoạt động đầu tư trực tiếp nước ngoài vào Việt Nam;
84 CÔNG BÁO/Số 611 + 612/Ngày 03-8-2019
b) Chi chuyển khoản tiền thanh toán giá trị chuyển nhượng vốn đầu tư, dự án
đầu tư cho bên chuyển nhượng tại Việt Nam hoặc chi mua ngoại tệ để thanh toán
giá trị chuyển nhượng vốn đầu tư, dự án đầu tư cho bên chuyển nhượng ở nước
ngoài theo quy định tại Điều 10 Thông tư này;
c) Chi mua ngoại tệ chuyển khoản để chuyển lợi nhuận và các nguồn thu hợp
pháp bằng đồng Việt Nam cho nhà đầu tư nước ngoài ra nước ngoài;
d) Chi chuyển khoản vốn đầu tư trực tiếp bằng đồng Việt Nam cho nhà đầu tư
Việt Nam hoặc chi mua ngoại tệ để chuyển vốn đầu tư trực tiếp cho nhà đầu tư
nước ngoài ra nước ngoài trong trường hợp giảm vốn đầu tư, kết thúc, thanh lý,
chấm dứt hoạt động của dự án đầu tư, hợp đồng BCC, hợp đồng PPP theo quy định
của pháp luật về đầu tư;
đ) Các khoản chi chuyển khoản liên quan đến khoản vay nước ngoài bằng
đồng Việt Nam của doanh nghiệp có vốn đầu tư trực tiếp nước ngoài được phép
vay nước ngoài bằng đồng Việt Nam theo quy định của pháp luật về vay, trả nợ
nước ngoài;
e) Các khoản chi hợp pháp khác bằng đồng Việt Nam liên quan đến hoạt động
đầu tư trực tiếp nước ngoài vào Việt Nam.",Thành; passage repaired 2026-09-11 from corpus 06/2019/TT-NHNN Điều 7 (verbatim; was annotator summary),,,
45,https://congbaocdn.chinhphu.vn/CongBaoCP/VanBan/2019/6/29358/27480-1-2019611-61206-2019-tt-nhnn.pdf,Đăng ký tài khoản vốn ĐTTT tại NHNN trong bao lâu?,"Trong 30 ngày kể từ ngày mở tài khoản, đăng ký với NHNN chi nhánh tỉnh/TP nơi đặt trụ sở.","Điều 12. Trách nhiệm của doanh nghiệp có vốn đầu tư trực tiếp nước
ngoài và nhà đầu tư nước ngoài
1. Tuân thủ các quy định về đầu tư trực tiếp nước ngoài vào Việt Nam theo
quy định tại Thông tư này và các quy định của pháp luật có liên quan.
2. Kê khai trung thực, đầy đủ nội dung giao dịch liên quan đến hoạt động đầu
tư trực tiếp nước ngoài vào Việt Nam; cung cấp các tài liệu, chứng từ liên quan
đến hoạt động đầu tư trực tiếp nước ngoài vào Việt Nam theo yêu cầu và hướng
dẫn của tổ chức tín dụng được phép; tự chịu trách nhiệm trước pháp luật về tính
xác thực của các loại tài liệu, chứng từ đã cung cấp cho tổ chức tín dụng được phép.
88 CÔNG BÁO/Số 611 + 612/Ngày 03-8-2019
3. Mua ngoại tệ tại tổ chức tín dụng được phép để chuyển vốn, lợi nhuận,
nguồn thu hợp pháp ra nước ngoài cho nhà đầu tư nước ngoài theo quy định tại
Thông tư này.
4. Chuyển trả các khoản thanh toán giá trị chuyển nhượng vốn đầu tư, dự án
đầu tư cho nhà đầu tư nước ngoài, nhà đầu tư Việt Nam đối với trường hợp thanh
toán giá trị chuyển nhượng vốn đầu tư, dự án đầu tư quy định tại điểm b khoản 1",Thành; passage repaired 2026-09-11 from corpus 06/2019/TT-NHNN Điều 12 (verbatim; was annotator summary),,,
46,https://congbaocdn.chinhphu.vn/CongBaoCP/VanBan/2019/6/29358/27480-1-2019611-61206-2019-tt-nhnn.pdf,Ngân hàng được phép có trách nhiệm gì khi quản lý TKĐTTT?,"TCTD được phép có trách nhiệm: hướng dẫn xuất trình tài liệu, chứng từ hợp lệ về quản lý ngoại hối; mở, đóng tài khoản vốn đầu tư trực tiếp theo đề nghị; xem xét, kiểm tra, lưu giữ giấy tờ, chứng từ phù hợp giao dịch thực tế để đảm bảo cung ứng dịch vụ ngoại hối đúng mục đích; yêu cầu cung cấp tài liệu, chứng từ liên quan; bán ngoại tệ cho nhà đầu tư để chuyển ra nước ngoài trên cơ sở tự cân đối nguồn ngoại tệ; xác nhận bằng văn bản số dư, thông tin giao dịch theo yêu cầu (Điều 11 TT 06/2019/TT-NHNN).","Điều 11. Trách nhiệm của tổ chức tín dụng được phép
1. Hướng dẫn doanh nghiệp có vốn đầu tư trực tiếp nước ngoài, nhà đầu tư
nước ngoài xuất trình các tài liệu, chứng từ hợp lệ theo quy định của pháp luật hiện
hành về quản lý ngoại hối.
2. Thực hiện mở, đóng tài khoản vốn đầu tư trực tiếp theo đề nghị của doanh
nghiệp có vốn đầu tư trực tiếp nước ngoài, nhà đầu tư nước ngoài phù hợp với quy
định tại Thông tư này.
3. Xem xét, kiểm tra, lưu giữ các giấy tờ và chứng từ phù hợp với các giao
dịch thực tế để đảm bảo việc cung ứng các dịch vụ ngoại hối cho doanh nghiệp có
vốn đầu tư trực tiếp nước ngoài, nhà đầu tư nước ngoài được thực hiện đúng mục
đích và phù hợp với quy định của pháp luật.
4. Yêu cầu doanh nghiệp có vốn đầu tư trực tiếp nước ngoài, nhà đầu tư nước
ngoài cung cấp các tài liệu, chứng từ liên quan đến hoạt động đầu tư trực tiếp nước
ngoài vào Việt Nam.
5. Bán ngoại tệ cho nhà đầu tư nước ngoài, doanh nghiệp có vốn đầu tư trực
tiếp nước ngoài để chuyển ra nước ngoài cho nhà đầu tư nước ngoài trên cơ sở tự
cân đối nguồn ngoại tệ của tổ chức tín dụng được phép và phù hợp với quy định
của pháp luật.
6. Xác nhận bằng văn bản theo yêu cầu của chủ tài khoản về số dư tài khoản,
thông tin về giao dịch trên tài khoản thanh toán, tài khoản vốn đầu tư trực tiếp của
doanh nghiệp có vốn đầu tư trực tiếp nước ngoài, nhà đầu tư nước ngoài.","Thành; corrected 2026-09-11 against TT 06/2019/TT-NHNN (Điều 15 is the organisation clause; the duties are Điều 11, the currency sale is Điều 6 khoản 2 điểm b); passage repaired 2026-09-11 from corpus 06/2019/TT-NHNN Điều 11 (verbatim; was annotator summary)",,,
47,https://congbaocdn.chinhphu.vn/CongBaoCP/VanBan/2019/6/29358/27480-1-2019611-61206-2019-tt-nhnn.pdf,Ngoại tệ trên TKĐTTT có được bán cho ngân hàng không?,Được. Doanh nghiệp có vốn đầu tư trực tiếp nước ngoài được chi bán ngoại tệ trên tài khoản vốn đầu tư trực tiếp cho tổ chức tín dụng được phép để chuyển vào tài khoản thanh toán bằng đồng Việt Nam của chính doanh nghiệp (điểm b khoản 2 Điều 6 TT 06/2019/TT-NHNN).,"Điều 6 và Điều 7 Thông tư này.
Điều 6. Các giao dịch thu, chi trên tài khoản vốn đầu tư trực tiếp bằng
ngoại tệ
1. Các giao dịch thu:
a) Thu chuyển khoản tiền góp vốn đầu tư trực tiếp bằng ngoại tệ của nhà đầu
tư nước ngoài, nhà đầu tư Việt Nam trong doanh nghiệp có vốn đầu tư trực tiếp
nước ngoài, nhà đầu tư nước ngoài tham gia hợp đồng BCC, nhà đầu tư nước ngoài
trực tiếp thực hiện dự án PPP;
b) Thu chuyển khoản tiền thanh toán giá trị chuyển nhượng vốn đầu tư, dự án
đầu tư theo quy định tại Điều 10 Thông tư này;
c) Thu chuyển khoản ngoại tệ mua từ tổ chức tín dụng được phép để chuyển
vốn, lợi nhuận và nguồn thu hợp pháp ra nước ngoài theo quy định tại Thông tư này;
d) Thu chuyển khoản từ tài khoản thanh toán bằng ngoại tệ mở tại ngân hàng
được phép của chính doanh nghiệp có vốn đầu tư trực tiếp nước ngoài, nhà đầu tư
nước ngoài tham gia hợp đồng BCC, nhà đầu tư nước ngoài trực tiếp thực hiện dự
án PPP để chuyển vốn, lợi nhuận và nguồn thu hợp pháp ra nước ngoài cho nhà
đầu tư nước ngoài;
đ) Thu chuyển đổi ngoại tệ để thực hiện góp vốn đầu tư trong trường hợp đồng
tiền góp vốn khác với đồng tiền của tài khoản vốn đầu tư trực tiếp đã mở;
e) Thu chuyển khoản tiền thặng dư vốn cổ phần từ việc phát hành thêm cổ
g) Thu chuyển khoản ngoại tệ thu được từ doanh thu bán sản phẩm dầu khí
trong nước (sau khi thực hiện đầy đủ các nghĩa vụ tài chính và trừ đi các chi phí
bằng đồng Việt Nam) theo quy định của pháp luật về dầu khí và Thỏa thuận bảo
lãnh và cam kết của Chính phủ (nếu có);
h) Các khoản thu chuyển khoản liên quan đến khoản vay nước ngoài của
doanh nghiệp có vốn đầu tư trực tiếp nước ngoài theo quy định của pháp luật về
vay, trả nợ nước ngoài của doanh nghiệp, trừ trường hợp quy định tại khoản 3 Điều 5
Thông tư này;
i) Các khoản thu hợp pháp khác bằng ngoại tệ liên quan đến hoạt động đầu tư
trực tiếp nước ngoài vào Việt Nam.
82 CÔNG BÁO/Số 611 + 612/Ngày 03-8-2019
2. Các giao dịch chi:
a) Chi chuyển khoản sang tài khoản thanh toán bằng ngoại tệ mở tại ngân hàng
được phép của chính doanh nghiệp có vốn đầu tư trực tiếp nước ngoài, nhà đầu tư
nước ngoài tham gia hợp đồng BCC, nhà đầu tư nước ngoài trực tiếp thực hiện dự
án PPP, người điều hành dự án dầu khí theo quy định của pháp luật về dầu khí để
thực hiện hoạt động đầu tư trực tiếp nước ngoài vào Việt Nam;
b) Chi bán ngoại tệ cho tổ chức tín dụng được phép để chuyển vào tài khoản
thanh toán bằng đồng Việt Nam của chính doanh nghiệp có vốn đầu tư trực tiếp
nước ngoài, nhà đầu tư nước ngoài tham gia hợp đồng BCC, nhà đầu tư nước ngoài
trực tiếp thực hiện dự án PPP;
c) Chi chuyển khoản tiền thanh toán giá trị chuyển nhượng vốn đầu tư, dự án
đầu tư cho bên chuyển nhượng ở nước ngoài hoặc chi bán ngoại tệ để thanh toán
giá trị chuyển nhượng vốn đầu tư, dự án đầu tư cho bên chuyển nhượng tại Việt
Nam bằng đồng Việt Nam theo quy định tại Điều 10 Thông tư này;
d) Chi chuyển khoản lợi nhuận và các nguồn thu hợp pháp bằng ngoại tệ từ
hoạt động đầu tư trực tiếp nước ngoài vào Việt Nam của nhà đầu tư nước ngoài ra
nước ngoài;
đ) Chi chuyển khoản vốn đầu tư trực tiếp bằng ngoại tệ của nhà đầu tư nước
ngoài ra nước ngoài trong trường hợp giảm vốn đầu tư, kết thúc, thanh lý, chấm
dứt hoạt động của dự án đầu tư, hợp đồng BCC, hợp đồng PPP theo quy định của
pháp luật về đầu tư;
e) Chi chuyển đổi ngoại tệ để thực hiện chuyển vốn, lợi nhuận và nguồn thu
hợp pháp từ hoạt động đầu tư trực tiếp ra nước ngoài trong trường hợp đồng tiền
chuyển vốn, lợi nhuận và nguồn thu hợp pháp ra nước ngoài khác với đồng tiền
của tài khoản vốn đầu tư trực tiếp đã mở;
g) Các khoản chi chuyển khoản liên quan đến khoản vay nước ngoài bằng
ngoại tệ của doanh nghiệp có vốn đầu tư trực tiếp nước ngoài theo quy định của
pháp luật về vay, trả nợ nước ngoài của doanh nghiệp, trừ trường hợp quy định tại
khoản 3 Điều 5 Thông tư này;
h) Các khoản chi hợp pháp khác bằng ngoại tệ liên quan đến hoạt động đầu tư
trực tiếp nước ngoài vào Việt Nam.
CÔNG BÁO/Số 611 + 612/Ngày 03-8-2019 83","Thành; corrected 2026-09-11 against TT 06/2019/TT-NHNN (Điều 15 is the organisation clause; the duties are Điều 11, the currency sale is Điều 6 khoản 2 điểm b); passage repaired 2026-09-11 from corpus 06/2019/TT-NHNN Điều 6 (verbatim; was annotator summary)",,,
48,https://congbaocdn.chinhphu.vn/CongBaoCP/VanBan/2019/6/29358/27480-1-2019611-61206-2019-tt-nhnn.pdf,"Khi giảm vốn đầu tư, nhà đầu tư nước ngoài chuyển tiền ra nước ngoài thế nào?",Chuyển phần vốn giảm qua TKĐTTT sau khi hoàn thành nghĩa vụ tài chính và được cơ quan có thẩm quyền chấp thuận.,"Điều 10. Chuyển nhượng vốn đầu tư và dự án đầu tư
1. Việc thanh toán giá trị chuyển nhượng cổ phần, phần vốn góp tại doanh
nghiệp có vốn đầu tư trực tiếp nước ngoài quy định tại khoản 2 Điều 3 Thông tư
này được thực hiện như sau:
a) Giữa các nhà đầu tư là người không cư trú hoặc giữa các nhà đầu tư là người
cư trú không thực hiện thông qua tài khoản vốn đầu tư trực tiếp;
b) Giữa nhà đầu tư là người không cư trú và nhà đầu tư là người cư trú phải
thực hiện thông qua tài khoản vốn đầu tư trực tiếp.
2. Việc thanh toán giá trị chuyển nhượng dự án đầu tư giữa các nhà đầu tư
trong hợp đồng BCC, giữa các nhà đầu tư trực tiếp thực hiện dự án PPP được thực
hiện như sau:
a) Giữa các nhà đầu tư là người không cư trú hoặc giữa nhà đầu tư là người
không cư trú và nhà đầu tư là người cư trú trong hợp đồng BCC phải thực hiện
thông qua tài khoản vốn đầu tư trực tiếp;
b) Giữa các nhà đầu tư là người không cư trú hoặc giữa nhà đầu tư là người
không cư trú và nhà đầu tư là người cư trú trực tiếp thực hiện dự án PPP phải thực
hiện thông qua tài khoản vốn đầu tư trực tiếp.
3. Đồng tiền định giá, thanh toán giá trị chuyển nhượng vốn đầu tư, dự án đầu
tư trong hoạt động đầu tư trực tiếp nước ngoài vào Việt Nam:
a) Việc định giá, thanh toán giá trị chuyển nhượng vốn đầu tư, dự án đầu tư
giữa hai người không cư trú được phép thực hiện bằng ngoại tệ;
b) Việc định giá, thanh toán giá trị chuyển nhượng vốn đầu tư, dự án đầu tư
giữa người cư trú và người không cư trú, giữa người cư trú với nhau phải thực hiện
bằng đồng Việt Nam.
CÔNG BÁO/Số 611 + 612/Ngày 03-8-2019 87
TRÁCH NHIỆM CỦA CÁC BÊN LIÊN QUAN
Điều 10 Thông tư này.
5. Thực hiện báo cáo các nội dung liên quan theo yêu cầu của Ngân hàng
Nhà nước.
ĐIỀU KHOẢN THI HÀNH",Thành; passage repaired 2026-09-11 from corpus 06/2019/TT-NHNN Điều 10 (verbatim; was annotator summary),,,
49,https://datafiles.chinhphu.vn/cpp/files/vbpq/2023/7/06-nhnn.pdf,TT 06/2023/TT-NHNN sửa đổi bổ sung những gì của TT 39/2016?,"Sửa đổi, bổ sung các điều 2, 8, 11, 13, 18, 22, 23, 24, 26, 27 của TT 39/2016/TT-NHNN; bổ sung Mục 3 Chương II về cho vay bằng phương tiện điện tử (Điều 32a-32h); bãi bỏ khoản 5 Điều 7 (Điều 1, Điều 2 TT 06/2023/TT-NHNN).","Điều 1. Sửa đối, bố sung một số điều của Thông tư số 39/2016/TT-
NHNN
1. Sửa đôi, bố sung điểm c khoản 6 và bổ sung khoản 12 Điều 2 như sau:
a) Sửa đối, bô sung điểm c khoản 6 như sau:
*e) Phương án, dự án thực hiện hoạt động kinh doanh hoặc phương án, dự
án phục vụ nhu cầu đời sống để mua nhà ở; xây dựng, cải tạo nhà ở; nhận
chuyền nhượng quyền sử dụng đất đề xây nhà ở.”
b) Bồ sung khoản 12 như sau:
“12. Cho vay bù đắp tài chính là việc tổ chức tín dụng cho khách hàng
vay để bù đắp các chỉ phí đã thanh toán, chi trả bằng vốn của chính khách
hàng, vốn vay từ cá nhân, tổ chức (không phải tổ chức tín dụng) nhằm thực
hiện phương án, dự án hoạt động kinh doanh hoặc phương án, dự án phục vụ
nhu cầu đời sống.”
2. Sửa đôi, bô sung Điều 8 như sau:
sÀ ~ À Ấ ˆ
“Điêu 8. Những nhu cầu vôn không được cho vay
Tô chức tín dụng không được cho vay đôi với các nhu cầu vốn:
- 1, Để thực hiện các hoạt động đầu tư kinh doanh thuộc ngành, nghề cắm
đâu tư kinh doanh theo quy định của Luật Đâu tư.
2. Đề thanh toán các chỉ phí, đáp ứng các nhu cầu tài chính của hoạt động
đầu tư kinh doanh thuộc ngành, nghề cấm đầu tư kinh doanh theo quy định của
Luật Đầu tư và các giao dịch, hành vi khác mà pháp luật cắm.
3. Để mua, sử dụng các hàng hóa, dịch vụ thuộc ngành, nghề cấm đầu tư
kinh doanh theo quy định của Luật Đâu tư.
4. Đê mua vàng miêng.
5. Để trả nợ khoản cấp tín dụng tại chính tổ chức tín dụng cho vay, trừ
trường hợp cho vay để thanh toán lãi tiền vay phát sinh trong quá trình thi công
xây dựng công trình, mà chị phí lãi tiền vay được tính trong tông mức đầu tư
xây dựng được cấp có thẩm quyền phê duyệt theo quy định của pháp luật.
6. Để trả nợ khoản vay nước ngoài (không bao gồm khoản vay nước
ngoài dưới hình thức mua bán hàng hóa trả chậm), khoản cấp tín dụng tại tô
chức tín dụng khác, trừ trường hợp cho vay để trả nợ trước hạn khoản vay đáp
ứng đầy đú các điều kiện sau:
a) Thời hạn cho vay không vượt quá thời hạn cho vay còn lại của khoản
vay cũ;
b) Là khoản vay chưa thực hiện cơ cấu lại thời hạn trả nợ.
7. Đề gửi tiền.
§. Đề thanh toán tiền góp vốn, mua, nhận chuyển nhượng phần vốn góp
của công ty trách nhiệm hữu hạn, công ty hợp danh; góp vôn, mua, nhận
chuyển nhượng cổ phần của công ty cô phần chưa niêm vết trên thị trường
chứng khoán hoặc chưa đăng ký giao dịch trên hệ thống giao dịch Upcom.
9. Đề thanh toán tiền góp vốn theo hợp đồng góp vốn, hợp đồng hợp tác
đầu tư hoặc hợp đồng hợp tác kinh doanh đề thực hiện dự án đầu tư không đủ
điều kiện đưa vào kinh doanh theo quy định của pháp luật tại thời điểm tô chức
tín dụng quyết định cho vay.
_ 10. Để bù đắp tài chính, trừ trường hợp khoản vay đáp ứng đầy đủ các
điều kiện sau:
a) Khách hàng đã ứng vốn của chính khách hàng để thanh toán, chỉ trả chỉ
phí thực hiện dự án hoạt động kinh doanh, mà các chi phí thực hiện dự án hoạt
động kinh doanh này phát sinh dưới 12 tháng tính đến thời điểm tổ chức tín
dụng quyết định cho vay;
b) Các chi phí đã thanh toán, chỉ trả bằng vốn của chính khách hàng nhằm
thực hiện dự án hoạt động kinh doanh là các chi phí có sử dụng nguồn vôn vay
của tô chức tín dụng theo phương án sử dụng vốn đã gửi tổ chức tín dụng để
được xem xét cho vay trung, dài hạn nhằm thực hiện dự án hoạt động kinh
doanh đó.”
3. Sửa -đỗi, bổ sung khoản 2 Điều 11 như sau:
2 Đồng tiền trả nợ là đồng tiền cho vay của khoản vay. Trường hợp trả
nợ bằng đồng tiền khác, thì thực hiện theo thỏa thuận giữa tô chức tín dụng và
khách hàng phù hợp với quy định của pháp luật liên quan.”
4. Sửa đôi, bô sung khoản 2 Điều 13 như sau:
“2. Trường hợp khách hàng được tổ chức tín dụng đánh giá là có tình
hình tài chính minh bạch, lành mạnh, tổ chức tín dụng và khách hàng thỏa
thuận về lãi suất cho vay ngắn hạn bằng đồng Việt Nam nhưng không vượt quá
mức lãi suất cho vay tối đa do Thống đốc Ngân hàng Nhà nước Việt Nam
quyết định trong từng thời kỳ nhằm đáp ứng một số nhu cầu vốn:
a) Phục vụ lĩnh vực phát triển nông nghiệp, nông thôn theo quy định của
Chính phủ về chính sách tín dụng phục vụ phát triển nông nghiệp, nông thôn;
b) Thực hiện phương án kinh doanh hàng xuất khẩu theo quy định của
Luật Thương mại và các văn bản hướng dân Luật Thương mại;
c) Phục vụ kinh doanh của doanh nghiệp nhỏ và vừa theo quy định của
Luật Hồ trợ doanh nghiệp nhỏ và vừa và quy định của Chính phủ về hồ trợ
doanh nghiệp nhỏ và vừa;
d) Phát triển ngành công nghiệp hỗ trợ theo quy định của Chính phủ về
phát triển công nghiệp hỗ trợ;
đ) Phục vụ kinh doanh của doanh nghiệp ứng dụng công nghệ cao thuộc
Danh mục công nghệ cao ưu tiên đầu tư phát triển được Thủ tướng Chính phủ
phê duyệt, doanh nghiệp công nghệ cao theo quy định của Luật Công nghệ cao
và các văn bản hướng dẫn Luật Công nghệ cao.”.
5. Sửa đôi, bố sung khoản 4 Điều 18 như sau:
“4. Tổ chức tín dụng và khách hàng thỏa thuận về thứ tự thu nợ gốc, lãi
tiền vay. Đối với khoản nợ vay bị quá hạn trả nợ, tố chức tín dụng thực hiện
theo thứ tự nợ gốc thu trước, nợ lãi tiền vay thu sau. Đối với khoản nợ vay có
một hoặc một sô kỳ hạn trả nợ bị quá hạn, tổ chức tín dụng thực hiện thu nợ
theo thứ tự thu nợ gốc đã quá hạn, thu nợ lãi trên nợ gốc quá hạn chưa trả, thu
nợ gốc đến hạn, thu nợ lãi trên nợ gốc mà đến hạn chưa trả.”
6. Sửa đôi, bố sung khoản 1, điểm a, điểm b, điểm c, điểm e và điểm g
khoản 2 Điều 22 như sau:
a) Sửa đổi, bô sung khoản 1 như sau:
“1. Căn cứ quy định tại Luật Các tổ chức tín dụng, Thông tư này và các
quy định của pháp luật có liên quan, tô chức tín dụng ban hành quy định nội bộ
về cho vay, bao gồm quy định về cho vay bằng phương tiện điện tử (nếu có),
quản lý tiền vay phù hợp với đặc điểm hoạt động kinh doanh của tô chức tín
dụng (sau đây gọi là quy định nội bộ về cho vay).”.
b) Sửa đôi, bố sung điểm a khoản 2 như sau:
“a) Điều kiện cho vay, trong đó quy định các tiêu chí cụ thê xác định nhu
cầu vay vốn sử dụng vào mục đích hợp pháp, có phương án sử dụng vốn khả
thi và có khả năng tài chính để trả nợ; các nhu câu vôn không được cho vay;
phương thức cho vay; lãi suất cho vay và phương pháp tính lãi tiền vay; tiêu
chí xác định khách hàng có tình hình tài chính minh bạch, lành mạnh được vay
vốn theo lãi suất cho vay quy định tại khoản 2 Điều 13 Thông tư này; hồ sơ
cho vay và các tài liệu, dữ liệu của khách hàng gửi tổ chức tín dụng phù hợp
với đặc điểm của khoản vay, loại cho vay và đối tượng khách hàng; thu nợ;
điều kiện, quy trình và thủ tục cơ cấu lại thời hạn trả nợ; chuyển nợ quá hạn;
quy định cụ thể điều kiện cho vay không áp dụng biện pháp bảo đảm, lung cấp
thầm quyền quyết định cho vay không áp dụng biện pháp bảo đảm.”
c) Sửa đối, bổ sung điểm b khoản 2 như sau:
“b) Quy trình thâm định, phê duyệt và quyết định cho vay, trong đó quy
định cụ thê:
(¡) Thời hạn tối đa thâm định, quyết định cho vay; phân cấp, ủy quyền và
trách nhiệm của từng cá nhân, bộ phận trong việc thẩm định, phê duyệt, quyết
định cho vay, bao gồm quy định đôi với cho vay bằng phương tiện điện tử theo
quy định tại Điều 32đ Thông tư này (nêu có); các công việc khác thuộc quy
trình thầm định, phê duyệt và quyết định cho vay;
(¡) Trường hợp cho vay đề thanh toán tiền góp vốn theo hợp đồng góp vốn,
hợp đồng hợp tác đầu tư hoặc hợp đồng hợp tác kinh doanh đề thực hiện dự án;
(ii) Trường hợp cho vay để thanh toán tiền nhằm bảo đám thực hiện
nghĩa vụ, phải có biện pháp phong tỏa số tiền giải ngân vốn cho vay tại tô chức
tín dụng cho vay theo quy định của pháp luật, thỏa thuận của các bên tại thỏa
thuận cho vay cho đến khi chấm dứt nghĩa vụ bảo đảm; ”.
d) Sửa đối, bố sung điểm c khoản 2 như sau:
“e) Quy trình kiểm tra, giám sát quá trình vay vốn, sử dụng vốn vay và trả
nợ của khách hàng, trong đó quy định cụ thê:
(ï) Phân cấp, ủy quyền và trách nhiệm của từng cá nhân, bộ phận trong
việc kiểm tra, giám sát quá trình vay vốn, sử dụng vốn vay và trả nợ của khách
hàng;
(1) Trường hợp cho vay để thanh toán tiền góp vốn theo hợp đồng góp
vốn, hợp đồng hợp tác đầu tư hoặc hợp đồng hợp tác kinh doanh đề thực hiện
dự án, có biện pháp kiểm tra, giám sát, đánh giá tình hình tài chính, nguồn trả
nợ của khách hàng, đảm bảo khả năng thu hôi đầy đủ nợ gốc và lãi tiền vay
đúng hạn theo thoả thuận, kiểm soát việc sử dụng vốn vay đúng mục đích;
(ii) Trường hợp cho vay để thanh toán tiền nhằm bảo đảm thực hiện
nghĩa vụ, đảm bảo thu hôi được vôn cho vay trong trường hợp các bên không
thực hiện đúng thỏa thuận nghĩa vụ bảo đảm;”
đ) Sửa đổi, bố sung điểm e khoản 2 như sau:
“e) Nhận dạng các loại rủi ro có thể phát sinh; quy định theo dõi, đánh giá
và kiểm soát rủi ro; phương án xử lý rủi ro trong quá trình cho vay (bao gôm
cho vay bằng phương tiện điện tử);”
e) Sửa đồi, bỗ sung điểm g khoản 2 như sau:
“ø) Kiểm soát việc cho vay để trả nợ khoản vay tại tổ chức tín dụng, trả nợ
khoản vay nước ngoài nhằm phòng ngừa và ngăn chặn việc phản ánh sai lệch
chất lượng tín dụng. Kiểm soát việc cho vay theo phương thức cho vay tuần
hoàn và phương thức cho vay quay vòng nhằm quản lý dòng tiền của khách
hàng để đảm bảo khả năng thu hôi đầy đủ nợ gốc và lãi tiền vay đúng hạn theo
thoả thuận, phản ánh đúng chất lượng tín dụng. Kiểm soát việc cho vay để đầu
tư kinh doanh chứng khoán; cho vay mua, kinh doanh bất động sản; cho vay các
dự án đầu tư theo hình thức đối tác công tư; cho vay các nhu cầu vốn phục vụ
đời sống có giá trị lớn theo đánh giá của tô chức tín dụng; cho vay bằng phương
tiện điện tứ.”
7. Sửa đổi, bổ sung điểm b khoản 4 Điều 23 như sau:
“b) Cung cấp đầy đủ thông tin về hợp đồng theo mẫu, điều kiện giao dịch
chung cho khách hàng. biết trước khi giao kết thỏa thuận cho vay và có xác
nhận của khách hàng về việc đã được tô chức tín dụng cung cấp đầy đủ thông
tin.”
8. Sửa đổi, bố sung khoản 2 Điều 24 như sau:
“2, Tổ chức tín dụng có quyền, nghĩa vụ kiểm tra, giám sát việc sử dụng
vốn vay và trả nợ của khách hàng theo quy định của TP luật và quy trình nội
bộ quy định tại điểm c khoản 2 Điều 22 Thông tư này.”
9. Sửa đổi, bô sung khoản 2 và bỗ sung khoản 5 vào Điều 26 như sau:
a) Sửa đổi, bố sung khoản 2 như sau:
“2. Sử dụng các phương tiện thanh toán để giải ngân vốn cho vay theo
quy định của Ngân hàng Nhà nước Việt Nam về phương thức giải ngân vốn
cho vay của tổ chức tín dụng đối với khách hàng.”.
b) Bồ sung khoản 5 như sau:
“5, Trường hợp cho vay để thanh toán tiền nhằm bảo đảm thực hiện nghĩa
vụ, tÔ chức tín dụng phải phong tỏa số tiền giải ngân vốn cho vay tại tổ chức
tín dụng cho vay theo quy định của pháp luật, thỏa thuận của các bên tại thỏa
thuận cho vay cho đến khi chấm dứt nghĩa vụ bảo đảm.”
10. Sửa đôi, bổ sung khoản 1, khoản 4 và khoản 5 Điều 27 như sau:
a) Sửa đối, bố sung khoản 1 như sau:
“Cho vay từng lần: Mỗi lần cho vay, tổ chức tín dụng và khách hàng thực
hiện thủ tục cho vay đôi với khách hàng và giao kêt thỏa thuận cho vay.”.
b) Sửa đổi, bỗ sung khoản 4 như sau:
“4, Cho vay theo hạn mức: Tổ chức tín dụng xác định và thỏa thuận với
khách hàng hạn mức cho vay tối đa duy trì trong một khoảng thời gian nhất
định. Một năm ít nhất một lần, tổ chức tín x xem xét xác định lại hạn mức
cho vay tối đa và thời gian duy trì hạn mức này.”
c) Sửa đổi, bố sung khoản 5 như sau:
“S, Cho vay theo hạn mức dự phòng: Tổ chức tín dụng cam kết đảm bảo
sẵn sàng cho khách hàng vay vốn trong phạm vi hạn mức cho vay dự phòng đã
thỏa thuận (ngoài phạm vi hạn mức cho vay đã thỏa thuận). Tổ chức tín dụng
và khách hàng thỏa thuận thời hạn hiệu lực của hạn mức cho vay dự phòng
nhưng không vượt quá 01 (một) năm.”
11. Bố sung Mục 3 Chương II như sau:
“Mục 3: HOẠT ĐỘNG CHO VAY BẰNG PHƯƠNG TIỆN ĐIỆN TỬ",Thành; corrected 2026-09-11 per data/raw_legal/TT39_FINDINGS.md; passage repaired 2026-09-11 from corpus 06/2023/TT-NHNN Điều 1 (verbatim; was annotator summary),,,
50,https://congbaocdn.chinhphu.vn/CongBaoCP/VanBan/2024/7/42346/51014-1-2024875-87621-vbhn-nhnn.pdf,TCTD phải đánh giá những gì trước khi quyết định cho vay?,"Năng lực pháp luật, năng lực hành vi dân sự, phương án sử dụng vốn, khả năng tài chính và khả năng trả nợ.","Điều 7. Điều kiện vay vốn
Tổ chức tín dụng xem xét, quyết định cho vay khi khách hàng có đủ các điều
kiện sau đây:
68 CÔNG BÁO/Số 875 + 876/Ngày 29-7-2024
1. Khách hàng là pháp nhân có năng lực pháp luật dân sự theo quy định của
pháp luật. Khách hàng là cá nhân từ đủ 18 tuổi trở lên có năng lực hành vi dân sự
đầy đủ theo quy định của pháp luật hoặc từ đủ 15 tuổi đến chưa đủ 18 tuổi không
bị mất hoặc hạn chế năng lực hành vi dân sự theo quy định của pháp luật.
2. Nhu cầu vay vốn để sử dụng vào mục đích hợp pháp.
3.10 Có phương án sử dụng vốn khả thi. Điều kiện này không bắt buộc đối với
khoản cho vay có mức giá trị nhỏ.
4. Có khả năng tài chính để trả nợ.
5.11 (được bãi bỏ).",Thành; corrected 2026-09-11 per data/raw_legal/TT39_FINDINGS.md; passage repaired 2026-09-11 from corpus 39/2016/TT-NHNN Điều 7 (verbatim; was annotator summary),,,
51,https://congbaocdn.chinhphu.vn/CongBaoCP/VanBan/2024/7/42346/51014-1-2024875-87621-vbhn-nhnn.pdf,Những nhu cầu vốn nào TCTD không được cho vay?,"Không được cho vay để: thực hiện hoạt động đầu tư kinh doanh thuộc ngành, nghề cấm theo Luật Đầu tư; mua vàng miếng; trả nợ khoản cấp tín dụng tại chính TCTD cho vay (trừ lãi tiền vay trong quá trình thi công được tính trong tổng mức đầu tư); trả nợ vay nước ngoài hoặc khoản cấp tín dụng tại TCTD khác (trừ cho vay trả nợ trước hạn đủ điều kiện); gửi tiền; góp vốn, mua, nhận chuyển nhượng phần vốn góp, cổ phần chưa niêm yết; dự án đầu tư không đủ điều kiện đưa vào kinh doanh (Điều 8 TT 39/2016/TT-NHNN; khoản 8, 9 ngưng hiệu lực theo TT 10/2023/TT-NHNN).","Điều 8. Những nhu cầu vốn không được cho vay12
Tổ chức tín dụng không được cho vay đối với các nhu cầu vốn:
1. Để thực hiện các hoạt động đầu tư kinh doanh thuộc ngành, nghề cấm đầu tư
kinh doanh theo quy định của Luật Đầu tư.
2. Để thanh toán các chi phí, đáp ứng các nhu cầu tài chính của hoạt động đầu
tư kinh doanh thuộc ngành, nghề cấm đầu tư kinh doanh theo quy định của Luật
Đầu tư và các giao dịch, hành vi khác mà pháp luật cấm.
3. Để mua, sử dụng các hàng hóa, dịch vụ thuộc ngành, nghề cấm đầu tư kinh
doanh theo quy định của Luật Đầu tư.
4. Để mua vàng miếng.
10 Khoản này được sửa đổi theo quy định tại khoản 3 Điều 1 của Thông tư số 12/2024/TT-
NHNN sửa đổi, bổ sung một số điều của Thông tư số 39/2016/TT-NHNN ngày 30 tháng 12 năm
2016 của Thống đốc Ngân hàng Nhà nước Việt Nam quy định về hoạt động cho vay của tổ chức
tín dụng, chi nhánh ngân hàng nước ngoài đối với khách hàng, có hiệu lực kể từ ngày 01/7/2024.
11 Khoản này được bãi bỏ theo quy định tại Điều 2 của Thông tư số 06/2023/TT-NHNN sửa
đổi, bổ sung một số điều của Thông tư số 39/2016/TT-NHNN ngày 30 tháng 12 năm 2016 của
Thống đốc Ngân hàng Nhà nước Việt Nam quy định về hoạt động cho vay của tổ chức tín dụng,
chi nhánh ngân hàng nước ngoài đối với khách hàng, có hiệu lực kể từ ngày 01/9/2023.
12 Điều này được sửa đổi theo quy định tại khoản 2 Điều 1 của Thông tư số 06/2023/TT-
NHNN sửa đổi, bổ sung một số điều của Thông tư số 39/2016/TT-NHNN ngày 30 tháng 12 năm
2016 của Thống đốc Ngân hàng Nhà nước Việt Nam quy định về hoạt động cho vay của tổ chức
tín dụng, chi nhánh ngân hàng nước ngoài đối với khách hàng, có hiệu lực kể từ ngày 01/9/2023.
CÔNG BÁO/Số 875 + 876/Ngày 29-7-2024 69
5. Để trả nợ khoản cấp tín dụng tại chính tổ chức tín dụng cho vay, trừ trường
hợp cho vay để thanh toán lãi tiền vay phát sinh trong quá trình thi công xây dựng
công trình, mà chi phí lãi tiền vay được tính trong tổng mức đầu tư xây dựng được
cấp có thẩm quyền phê duyệt theo quy định của pháp luật.
6. Để trả nợ khoản vay nước ngoài (không bao gồm khoản vay nước ngoài
dưới hình thức mua bán hàng hóa trả chậm), khoản cấp tín dụng tại tổ chức tín
dụng khác, trừ trường hợp cho vay để trả nợ trước hạn khoản vay đáp ứng đầy đủ
các điều kiện sau:
a) Thời hạn cho vay không vượt quá thời hạn cho vay còn lại của khoản vay cũ;
b) Là khoản vay chưa thực hiện cơ cấu lại thời hạn trả nợ.
7. Để gửi tiền.
8.13 Để thanh toán tiền góp vốn, mua, nhận chuyển nhượng phần vốn góp của
công ty trách nhiệm hữu hạn, công ty hợp danh; góp vốn, mua, nhận chuyển
nhượng cổ phần của công ty cổ phần chưa niêm yết trên thị trường chứng khoán
hoặc chưa đăng ký giao dịch trên hệ thống giao dịch Upcom.
9.14 Để thanh toán tiền góp vốn theo hợp đồng góp vốn, hợp đồng hợp tác đầu
tư hoặc hợp đồng hợp tác kinh doanh để thực hiện dự án đầu tư không đủ điều kiện
đưa vào kinh doanh theo quy định của pháp luật tại thời điểm tổ chức tín dụng
quyết định cho vay.
13 Khoản này ngưng hiệu lực thi hành từ ngày 01 tháng 9 năm 2023 cho đến ngày có hiệu
lực thi hành của văn bản quy phạm pháp luật mới quy định về các vấn đề này theo quy định tại",Thành; corrected 2026-09-11 per data/raw_legal/TT39_FINDINGS.md; passage repaired 2026-09-11 from corpus 39/2016/TT-NHNN Điều 8 (verbatim; was annotator summary),,,
52,https://congbaocdn.chinhphu.vn/CongBaoCP/VanBan/2024/7/42346/51014-1-2024875-87621-vbhn-nhnn.pdf,Lãi suất cho vay bằng VND quy định thế nào?,"Lãi suất cho vay bằng VND do TCTD và khách hàng thỏa thuận theo cung cầu vốn thị trường, nhu cầu vay vốn và mức độ tín nhiệm của khách hàng (khoản 1 Điều 13 TT 39/2016). Cho vay ngắn hạn bằng VND phục vụ một số nhu cầu vốn (nông nghiệp, nông thôn; xuất khẩu; doanh nghiệp nhỏ và vừa; công nghiệp hỗ trợ; công nghệ cao) không vượt mức lãi suất tối đa do Thống đốc NHNN quyết định trong từng thời kỳ, chỉ áp dụng với khách hàng được TCTD đánh giá có tình hình tài chính minh bạch, lành mạnh (khoản 2, sửa đổi bởi TT 06/2023).","Điều 13. Lãi suất cho vay
1. Tổ chức tín dụng và khách hàng thỏa thuận về lãi suất cho vay theo cung
cầu vốn thị trường, nhu cầu vay vốn và mức độ tín nhiệm của khách hàng, trừ
trường hợp Ngân hàng Nhà nước Việt Nam có quy định về lãi suất cho vay tối đa
tại khoản 2 Điều này.
2.18 Trường hợp khách hàng được tổ chức tín dụng đánh giá là có tình hình tài
chính minh bạch, lành mạnh, tổ chức tín dụng và khách hàng thỏa thuận về lãi suất
cho vay ngắn hạn bằng đồng Việt Nam nhưng không vượt quá mức lãi suất cho
vay tối đa do Thống đốc Ngân hàng Nhà nước Việt Nam quyết định trong từng
thời kỳ nhằm đáp ứng một số nhu cầu vốn:
a) Phục vụ lĩnh vực phát triển nông nghiệp, nông thôn theo quy định của Chính
phủ về chính sách tín dụng phục vụ phát triển nông nghiệp, nông thôn;
b) Thực hiện phương án kinh doanh hàng xuất khẩu theo quy định của Luật
Thương mại và các văn bản hướng dẫn Luật Thương mại;
c) Phục vụ kinh doanh của doanh nghiệp nhỏ và vừa theo quy định của Luật
Hỗ trợ doanh nghiệp nhỏ và vừa và quy định của Chính phủ về hỗ trợ doanh
nghiệp nhỏ và vừa;
17 Khoản này được sửa đổi theo quy định tại khoản 3 Điều 1 của Thông tư số 06/2023/TT-
NHNN sửa đổi, bổ sung một số điều của Thông tư số 39/2016/TT-NHNN ngày 30 tháng 12 năm
2016 của Thống đốc Ngân hàng Nhà nước Việt Nam quy định về hoạt động cho vay của tổ chức
tín dụng, chi nhánh ngân hàng nước ngoài đối với khách hàng, có hiệu lực kể từ ngày 01/9/2023.
18 Khoản được sửa đổi theo quy định tại khoản 4 Điều 1 của Thông tư số 06/2023/TT-
NHNN sửa đổi, bổ sung một số điều của Thông tư số 39/2016/TT-NHNN ngày 30 tháng 12 năm
2016 của Thống đốc Ngân hàng Nhà nước Việt Nam quy định về hoạt động cho vay của tổ chức
tín dụng, chi nhánh ngân hàng nước ngoài đối với khách hàng, có hiệu lực kể từ ngày 01/9/2023.
CÔNG BÁO/Số 875 + 876/Ngày 29-7-2024 73
d) Phát triển ngành công nghiệp hỗ trợ theo quy định của Chính phủ về phát
triển công nghiệp hỗ trợ;
đ) Phục vụ kinh doanh của doanh nghiệp ứng dụng công nghệ cao thuộc Danh
mục công nghệ cao ưu tiên đầu tư phát triển được Thủ tướng Chính phủ phê duyệt,
doanh nghiệp công nghệ cao theo quy định của Luật Công nghệ cao và các văn bản
hướng dẫn Luật Công nghệ cao.
3. Nội dung thỏa thuận về lãi suất cho vay bao gồm mức lãi suất cho vay và
phương pháp tính lãi đối với khoản vay. Trường hợp mức lãi suất cho vay không
quy đổi theo tỷ lệ %/năm và/hoặc không áp dụng phương pháp tính lãi theo số dư
nợ cho vay thực tế, thời gian duy trì số dư nợ gốc thực tế đó, thì trong thỏa thuận
cho vay phải có nội dung về mức lãi suất quy đổi theo tỷ lệ %/năm (một năm là ba
trăm sáu mươi lăm ngày) tính theo số dư nợ cho vay thực tế và thời gian duy trì số
dư nợ cho vay thực tế đó.
4. Khi đến hạn thanh toán mà khách hàng không trả hoặc trả không đầy đủ nợ
gốc và/hoặc lãi tiền vay theo thỏa thuận, thì khách hàng phải trả lãi tiền vay như sau:
a) Lãi trên nợ gốc theo lãi suất cho vay đã thỏa thuận tương ứng với thời hạn
vay mà đến hạn chưa trả;
b) Trường hợp khách hàng không trả đúng hạn tiền lãi theo quy định tại điểm a
khoản này, thì phải trả lãi chậm trả theo mức lãi suất do tổ chức tín dụng và khách
hàng thỏa thuận nhưng không vượt quá 10%/năm tính trên số dư lãi chậm trả
tương ứng với thời gian chậm trả;
c) Trường hợp khoản nợ vay bị chuyển nợ quá hạn, thì khách hàng phải trả lãi
trên dư nợ gốc bị quá hạn tương ứng với thời gian chậm trả, lãi suất áp dụng không
vượt quá 150% lãi suất cho vay trong hạn tại thời điểm chuyển nợ quá hạn.
5. Trường hợp áp dụng lãi suất cho vay điều chỉnh, tổ chức tín dụng và khách
hàng phải thỏa thuận nguyên tắc và các yếu tố để xác định lãi suất điều chỉnh, thời
điểm điều chỉnh lãi suất cho vay. Trường hợp căn cứ các yếu tố để xác định lãi
suất điều chỉnh dẫn đến có nhiều mức lãi suất cho vay khác, thì tổ chức tín dụng áp
dụng mức lãi suất cho vay thấp nhất.",Thành; corrected 2026-09-11 per data/raw_legal/TT39_FINDINGS.md; passage repaired 2026-09-11 from corpus 39/2016/TT-NHNN Điều 13 (verbatim; was annotator summary),,,
53,https://congbaocdn.chinhphu.vn/CongBaoCP/VanBan/2024/7/42346/51014-1-2024875-87621-vbhn-nhnn.pdf,Khách hàng vay phải đáp ứng điều kiện gì?,"Khách hàng phải có đủ: (1) năng lực pháp luật dân sự (pháp nhân) hoặc năng lực hành vi dân sự đầy đủ - cá nhân từ đủ 18 tuổi, hoặc từ đủ 15 đến dưới 18 tuổi không bị mất hoặc hạn chế năng lực hành vi dân sự; (2) nhu cầu vay vốn sử dụng vào mục đích hợp pháp; (3) phương án sử dụng vốn khả thi, trừ khoản cho vay có mức giá trị nhỏ; (4) khả năng tài chính để trả nợ (Điều 7 TT 39/2016/TT-NHNN; khoản 5 đã bị bãi bỏ bởi TT 06/2023).","Điều 7. Điều kiện vay vốn
Tổ chức tín dụng xem xét, quyết định cho vay khi khách hàng có đủ các điều
kiện sau đây:
68 CÔNG BÁO/Số 875 + 876/Ngày 29-7-2024
1. Khách hàng là pháp nhân có năng lực pháp luật dân sự theo quy định của
pháp luật. Khách hàng là cá nhân từ đủ 18 tuổi trở lên có năng lực hành vi dân sự
đầy đủ theo quy định của pháp luật hoặc từ đủ 15 tuổi đến chưa đủ 18 tuổi không
bị mất hoặc hạn chế năng lực hành vi dân sự theo quy định của pháp luật.
2. Nhu cầu vay vốn để sử dụng vào mục đích hợp pháp.
3.10 Có phương án sử dụng vốn khả thi. Điều kiện này không bắt buộc đối với
khoản cho vay có mức giá trị nhỏ.
4. Có khả năng tài chính để trả nợ.
5.11 (được bãi bỏ).",Thành; corrected 2026-09-11 per data/raw_legal/TT39_FINDINGS.md; passage repaired 2026-09-11 from corpus 39/2016/TT-NHNN Điều 7 (verbatim; was annotator summary),,,
54,https://congbaocdn.chinhphu.vn/CongBaoCP/VanBan/2024/7/42346/51014-1-2024875-87621-vbhn-nhnn.pdf,TCTD có trách nhiệm gì trong kiểm soát mục đích sử dụng vốn vay?,"Khách hàng có nghĩa vụ sử dụng vốn vay đúng mục đích đã cam kết, hoàn trả nợ gốc, lãi, phí đúng hạn và cung cấp thông tin, tài liệu, dữ liệu chứng minh; TCTD có quyền, nghĩa vụ kiểm tra, giám sát việc sử dụng vốn vay và trả nợ của khách hàng (khoản 1, khoản 2 Điều 24 TT 39/2016, sửa đổi bởi TT 06/2023, TT 12/2024). Khi phát hiện khách hàng cung cấp thông tin sai sự thật hoặc vi phạm thỏa thuận cho vay, TCTD có quyền chấm dứt cho vay, thu hồi nợ trước hạn (khoản 1 Điều 21).","Điều 24. Kiểm tra sử dụng tiền vay31
1. Khách hàng có nghĩa vụ sử dụng vốn vay đúng mục đích đã cam kết, hoàn
trả nợ gốc, lãi, phí đầy đủ, đúng hạn theo thỏa thuận; báo cáo việc sử dụng vốn vay
và cung cấp thông tin, tài liệu, dữ liệu chứng minh vốn vay được sử dụng đúng
mục đích.
30 Điểm này được sửa đổi theo quy định tại khoản 7 Điều 1 của Thông tư số 06/2023/TT-
NHNN sửa đổi, bổ sung một số điều của Thông tư số 39/2016/TT-NHNN ngày 30 tháng 12 năm
2016 của Thống đốc Ngân hàng Nhà nước Việt Nam quy định về hoạt động cho vay của tổ chức
tín dụng, chi nhánh ngân hàng nước ngoài đối với khách hàng, có hiệu lực kể từ ngày 01/9/2023.
31 Điều này được sửa đổi theo quy định tại khoản 7 Điều 1 của Thông tư số 12/2024/TT-
NHNN sửa đổi, bổ sung một số điều của Thông tư số 39/2016/TT-NHNN ngày 30 tháng 12 năm
2016 của Thống đốc Ngân hàng Nhà nước Việt Nam quy định về hoạt động cho vay của tổ chức
tín dụng, chi nhánh ngân hàng nước ngoài đối với khách hàng, có hiệu lực kể từ ngày 01/7/2024.
CÔNG BÁO/Số 875 + 876/Ngày 29-7-2024 83
2. Tổ chức tín dụng có quyền, nghĩa vụ kiểm tra, giám sát việc sử dụng vốn
vay và trả nợ của khách hàng quy định tại khoản 1 Điều 102 Luật Các tổ chức tín
dụng; có quyền yêu cầu khách hàng báo cáo việc sử dụng vốn vay và cung cấp
thông tin, tài liệu, dữ liệu chứng minh vốn vay được sử dụng đúng mục đích.
3. Đối với các khoản cho vay có mức giá trị nhỏ, tổ chức tín dụng có biện pháp
kiểm tra, giám sát việc sử dụng vốn vay đúng mục đích đã cam kết và trả nợ của
khách hàng, đảm bảo khả năng thu hồi nợ gốc và lãi tiền vay đầy đủ, đúng hạn
theo thỏa thuận.",Thành; corrected 2026-09-11 per data/raw_legal/TT39_FINDINGS.md; passage repaired 2026-09-11 from corpus 39/2016/TT-NHNN Điều 24 (verbatim; was annotator summary),,,
55,https://congbaocdn.chinhphu.vn/CongBaoCP/VanBan/2024/7/42346/51014-1-2024875-87621-vbhn-nhnn.pdf,Cho vay bằng phương tiện điện tử quy định thế nào?,"Cho vay bằng phương tiện điện tử áp dụng đối với khách hàng là cá nhân vay vốn phục vụ nhu cầu đời sống (khoản 2 Điều 32b, Điều 32c TT 39/2016, Mục 3 bổ sung bởi TT 06/2023). TCTD phải có giải pháp, công nghệ nhận biết, xác minh thông tin khách hàng, kể cả dữ liệu sinh trắc học, đảm bảo khách hàng giao dịch chính là khách hàng vay vốn (Điều 32b); thẩm định, quyết định cho vay trên hồ sơ điện tử (Điều 32d, Điều 32đ); lưu trữ, bảo quản thông tin, dữ liệu bảo đảm an toàn, bảo mật và được sao lưu dự phòng (khoản 3 Điều 32a).","Điều 32a. Nguyên tắc cho vay bằng phương tiện điện tử
1. Tổ chức tín dụng thực hiện cho vay bằng phương tiện điện tử phù hợp với
điều kiện hoạt động kinh doanh của tổ chức tín dụng, đặc điểm của khoản vay,
đảm bảo an ninh, an toàn, bảo vệ thông điệp dữ liệu và bảo mật thông tin phù hợp
với quy định của pháp luật về phòng, chống rửa tiền, giao dịch điện tử, hướng dẫn
của Ngân hàng Nhà nước Việt Nam về quản lý rủi ro và các văn bản pháp luật có
liên quan.
2. Hệ thống thông tin thực hiện hoạt động cho vay bằng phương tiện điện tử
phải tuân thủ quy định về bảo đảm an toàn hệ thống thông tin cấp độ 3 trở lên theo
42 Điều này được bãi bỏ theo quy định tại Điều 2 của Thông tư số 12/2024/TT-NHNN sửa
đổi, bổ sung một số điều của Thông tư số 39/2016/TT-NHNN ngày 30 tháng 12 năm 2016 của
Thống đốc Ngân hàng Nhà nước Việt Nam quy định về hoạt động cho vay của tổ chức tín dụng,
chi nhánh ngân hàng nước ngoài đối với khách hàng, có hiệu lực kể từ ngày 01/7/2024.
43 Mục này bao gồm các Điều 32a, 32b, 32c, 32d, 32đ, 32e, 32g và 32h được bổ sung theo
quy định tại khoản 11 Điều 1 của Thông tư số 06/2023/TT-NHNN sửa đổi, bổ sung một số điều
của Thông tư số 39/2016/TT-NHNN ngày 30 tháng 12 năm 2016 của Thống đốc Ngân hàng Nhà
nước Việt Nam quy định về hoạt động cho vay của tổ chức tín dụng, chi nhánh ngân hàng nước
ngoài đối với khách hàng, có hiệu lực kể từ ngày 01/9/2023.
CÔNG BÁO/Số 875 + 876/Ngày 29-7-2024 89
quy định của Chính phủ về bảo đảm an toàn hệ thống thông tin theo cấp độ và quy
định của Ngân hàng Nhà nước Việt Nam về an toàn hệ thống thông tin trong hoạt
động ngân hàng.
3. Tổ chức tín dụng phải lưu trữ, bảo quản thông tin, dữ liệu theo quy định của
pháp luật, đảm bảo an toàn, bảo mật và được sao lưu dự phòng đảm bảo tính đầy
đủ, toàn vẹn của hồ sơ cho phép truy cập, sử dụng khi cần thiết hoặc để phục vụ
công tác kiểm tra, đối chiếu, giải quyết tra soát, khiếu nại, tranh chấp và cung cấp
thông tin khi có yêu cầu từ cơ quan quản lý nhà nước có thẩm quyền.
4. Tổ chức tín dụng tự quyết định biện pháp, hình thức, công nghệ phục vụ
hoạt động cho vay bằng phương tiện điện tử, tự chịu rủi ro phát sinh (nếu có) và
phải đáp ứng tối thiểu các yêu cầu sau:
a) Có giải pháp, công nghệ kỹ thuật đảm bảo tính chính xác, bảo mật, an toàn
trong quá trình thu thập, sử dụng, kiểm tra thông tin, dữ liệu;
b) Có biện pháp kiểm tra, đối chiếu, cập nhật, xác minh thông tin, dữ liệu; có
biện pháp ngăn chặn các hành vi giả mạo, can thiệp, chỉnh sửa làm sai lệch thông
tin, dữ liệu;
c) Có biện pháp theo dõi, nhận dạng, đo lường và kiểm soát rủi ro; có phương
án xử lý rủi ro;
d) Phân công trách nhiệm cụ thể từng cá nhân, bộ phận có liên quan trong hoạt
động cho vay bằng phương tiện điện tử và trong việc quản lý, giám sát rủi ro.
5. Tổ chức tín dụng xem xét, quyết định thực hiện hoạt động cho vay bằng
phương tiện điện tử theo quy định tại Mục 3 Thông tư này. Các nội dung không
được quy định tại Mục 3 Thông tư này thực hiện theo các quy định liên quan tại
Thông tư này.",Thành; corrected 2026-09-11 per data/raw_legal/TT39_FINDINGS.md; passage repaired 2026-09-11 from corpus 39/2016/TT-NHNN Điều 32a (verbatim; was annotator summary),,,
56,https://congbaocdn.chinhphu.vn/CongBaoCP/VanBan/2017/12/25880/21382-1-2018385-38621-2017-tt-nhnn.pdf,TCTD giải ngân cho khách hàng vay bằng hình thức nào?,"Về nguyên tắc giải ngân phải sử dụng dịch vụ thanh toán không dùng tiền mặt vào tài khoản thanh toán của bên thụ hưởng (Điều 4 TT 21/2017/TT-NHNN). Giải ngân bằng tiền mặt chỉ được xem xét quyết định khi bên thụ hưởng (không bao gồm pháp nhân) không có tài khoản thanh toán - khách hàng thanh toán, chi trả cho bên thụ hưởng không có tài khoản, hoặc khách hàng là bên thụ hưởng đã ứng vốn tự có - và khách hàng phải gửi văn bản cam kết của bên thụ hưởng (Điều 5). Với khoản vay không quá 100 triệu đồng trả cho bên thụ hưởng có tài khoản (không bao gồm pháp nhân), hoặc bên thụ hưởng là tổ chức sử dụng vốn nhà nước được thanh toán bằng tiền mặt, TCTD được quyết định phương thức phù hợp (Điều 6).","Điều 4. Phương thức giải ngân vốn cho vay sử dụng dịch vụ thanh toán
không dùng tiền mặt
1. Tổ chức tín dụng cho vay phải sử dụng dịch vụ thanh toán không dùng tiền
mặt theo quy định của pháp luật để giải ngân vốn cho vay vào tài khoản thanh toán
60 CÔNG BÁO/Số 385 + 386/Ngày 19-02-2018
của bên thụ hưởng tại tổ chức cung ứng dịch vụ thanh toán, trừ trường hợp quy
định tại khoản 2 Điều này. Việc chuyển số tiền giải ngân vào tài khoản thanh toán
của bên thụ hưởng tại tổ chức cung ứng dịch vụ thanh toán được tổ chức tín dụng
cho vay thực hiện ngay trong ngày giải ngân vốn vay theo mục đích ghi trong thỏa
thuận cho vay; trường hợp việc giải ngân vốn vay thực hiện sau giờ giao dịch
thanh toán trong ngày của tổ chức tín dụng cho vay thì việc chuyển tiền được thực
hiện vào ngày làm việc tiếp theo của tổ chức tín dụng đó.
2. Tổ chức tín dụng cho vay phải sử dụng dịch vụ thanh toán không dùng tiền
mặt để giải ngân vốn cho vay vào tài khoản thanh toán của khách hàng tại tổ chức
cung ứng dịch vụ thanh toán trong các trường hợp:
a) Khách hàng thanh toán, chi trả cho các mục đích sử dụng vốn vay mà pháp
luật quy định phải thực hiện thông qua tài khoản thanh toán của khách hàng;
b) Khách hàng là bên thụ hưởng có tài khoản thanh toán tại tổ chức cung ứng
dịch vụ thanh toán, đã ứng vốn tự có để thanh toán, chi trả các chi phí thuộc chính
phương án, dự án kinh doanh hoặc phương án, dự án phục vụ đời sống được tổ
chức tín dụng cho vay quyết định cho vay theo quy định của pháp luật;
c) Khách hàng trực tiếp thanh toán, chi trả tiền mua sản phẩm nông nghiệp
thuộc lĩnh vực nông, lâm, diêm nghiệp và thủy sản từ cá nhân, hộ gia đình, chủ
trang trại, hộ kinh doanh và tổ hợp tác có hoạt động sản xuất kinh doanh trên địa
bàn nông thôn để khách hàng thực hiện phương án sản xuất kinh doanh, phù hợp
với mục đích vay vốn ghi trong thỏa thuận cho vay.",Thành; corrected 2026-09-11 per data/raw_legal/TT39_FINDINGS.md; passage repaired 2026-09-11 from corpus 21/2017/TT-NHNN Điều 4 (verbatim; was annotator summary),,,
57,https://congbaocdn.chinhphu.vn/CongBaoCP/VanBan/2024/7/42346/51014-1-2024875-87621-vbhn-nhnn.pdf,Thời hạn cho vay xác định dựa trên cơ sở nào?,"Thời hạn cho vay do TCTD và khách hàng thỏa thuận trên cơ sở: chu kỳ hoạt động kinh doanh, thời hạn thu hồi vốn, khả năng trả nợ của khách hàng, nguồn vốn cho vay và thời hạn hoạt động còn lại của TCTD (khoản 1 Điều 28 TT 39/2016; với cho vay phục vụ nhu cầu đời sống dùng cơ sở tương ứng tại Điều 31).","Điều 28. Thời hạn cho vay
1. Tổ chức tín dụng và khách hàng căn cứ vào chu kỳ hoạt động kinh doanh,
thời hạn thu hồi vốn, khả năng trả nợ của khách hàng, nguồn vốn cho vay và thời
hạn hoạt động còn lại của tổ chức tín dụng để thỏa thuận về thời hạn cho vay.
2. Đối với khách hàng là pháp nhân được thành lập và hoạt động tại Việt Nam,
pháp nhân được thành lập ở nước ngoài và hoạt động hợp pháp tại Việt Nam, thời
hạn cho vay không quá thời hạn hoạt động hợp pháp còn lại của khách hàng; đối
với cá nhân có quốc tịch nước ngoài cư trú tại Việt Nam, thời hạn cho vay không
vượt quá thời hạn được phép cư trú còn lại tại Việt Nam.",Thành; corrected 2026-09-11 per data/raw_legal/TT39_FINDINGS.md; passage repaired 2026-09-11 from corpus 39/2016/TT-NHNN Điều 28 (verbatim; was annotator summary),,,
58,https://congbaocdn.chinhphu.vn/CongBaoCP/VanBan/2024/7/42346/51014-1-2024875-87621-vbhn-nhnn.pdf,"Khách hàng không trả nợ đúng hạn mà không được gia hạn, TCTD xử lý thế nào?","TCTD chuyển nợ quá hạn đối với số dư nợ gốc mà khách hàng không trả được đúng hạn theo thỏa thuận cho vay và không được TCTD chấp thuận cơ cấu lại thời hạn trả nợ, đồng thời thông báo cho khách hàng về số dư nợ gốc bị quá hạn, thời điểm chuyển nợ quá hạn và lãi suất áp dụng (Điều 20 TT 39/2016). Lãi suất trên dư nợ gốc bị quá hạn không vượt quá 150% lãi suất cho vay trong hạn tại thời điểm chuyển nợ quá hạn (khoản 4 điểm c Điều 13).","Điều 20 Thông tư này. Tổ chức tín dụng và khách hàng thỏa thuận việc tính tiền lãi
phải trả phù hợp với quy định tại khoản 4 Điều 13 Thông tư này.
4.20 Tổ chức tín dụng và khách hàng thỏa thuận về thứ tự thu nợ gốc, lãi tiền
vay. Đối với khoản nợ vay bị quá hạn trả nợ, tổ chức tín dụng thực hiện theo thứ tự
20 Khoản này được sửa đổi theo quy định tại khoản 5 Điều 1 của Thông tư số 06/2023/TT-
NHNN sửa đổi, bổ sung một số điều của Thông tư số 39/2016/TT-NHNN ngày 30 tháng 12 năm
2016 của Thống đốc Ngân hàng Nhà nước Việt Nam quy định về hoạt động cho vay của tổ chức
tín dụng, chi nhánh ngân hàng nước ngoài đối với khách hàng, có hiệu lực kể từ ngày 01/9/2023.
76 CÔNG BÁO/Số 875 + 876/Ngày 29-7-2024
nợ gốc thu trước, nợ lãi tiền vay thu sau. Đối với khoản nợ vay có một hoặc một số
kỳ hạn trả nợ bị quá hạn, tổ chức tín dụng thực hiện thu nợ theo thứ tự thu nợ gốc
đã quá hạn, thu nợ lãi trên nợ gốc quá hạn chưa trả, thu nợ gốc đến hạn, thu nợ lãi
trên nợ gốc mà đến hạn chưa trả.
Điều 20. Nợ quá hạn
Tổ chức tín dụng chuyển nợ quá hạn đối với số dư nợ gốc mà khách hàng
không trả được nợ đúng hạn theo thỏa thuận và không được tổ chức tín dụng chấp
thuận cơ cấu lại thời hạn trả nợ; thông báo cho khách hàng về việc chuyển nợ quá
hạn. Nội dung thông báo tối thiểu bao gồm số dư nợ gốc bị quá hạn, thời điểm
chuyển nợ quá hạn và lãi suất áp dụng đối với dư nợ gốc bị quá hạn.",Thành; corrected 2026-09-11 per data/raw_legal/TT39_FINDINGS.md; passage repaired 2026-09-11 from corpus 39/2016/TT-NHNN Điều 20 (verbatim; was annotator summary),,,
59,"https://vanban.chinhphu.vn/?pageid=27160&docid=211190

https://datafiles.chinhphu.vn/cpp/files/vbpq/2026/01/61-nhnn.pdf

","Đơn vị là một PGD của MBBank theo Giấy phép do Ngân hàng nhà nước cấp. Khách hàng hiện đang có dư nợ vay 800 triệu đồng tại Đơn vị. Hiện tại Khách hàng đang đề xuất cấp tín dụng bổ sung tại Đơn vị với số tiền là 1,8 tỷ đồng, các khoản vay này được bảo đảm bằng bất động sản. Theo quy định của pháp luật, Đơn vị hiểu là PGD không được cho vay đối với KH với giá trị khoản vay trên 02 tỷ đồng, Đơn vị muốn hỏi, giới hạn 02 tỷ đồng nêu trên được tính cho một khoản vay hay tổng giá trị tất cả các khoản vay của KH tại PGD? Trường hợp này Đơn vị có thể tiếp tục cấp tín dụng cho KH theo đề xuất không hay phải chuyển về CN?","1. Căn cứ:
- Luật các Tổ chức tín dụng 2024;
- Thông tư 61/2025/TT-NHNN quy định về mạng lưới hoạt động của ngân hàng thương mại.
2. Đánh giá về pháp lý:
- Khoản 3 Điều 3 Thông tư 61/2025/TT-NHNN quy định: Phòng giao dịch là loại hình chi nhánh, được quản lý bởi một chi nhánh ở trong nước của ngân hàng thương mại, hạch toán báo số, có con dấu, có địa điểm đặt trụ sở trên địa bàn tỉnh, thành phố trực thuộc Trung ương nơi đặt trụ sở chi nhánh quản lý. Phòng giao dịch không được thực hiện:
+ Phê duyệt, quyết định cấp tín dụng cho một khách hàng vượt quá hai (02) tỷ đồng Việt Nam hoặc ngoại tệ quy đổi tương đương, trừ trường hợp khoản cấp tín dụng được đảm bảo toàn bộ bằng tiền, thẻ tiết kiệm, giấy tờ có giá do chính ngân hàng thương mại phát hành, trái phiếu chính phủ, tín phiếu kho bạc nhà nước;
+ Cung cấp dịch vụ thanh toán, chuyển tiền quốc tế.
Theo quy định pháp luật nêu trên, giới hạn cấp tín dụng trên 02 tỷ đồng đối với PGD sẽ được loại trừ trong trường hợp khoản cấp tín dụng được đảm bảo toàn bộ bằng tiền, thẻ tiết kiệm, giấy tờ có giá do chính VPBank phát hành, trái phiếu chính phủ, tín phiếu kho bạc nhà nước.
-Theo QnA hiểu giới hạn về việc PGD không được quyết định cấp tín dụng vượt quá 02 tỷ đồng cho một KH được xác định dựa trên tổng giá trị cấp tín dụng của tất cả các khoản tín dụng cấp cho KH.
- Như vậy, trường hợp Khách hàng của Đơn vị, nếu cộng tổng giá trị hai khoản cấp tín dụng thì sẽ vượt quá mức 02 tỷ đồng. Theo đó, Đơn vị sẽ không đủ điều kiện để cấp tiếp khoản tín dụng thứ hai cho KH.
3. Kết luận: 
- Trong trường hợp KH của Đơn vị có các khoản cấp tín dụng đã được cấp và các khoản tín dụng dự kiến được cấp là vượt quá 2 tỷ đồng thì:
+ Hợp đồng cho vay cần được chuyển lên CN ký và đóng dấu;
+ Các văn bản còn lại được ký tại PGD.","Điều 3. Giải thích từ ngữ
Trong Thông tư này, những từ ngữ dưới đây được hiểu như sau:
1. Mạng lưới hoạt động của ngân hàng thương mại bao gồm chỉ nhánh,
phòng giao dịch, văn phòng đại diện, đơn vị sự nghiệp ở trong nước; chi nhánh,
văn phòng đại diện, ngân hàng con ở nước ngoài của ngân hàng thương mại theo
quy định của pháp luật.
2. Chi nhánh là đơn vị phụ thuộc ngân hàng thương mại, hạch toán phụ
thuộc, có con dấu, có nhiệm vụ thực hiện một hoặc một sô chức năng của ngân
hàng thương mại theo phân cấp của ngân hàng thương mại và phù hợp với quy
định của pháp luật.
K5 Phòng giao địch là loại hình chỉ nhánh, được quản. lý bởi một chỉ nhánh
ở trong nước của ngân hàng thương mại, hạch toán báo số, có con dấu, có địa
điểm đặt trụ sở trên địa bàn tỉnh, thành phố trực thuộc Trung ương nơi đặt trụ sở
chi nhánh quản lý. Phòng giao dịch không được thực hiện:
a) Phê duyệt, quyết định cấp tín dụng cho một khách hàng vượt quá hai
(02) tỷ đồng Việt Nam (sau đây gọi tắt là đồng) hoặc ngoại tệ quy đôi tương
đương, trừ trường hợp khoản cấp tín dụng được đảm bảo toàn bộ bằng tiền, thẻ
tiết kiệm, giấy tờ có giá do chính ngân hàng thương mại phát hành, trái phiếu
chính phủ, tín phiếu kho bạc nhà nước;
b) Cung cấp dịch vụ thanh toán quốc tế, chuyển tiền quốc tế.
A4. Chỉ nhánh quản lý phòng giao dịch là chỉ nhánh được giao thực hiện .
một số nội dung quản lý đối với phòng giao dịch trên địa bàn cùng một tỉnh, thành
phố theo quy định nội bộ của ngân hàng thương mại và phù hợp với quy định của
Thông tư này.
5. Văn phòng đại điện là đơn vị phụ thuộc ngân hàng thương mại, có con
dấu, thực hiện chức năng đại diện theo ủy quyền của ngân hàng thương mại. Văn
phòng đại diện không được thực hiện hoạt động kinh doanh.
6. Đơn vị sự nghiệp là đơn vị phụ thuộc ngân hàng thương mại, có con dấu,
thực hiện một hoặc một số hoạt động hỗ trợ hoạt động kinh doanh của ngân hàng
thương mại, bao gồm:
a) Nghiên cứu, ứng dụng công nghệ ngân hàng cho ngân hàng thương mại;
b) Đào tạo và bồi dưỡng nghiệp vụ, kỹ thuật cho cán bộ, nhân viên của
ngân hàng thương mại;
c) Văn phòng liên lạc; nghiên cứu, tìm hiểu thị trường:
d) Lưu trữ cơ sở dữ liệu, thu thập, xử lý thông tin phục vụ hoạt động kinh
doanh của ngân hàng thương mại;
đ) Các hoạt động khác hỗ trợ hoạt động kinh doanh của ngân hàng thương
mại phù hợp với quy định của pháp luật.
7. Ngân hàng con ở nước ngoài của ngân hàng thương mại (sau đây gọi là
ngân hàng con ở nước ngoài) là ngân hàng, mà ngân hàng thương mại hoặc ngân
hàng thương mại và người có liên quan của ngân hàng thương mại sở hữu trên
50% vôn điêu lệ hoặc trên 50% vốn cổ phần có quyền biểu quyết, được thành lập
tại nước ngoài theo quy định pháp luật nước ngoài.
8. Thời điểm đề nghị là ngày, tháng, năm ghi trên văn bản đề nghị thành
lập chi nhánh, phòng giao dịch, văn phòng đại diện, đơn vị sự nghiệp ở trong
nước; chi nhánh, văn phòng đại diện, ngân hàng con ở nước ngoài của ngân hàng
thương mại.
9. Khu vực nội thành thành phố Hà Nội, Thành phó Hô Chí Minh bao gồm
các phường của thành phó Hà Nội, Thành phố Hồ Chí Minh.
10. Khu vực ngoại thành thành phố Hà Nội, Thành phố Hồ Chí Minh bao
gồm các địa bàn còn lại của thành phô Hà Nội, Thành phô Hô Chí Minh không
thuộc phạm vi quy định tại khoản 9 Điều này.
11. Vùng nông thôn là địa giới đơn vị hành chính xã, đặc khu (không bao
gồm đặc khu mà chính quyền địa phương ở đặc khu thực hiện nhiệm vụ, quyền
hạn tương ứng của chính quyên địa phương ở phường).
12. Người đứng đâu là Giám đốc chi nhánh, Giám đốc phòng giao dịch
hoặc chức danh tương đương, người đứng đầu văn phòng đại diện.
13. Thông tin về người đứng đâu bao gồm họ và tên, giới tính, ngày, tháng,
năm sinh, dân tộc, quốc tịch, loại giấy tờ pháp lý của cá nhân, sô giây tờ pháp lý
của cá nhân, ngày sp, nơi cấp, địa chỉ thường trú và địa chỉ liên lạc.
14. Thông tin về tên bao gồm tên đầy đủ bằng tiếng Việt, tên viết bằng tiếng
nước ngoài, tên viết tắt (nếu có).
15. Thông tin về địa chỉ bao gồm địa chỉ, điện thoại, fax, email, website.",Hương; passage repaired 2026-09-11 from corpus 61/2025/TT-NHNN Điều 3 (verbatim; was annotator summary),,,
60,"https://vanban.chinhphu.vn/?pageid=27160&docid=211190

https://datafiles.chinhphu.vn/cpp/files/vbpq/2026/01/61-nhnn.pdf

","Khoản vay của Khách hàng có giá trị trên 2 tỷ đồng ban đầu được cấp bởi PGD do được bảo đảm 100% bằng tiền gửi tiết kiệm, nay KH đổi chấp tài sản bảo đảm từ tiền gửi tiết kiệm thành bất động sản. Đơn vị muốn hỏi trường hợp này khoản vay có cần phải chuyển lên CN để quản lý không, Đơn vị có cần thực hiện bổ sung các thủ tục nào với KH để đảm bảo tuân thủ quy định của pháp luật về mạng lưới của ngân hàng thương mại không?","1. Căn cứ:
- Luật các Tổ chức tín dụng 2024;
- Thông tư 61/2025/TT-NHNN quy định về mạng lưới hoạt động của ngân hàng thương mại.
2. Đánh giá về pháp lý:
- Khoản 3, Điều 3, Thông tư 61/2025/TT-NHNN, Phòng giao dịch là loại hình chi nhánh, được quản lý bởi một chi nhánh ở trong nước của ngân hàng thương mại, hạch toán báo số, có con dấu, có địa điểm đặt trụ sở trên địa bàn tỉnh, thành phố trực thuộc Trung ương nơi đặt trụ sở chi nhánh quản lý. Phòng giao dịch không được thực hiện:
+ Phê duyệt, quyết định cấp tín dụng cho một khách hàng vượt quá hai (02) tỷ đồng Việt Nam hoặc ngoại tệ quy đổi tương đương, trừ trường hợp khoản cấp tín dụng được đảm bảo toàn bộ bằng tiền, thẻ tiết kiệm, giấy tờ có giá do chính ngân hàng thương mại phát hành, trái phiếu chính phủ, tín phiếu kho bạc nhà nước;
+ Cung cấp dịch vụ thanh toán, chuyển tiền quốc tế.
- Trường hợp này, tại thời điểm quyết định cấp tín dụng, việc PGD cấp khoản vay trên 2 tỷ đồng cho KH là phù hợp với quy định của pháp luật do khoản vay được bảo đảm 100% bằng tiền gửi tiết kiệm.
- Khi khoản vay có sự thay đổi về TSBĐ từ tiền gửi thành bất động sản, tính chất an toàn của khoản vay đã thay đổi. Theo đó QA hiểu rằng PGD sẽ không được phê duyệt việc đổi chấp tài sản này.
3. Kết luận: 
- Với các trường hợp nêu trên QA kiến nghị:
+ Trường hợp Ngân hàng có quy định nội bộ hướng dẫn xử lý hoặc cấp phê duyệt có phê duyệt xử lý vấn đề trên, Đơn vị thực hiện theo đúng quy định nội bộ/phê duyệt của cấp có thẩm quyền; hoặc
+ Trường hợp không có hướng dẫn nội bộ/phê duyệt của cấp có thẩm quyền, theo QA, Đơn vị cần xem xét xử lý dưới hai góc độ sau:
(i) Về nội bộ: Yêu cầu đổi chấp tài sản của Khách hàng cần được chuyển về Chi nhánh hoặc cấp phê duyệt cao hơn (tùy thẩm quyền phê duyệt trong từng thời kỳ) để thực hiện việc phê duyệt đổi chấp tài sản bảo đảm; 
(ii) Với Khách hàng: PGD tiếp tục quản lý khoản vay KH.","Điều 3. Giải thích từ ngữ
Trong Thông tư này, những từ ngữ dưới đây được hiểu như sau:
1. Mạng lưới hoạt động của ngân hàng thương mại bao gồm chỉ nhánh,
phòng giao dịch, văn phòng đại diện, đơn vị sự nghiệp ở trong nước; chi nhánh,
văn phòng đại diện, ngân hàng con ở nước ngoài của ngân hàng thương mại theo
quy định của pháp luật.
2. Chi nhánh là đơn vị phụ thuộc ngân hàng thương mại, hạch toán phụ
thuộc, có con dấu, có nhiệm vụ thực hiện một hoặc một sô chức năng của ngân
hàng thương mại theo phân cấp của ngân hàng thương mại và phù hợp với quy
định của pháp luật.
K5 Phòng giao địch là loại hình chỉ nhánh, được quản. lý bởi một chỉ nhánh
ở trong nước của ngân hàng thương mại, hạch toán báo số, có con dấu, có địa
điểm đặt trụ sở trên địa bàn tỉnh, thành phố trực thuộc Trung ương nơi đặt trụ sở
chi nhánh quản lý. Phòng giao dịch không được thực hiện:
a) Phê duyệt, quyết định cấp tín dụng cho một khách hàng vượt quá hai
(02) tỷ đồng Việt Nam (sau đây gọi tắt là đồng) hoặc ngoại tệ quy đôi tương
đương, trừ trường hợp khoản cấp tín dụng được đảm bảo toàn bộ bằng tiền, thẻ
tiết kiệm, giấy tờ có giá do chính ngân hàng thương mại phát hành, trái phiếu
chính phủ, tín phiếu kho bạc nhà nước;
b) Cung cấp dịch vụ thanh toán quốc tế, chuyển tiền quốc tế.
A4. Chỉ nhánh quản lý phòng giao dịch là chỉ nhánh được giao thực hiện .
một số nội dung quản lý đối với phòng giao dịch trên địa bàn cùng một tỉnh, thành
phố theo quy định nội bộ của ngân hàng thương mại và phù hợp với quy định của
Thông tư này.
5. Văn phòng đại điện là đơn vị phụ thuộc ngân hàng thương mại, có con
dấu, thực hiện chức năng đại diện theo ủy quyền của ngân hàng thương mại. Văn
phòng đại diện không được thực hiện hoạt động kinh doanh.
6. Đơn vị sự nghiệp là đơn vị phụ thuộc ngân hàng thương mại, có con dấu,
thực hiện một hoặc một số hoạt động hỗ trợ hoạt động kinh doanh của ngân hàng
thương mại, bao gồm:
a) Nghiên cứu, ứng dụng công nghệ ngân hàng cho ngân hàng thương mại;
b) Đào tạo và bồi dưỡng nghiệp vụ, kỹ thuật cho cán bộ, nhân viên của
ngân hàng thương mại;
c) Văn phòng liên lạc; nghiên cứu, tìm hiểu thị trường:
d) Lưu trữ cơ sở dữ liệu, thu thập, xử lý thông tin phục vụ hoạt động kinh
doanh của ngân hàng thương mại;
đ) Các hoạt động khác hỗ trợ hoạt động kinh doanh của ngân hàng thương
mại phù hợp với quy định của pháp luật.
7. Ngân hàng con ở nước ngoài của ngân hàng thương mại (sau đây gọi là
ngân hàng con ở nước ngoài) là ngân hàng, mà ngân hàng thương mại hoặc ngân
hàng thương mại và người có liên quan của ngân hàng thương mại sở hữu trên
50% vôn điêu lệ hoặc trên 50% vốn cổ phần có quyền biểu quyết, được thành lập
tại nước ngoài theo quy định pháp luật nước ngoài.
8. Thời điểm đề nghị là ngày, tháng, năm ghi trên văn bản đề nghị thành
lập chi nhánh, phòng giao dịch, văn phòng đại diện, đơn vị sự nghiệp ở trong
nước; chi nhánh, văn phòng đại diện, ngân hàng con ở nước ngoài của ngân hàng
thương mại.
9. Khu vực nội thành thành phố Hà Nội, Thành phó Hô Chí Minh bao gồm
các phường của thành phó Hà Nội, Thành phố Hồ Chí Minh.
10. Khu vực ngoại thành thành phố Hà Nội, Thành phố Hồ Chí Minh bao
gồm các địa bàn còn lại của thành phô Hà Nội, Thành phô Hô Chí Minh không
thuộc phạm vi quy định tại khoản 9 Điều này.
11. Vùng nông thôn là địa giới đơn vị hành chính xã, đặc khu (không bao
gồm đặc khu mà chính quyền địa phương ở đặc khu thực hiện nhiệm vụ, quyền
hạn tương ứng của chính quyên địa phương ở phường).
12. Người đứng đâu là Giám đốc chi nhánh, Giám đốc phòng giao dịch
hoặc chức danh tương đương, người đứng đầu văn phòng đại diện.
13. Thông tin về người đứng đâu bao gồm họ và tên, giới tính, ngày, tháng,
năm sinh, dân tộc, quốc tịch, loại giấy tờ pháp lý của cá nhân, sô giây tờ pháp lý
của cá nhân, ngày sp, nơi cấp, địa chỉ thường trú và địa chỉ liên lạc.
14. Thông tin về tên bao gồm tên đầy đủ bằng tiếng Việt, tên viết bằng tiếng
nước ngoài, tên viết tắt (nếu có).
15. Thông tin về địa chỉ bao gồm địa chỉ, điện thoại, fax, email, website.",Hương; passage repaired 2026-09-11 from corpus 61/2025/TT-NHNN Điều 3 (verbatim; was annotator summary),,,
61,"
https://datafiles.chinhphu.vn/cpp/files/vbpq/2026/01/61-nhnn.pdf



https://thuvienphapluat.vn/cong-van/Tien-te-Ngan-hang/Cong-van-276-NHNN-TTGSNH-2017-chuyen-dat-bo-phan-nghiep-vu-khong-giao-dich-truc-tiep-357634.aspx","Để phối hợp chặt chẽ với các Đối tác (chủ đầu tư bất động sản, showroom ô tô, ...) trong hoạt động cho vay đối với KH mua sản phẩm của Đối tác, Đơn vị mong muốn ký hợp đồng thuê một diện tích mặt bằng nhỏ tại Đối tác, cán bộ của TPBank sẽ đến địa điểm này để tư vấn, giới thiệu sản phẩm cho vay của TPBank, thu thập, xử lý hồ sơ vay vốn cho Khách hàng. Đơn vị muốn hỏi, dự định triển khai như của Đơn vị nêu trên có vướng mắc gì về pháp lý hay không?","1. Căn cứ:
- Thông tư 61/2025/TT-NHNN quy định về mạng lưới hoạt động của ngân hàng thương mại;
- Công văn số 276/NHNN- TGSNH về việc chuyển hoặc đặt một hoặc một số bộ phận nghiệp vụ không giao dịch trực tiếp với khách hàng ra ngoài trụ sở TCTD, CNNHNNg.
2. Đánh giá về pháp lý:
- Điều 3 Thông tư 61/2025/TT-NHNN quy định về mạng lưới hoạt động của Ngân hàng thương mại chỉ bao gồm chi nhánh, phòng giao dịch, văn phòng đại diện, đơn vị sự nghiệp ở trong nước; chi nhánh, văn phòng đại diện, ngân hàng 100% vốn ở nước ngoài theo quy định của pháp luật. Theo đó, việc TPBank thuê văn phòng/địa điểm từ Đối tác để đặt làm văn phòng – nơi làm việc của các cán bộ bán hàng ngoài địa điểm các Chi nhánh/Phòng Giao dịch theo PC là không bảo đảm tuân thủ hoàn toàn quy định của pháp luật.
- Theo Công văn số 276/NHNN-TTGSNH của NHNN, TCTD có thể đặt một, một số bộ phận nghiệp vụ không giao dịch trực tiếp với Khách hàng ngoài địa điểm trụ sở của TCTD nhưng phải bảo đảm một số điều kiện về vị trí, an ninh, hệ thống thông tin. Theo đó, TCTD phải thông báo cho NHNN về địa điểm này, đồng thời không được giao dịch hoặc thực hiện bất kỳ hoạt động kinh doanh nào ở đây. QA thấy loại hình địa điểm của bộ phận nghiệp vụ này không đáp ứng được yêu cầu của Đơn vị.
3. Kết luận:  
- Việc TPBank ký kết Hợp đồng thuê địa điểm tại các Đối tác để phục vụ cho các mục đích như Đơn vị đề xuất là không phù hợp và có rủi ro, rủi ro này bao gồm: (i) Rủi ro vi phạm quy định của pháp luật về mạng lưới hoạt động của TPBank; (ii) Rủi ro khoản tiền thuê địa điểm không được hạch toán vào chi phí hợp lý của TPBank.
Với các vấn đề pháp lý nêu trên, QA đề nghị Đơn vị trao đổi với Đối tác để thực hiện hợp tác theo hướng Cán bộ nhân viên của Đơn vị sẽ đến trực tiếp tại Đối tác để chào bán, tư vấn sản phẩm tín dụng của TPBank cho KH, với các KH có nhu cầu sử dụng sản phẩm, hồ sơ KH sẽ được chuyển về CN, PGD gần nhất để xử lý.","Điều 3. Giải thích từ ngữ
Trong Thông tư này, những từ ngữ dưới đây được hiểu như sau:
1. Mạng lưới hoạt động của ngân hàng thương mại bao gồm chỉ nhánh,
phòng giao dịch, văn phòng đại diện, đơn vị sự nghiệp ở trong nước; chi nhánh,
văn phòng đại diện, ngân hàng con ở nước ngoài của ngân hàng thương mại theo
quy định của pháp luật.
2. Chi nhánh là đơn vị phụ thuộc ngân hàng thương mại, hạch toán phụ
thuộc, có con dấu, có nhiệm vụ thực hiện một hoặc một sô chức năng của ngân
hàng thương mại theo phân cấp của ngân hàng thương mại và phù hợp với quy
định của pháp luật.
K5 Phòng giao địch là loại hình chỉ nhánh, được quản. lý bởi một chỉ nhánh
ở trong nước của ngân hàng thương mại, hạch toán báo số, có con dấu, có địa
điểm đặt trụ sở trên địa bàn tỉnh, thành phố trực thuộc Trung ương nơi đặt trụ sở
chi nhánh quản lý. Phòng giao dịch không được thực hiện:
a) Phê duyệt, quyết định cấp tín dụng cho một khách hàng vượt quá hai
(02) tỷ đồng Việt Nam (sau đây gọi tắt là đồng) hoặc ngoại tệ quy đôi tương
đương, trừ trường hợp khoản cấp tín dụng được đảm bảo toàn bộ bằng tiền, thẻ
tiết kiệm, giấy tờ có giá do chính ngân hàng thương mại phát hành, trái phiếu
chính phủ, tín phiếu kho bạc nhà nước;
b) Cung cấp dịch vụ thanh toán quốc tế, chuyển tiền quốc tế.
A4. Chỉ nhánh quản lý phòng giao dịch là chỉ nhánh được giao thực hiện .
một số nội dung quản lý đối với phòng giao dịch trên địa bàn cùng một tỉnh, thành
phố theo quy định nội bộ của ngân hàng thương mại và phù hợp với quy định của
Thông tư này.
5. Văn phòng đại điện là đơn vị phụ thuộc ngân hàng thương mại, có con
dấu, thực hiện chức năng đại diện theo ủy quyền của ngân hàng thương mại. Văn
phòng đại diện không được thực hiện hoạt động kinh doanh.
6. Đơn vị sự nghiệp là đơn vị phụ thuộc ngân hàng thương mại, có con dấu,
thực hiện một hoặc một số hoạt động hỗ trợ hoạt động kinh doanh của ngân hàng
thương mại, bao gồm:
a) Nghiên cứu, ứng dụng công nghệ ngân hàng cho ngân hàng thương mại;
b) Đào tạo và bồi dưỡng nghiệp vụ, kỹ thuật cho cán bộ, nhân viên của
ngân hàng thương mại;
c) Văn phòng liên lạc; nghiên cứu, tìm hiểu thị trường:
d) Lưu trữ cơ sở dữ liệu, thu thập, xử lý thông tin phục vụ hoạt động kinh
doanh của ngân hàng thương mại;
đ) Các hoạt động khác hỗ trợ hoạt động kinh doanh của ngân hàng thương
mại phù hợp với quy định của pháp luật.
7. Ngân hàng con ở nước ngoài của ngân hàng thương mại (sau đây gọi là
ngân hàng con ở nước ngoài) là ngân hàng, mà ngân hàng thương mại hoặc ngân
hàng thương mại và người có liên quan của ngân hàng thương mại sở hữu trên
50% vôn điêu lệ hoặc trên 50% vốn cổ phần có quyền biểu quyết, được thành lập
tại nước ngoài theo quy định pháp luật nước ngoài.
8. Thời điểm đề nghị là ngày, tháng, năm ghi trên văn bản đề nghị thành
lập chi nhánh, phòng giao dịch, văn phòng đại diện, đơn vị sự nghiệp ở trong
nước; chi nhánh, văn phòng đại diện, ngân hàng con ở nước ngoài của ngân hàng
thương mại.
9. Khu vực nội thành thành phố Hà Nội, Thành phó Hô Chí Minh bao gồm
các phường của thành phó Hà Nội, Thành phố Hồ Chí Minh.
10. Khu vực ngoại thành thành phố Hà Nội, Thành phố Hồ Chí Minh bao
gồm các địa bàn còn lại của thành phô Hà Nội, Thành phô Hô Chí Minh không
thuộc phạm vi quy định tại khoản 9 Điều này.
11. Vùng nông thôn là địa giới đơn vị hành chính xã, đặc khu (không bao
gồm đặc khu mà chính quyền địa phương ở đặc khu thực hiện nhiệm vụ, quyền
hạn tương ứng của chính quyên địa phương ở phường).
12. Người đứng đâu là Giám đốc chi nhánh, Giám đốc phòng giao dịch
hoặc chức danh tương đương, người đứng đầu văn phòng đại diện.
13. Thông tin về người đứng đâu bao gồm họ và tên, giới tính, ngày, tháng,
năm sinh, dân tộc, quốc tịch, loại giấy tờ pháp lý của cá nhân, sô giây tờ pháp lý
của cá nhân, ngày sp, nơi cấp, địa chỉ thường trú và địa chỉ liên lạc.
14. Thông tin về tên bao gồm tên đầy đủ bằng tiếng Việt, tên viết bằng tiếng
nước ngoài, tên viết tắt (nếu có).
15. Thông tin về địa chỉ bao gồm địa chỉ, điện thoại, fax, email, website.",Hương; passage repaired 2026-09-11 from corpus 61/2025/TT-NHNN Điều 3 (verbatim; was annotator summary),,,
62,"https://datafiles.chinhphu.vn/cpp/files/vbpq/2013/08/6pl.pdf


https://datafiles.chinhphu.vn/cpp/files/vbpq/2019/01/48-nhnn.pdf

https://datafiles.chinhphu.vn/cpp/files/vbpq/2014/07/nd-70.signed.pdf","Một KH là người nước ngoài cư trú tại Việt Nam muốn gửi tiền tiết kiệm bằng USD tại TCB. Đơn vị muốn hỏi, Đơn vị có thể nhận tiền gửi theo yêu cầu của KH được không? Trường hợp KH này không gửi được, KH có thể ủy quyền cho vợ KH là công dân Việt Nam gửi tiền không?","1. Căn cứ:
- Pháp lệnh sửa đổi Pháp lệnh ngoại hối năm 2013;
- Thông tư 48/2018/TT-NHNN quy định về tiền gửi tiết kiệm;
- Nghị định 70/2014/NĐ-CP quy định chi tiết thi hành một số điều của Pháp lệnh ngoại hối và Pháp lệnh sửa đổi, bổ sung một số điều của Pháp lệnh ngoại hối.
2. Đánh giá về pháp lý:
- Về việc Đơn vị có thể nhận tiền gửi tiết kiệm ngoại tệ theo yêu cầu của Khách hàng: 
+ Điều 3 Thông tư 48/2018/TT-NHNN thì đối tượng được gửi tiền tiết kiệm là Công dân Việt Nam. Do vậy, trong trường hợp nêu trên, KH là người nước ngoài đang cư trú tại Việt Nam nhưng lại không phải là công dân Việt Nam nên KH không thuộc đối tượng được gửi tiết kiệm tại TCB.
- Về việc Khách hàng ủy quyền cho vợ của Khách hàng là công dân Việt Nam gửi tiền tiết kiệm: 
+ Do Khách hàng không thuộc đối tượng được gửi tiền tiết kiệm ngoại tệ tại Việt Nam hay nói cách khác, về pháp lý KH không có quyền gửi tiết kiệm tại Việt Nam nên KH không thể ủy quyền thực hiện việc này cho người khác. 
3. Kết luận: 
- Trường hợp này, TCB không thể đồng ý nhận tiền gửi tiết kiệm từ Khách hàng theo cơ chế ủy quyền mà KH đề xuất. Theo đó, Đơn vị trao đổi lại với KH về các vướng mắc pháp lý nêu trên để KH tìm kiếm giải pháp khác phù hợp (Ví dụ: KH tặng cho vợ để người vợ đứng tên gửi tiết kiệm số tiền này) hoặc chuyển sang hình thức tiền gửi có kỳ hạn.","Điều 3. Người gửi tiền
1. Công dân Việt Nam từ đủ 18 tuôi trở lên có năng lực hành vi dân sự
đầy đủ theo quy định của pháp luật.
2, Công dân Việt Nam từ đủ 15 tuổi đến chưa đủ 18 tuổi không bị hạn
chế năng lực hành vi dân sự hoặc không mất năng lực hành vi dân sự theo quy
định của pháp luật.
3. Công dân Việt Nam bị hạn chế năng lực hành vi dân sự hoặc mất
năng lực hành vì dân sự theo quy định của pháp luật hoặc chưa đủ 15 tuổi thực
hiện giao dịch. tiền gửi tiết kiệm thông qua người đại diện theo pháp luật; Công
dân Việt Nam có khó khăn trong nhận thức, làm chủ hành vi theo quy định của
pháp luật thực hiện giao dịch tiền gửi tiết kiệm thông qua người giám hộ.",Hương; passage repaired 2026-09-11 from corpus 48/2018/TT-NHNN Điều 3 (verbatim; was annotator summary),,,
63,"https://datafiles.chinhphu.vn/cpp/files/vbpq/2019/01/48-nhnn.pdf



https://datafiles.chinhphu.vn/cpp/files/vbpq/2016/01/91.signed.pdf
","KH gửi tiền tiết kiệm tại Ngân hàng hiện tại bị hôn mê, không còn khả năng nhận thức và ký chứng từ. Vậy, cần những thủ tục, giấy tờ gì để gia đình Khách hàng rút tiền tiết kiệm phù hợp quy định pháp luật?","1. Căn cứ: 
- Bộ Luật dân sự 2015; 
- Thông tư 48/2018/TT-NHNN quy định về tiền gửi tiết kiệm. 
2. Đánh giá về pháp lý: 
- Do KH bị hôn mê sâu, không còn khả năng nhận thức cũng như ký chứng từ, tình trạng này Khách hàng có thể được xác định là đã mất năng lực nhận thức cũng như mất khả năng làm chủ bản thân trong các giao dịch dân sự nói chung và trong các giao dịch với ngân hàng nói riêng. Về pháp lý, đối với những trường hợp như vậy, có thể áp dụng chế định Giám hộ theo quy định của Bộ luật Dân sự để tạo điều kiện cho người nhà KH rút sổ tiết kiệm, vì theo quy định của pháp luật thì người giám hộ có quyền đại diện cho người được giám hộ trong việc xác lập, thực hiện các giao dịch dân sự nhằm bảo vệ quyền, lợi ích hợp pháp của người được giám hộ.
- Khoản 2 điều 35 Bộ Luật Tố tụng Dân sự năm 2015 quy định: Một người không thể đương nhiên bị coi là mất năng lực hành vi dân sự nếu không có quyết định của Tòa án, vì vậy, Đơn vị kinh doanh hướng dẫn cho người nhà Khách hàng thực hiện các thủ tục yêu cầu Tòa án nhân dân có thẩm quyền yêu cầu tuyên bố Khách hàng mất năng lực hành vi dân sự. 
- Sau khi người nhà Khách hàng đã có quyết định của Tòa án tuyên bố Khách hàng bị mất năng lực hành vi dân sự, Đơn vị kinh doanh hướng dẫn Khách hàng xác định người giám hộ đương nhiên của Khách hàng theo quy định tại Điều 53 Bộ Luật dân sự 2015, cụ thể:
""Điều 53. Người giám hộ đương nhiên của người mất năng lực hành vi dân sự
Trường hợp không có người giám hộ theo quy định tại khoản 2 Điều 48 của Bộ luật này thì người giám hộ đương nhiên của người mất năng lực hành vi dân sự được xác định như sau:
1. Trường hợp vợ là người mất năng lực hành vi dân sự thì chồng là người giám hộ; nếu chồng là người mất năng lực hành vi dân sự thì vợ là người giám hộ.
2. Trường hợp cha và mẹ đều mất năng lực hành vi dân sự hoặc một người mất năng lực hành vi dân sự, còn người kia không có đủ điều kiện làm người giám hộ thì người con cả là người giám hộ; nếu người con cả không có đủ điều kiện làm người giám hộ thì người con tiếp theo có đủ điều kiện làm người giám hộ là người giám hộ.
3. Trường hợp người thành niên mất năng lực hành vi dân sự chưa có vợ, chồng, con hoặc có mà vợ, chồng, con đều không có đủ điều kiện làm người giám hộ thì cha, mẹ là người giám hộ.""
3. Kết luận:
- Sau khi người nhà Khách hàng đã hoàn tất thủ tục xác định người giám hộ theo quy định nêu trên, Đơn vị kinh doanh hướng dẫn người nhà Khách hàng cung cấp các hồ sơ, tài liệu sau đây để Đơn vị kinh doanh thực hiện chi trả tiền gửi tiết kiệm của Khách hàng cho người giám hộ:
+ Bản sao có chứng thực Quyết định của Tòa án tuyên bố Khách hàng mất năng lực hành vi dân sự; yêu cầu xuất trình bản gốc để đối chiếu.
+ Bản sao có chứng thực Văn bản chứng minh tư cách người giám hộ đương nhiên của khách hàng (ví dụ như Giấy chứng nhận đăng ký kết hôn hoặc Sổ hộ khẩu; Giấy khai sinh..), yêu cầu xuất trình bản gốc để đối chiếu.
+ Bản gốc Sổ tiết kiệm của Khách hàng.
+ Giấy CMND hoặc Hộ chiếu hoặc Thẻ Căn cước công dân còn hiệu lực của người giám hộ đương nhiên.","Điều 53. Người giám hộ đương nhiên của người mất năng lực hành vi
dân sự
Trường hợp không có người giám hộ theo quy định tại khoản 2 Điều 48
của Bộ luật này thì người giám hộ đương nhiên của người mật năng lực hành vi
dân sự được xác định như sau:
1. Trường hợp vợ là người mất năng lực hành vi dân sự thì chồng là người
giám hộ; nếu chồng là người mất năng lực hành vi dân sự thì vợ là người giám hộ;
2. Trường hợp cha và mẹ đều mất năng lực hành vi dân sự hoặc một
người mất năng lực hành vi dân sự, còn người kia không có đủ điều kiện làm
người giám hộ thì người con cả là người giám hộ; nếu người con cả không có đủ
điều kiện làm người giám hộ thì người con tiếp theo có đủ điều kiện làm người
giám hộ là người giám hộ;
AX
3. Trường hợp người thành niên mắt năng lực hành vi dân sự chưa có vợ,
chồng, con hoặc có mà vợ, chồng, con đều không có đủ điều kiện làm người
giám hộ thì cha, mẹ là người giám hộ.",Hương; passage repaired 2026-09-11 from corpus 91/2015/QH13 Điều 53 (verbatim; was annotator summary),,,
64,"https://datafiles.chinhphu.vn/cpp/files/vbpq/2019/01/48-nhnn.pdf



https://datafiles.chinhphu.vn/cpp/files/vbpq/2016/01/91.signed.pdf
",KH mong muốn gửi tiền tiết kiệm cho cháu nội 10 tuổi. KH có trao đổi về việc cha cháu đã mất và muốn gửi một khoản tiền tiết kiệm cho cháu nhưng không muốn mẹ cháu được tham gia quản lý số tiền này. Đơn vị đề nghị QA tư vấn giải pháp phù hợp để có thể đáp ứng nhu cầu của KH.,"1. Căn cứ: 
- Bộ luật Dân sự 2015; 
- Thông tư 48/2018/TT-NHNN quy định về tiền gửi tiết kiệm.
2. Đánh giá về pháp lý: 
- Khoản 3 Điều 3 Thông tư 48/2018/TT-NHNN quy định: “Công dân Việt Nam chưa đủ 15 tuổi thực hiện giao dịch tiền gửi tiết kiệm thông qua người đại diện theo pháp luật”.
- Khoản 1 Điều 136 của Bộ Luật dân sự 2015 quy định trường hợp này người mẹ được xác định là người đại diện theo pháp luật của người con 10 tuổi.
- Theo đó, QA cho rằng khó có phương án nào đáp ứng được toàn bộ yêu cầu, mục đích của KH vì nếu Sổ tiết kiệm đứng tên người con thì việc thực hiện các giao dịch gửi, rút… tiền tiết kiệm vẫn do người mẹ thực hiện, ngân hàng không có cơ sở pháp lý để hạn chế việc này.
3. Kết luận: 
- Mặc dù khó đáp ứng được trọn vẹn yêu cầu của KH, tuy nhiên, Đơn vị có thể xem giải pháp sau đây: KH (hoặc một người thân tín nào đó do KH chỉ định) đứng tên đồng sở hữu Sổ tiết kiệm với người cháu 10 tuổi. KH/người do KH chỉ định sẽ cùng với mẹ cháu bé ký một Văn bản thỏa thuận về đồng chủ sở hữu thẻ tiết kiệm. Trong đó ghi nhận rõ trước khi cháu bé 18 tuổi mọi giao dịch liên quan tới sổ tiết kiệm này sẽ phải do cả 2 người thực hiện (KH/người do KH chỉ định và mẹ cháu bé). Khi cháu bé đủ 18 tuổi mọi giao dịch có thể do một mình cháu bé thực hiện.
Đơn vị lưu ý, trên đây là giải pháp về pháp lý, để có thể triển khai thành công giải pháp này, Đơn vị cần kiểm tra lại các vấn đề liên quan như hệ thống theo dõi, hạch toán, kế toán …. xem có thể hỗ trợ cho giải pháp nêu trên được không. ","Điều 3. Người gửi tiền
1. Công dân Việt Nam từ đủ 18 tuôi trở lên có năng lực hành vi dân sự
đầy đủ theo quy định của pháp luật.
2, Công dân Việt Nam từ đủ 15 tuổi đến chưa đủ 18 tuổi không bị hạn
chế năng lực hành vi dân sự hoặc không mất năng lực hành vi dân sự theo quy
định của pháp luật.
3. Công dân Việt Nam bị hạn chế năng lực hành vi dân sự hoặc mất
năng lực hành vì dân sự theo quy định của pháp luật hoặc chưa đủ 15 tuổi thực
hiện giao dịch. tiền gửi tiết kiệm thông qua người đại diện theo pháp luật; Công
dân Việt Nam có khó khăn trong nhận thức, làm chủ hành vi theo quy định của
pháp luật thực hiện giao dịch tiền gửi tiết kiệm thông qua người giám hộ.",Hương; passage repaired 2026-09-11 from corpus 48/2018/TT-NHNN Điều 3 (verbatim; was annotator summary),,,
65,"https://datafiles.chinhphu.vn/cpp/files/vbpq/2019/01/49-nhnn.pdf

https://datafiles.chinhphu.vn/cpp/files/vbpq/2016/01/91.signed.pdf
","Bà A là người Việt Nam, có nhu cầu ủy quyền cho Ông B là Người nước ngoài, được thực hiện tất cả các quyền đối với tiền gửi có kỳ hạn bao gồm Rút toàn bộ gốc và lãi trước hạn; Rút toàn bộ gốc và lãi khi đến hạn; Rút toàn bộ gốc khi đến hạn, Rút toàn bộ lãi khi đến hạn; Rút một phần gốc và ủy quyền rút tiền từ TKTT của KH do tiền từ tiền gửi có kỳ hạn trực tuyến sẽ được thực hiện thông qua TKTT","1. Căn cứ: 
- Bộ Luật dân sự 2015;
- Thông tư 22/2018/TT-NHNN quy định về tiền gửi có kỳ hạn;
- Thông tư 17/2024/TT-NHNN ngày 28/6/2024 quy định việc mở và sử dụng tài khoản thanh toán tại tổ chức cung ứng dịch vụ thanh toán.
2. Đánh giá về pháp lý: 
- Điều 138 Bộ luật dân sự quy định: Ủy quyền là việc Bên được ủy quyền ký, thực hiện công việc thay cho Bên ủy quyền. Bên ủy quyền sẽ chịu trách nhiệm đối với các thỏa thuận, công việc mà Bên được ủy quyền đã giao kết, thực hiện với ngân hàng.
- Về việc người Việt Nam ủy quyền cho người nước ngoài sử dụng TKTT: Pháp luật về mở và sử dụng TKTT không có quy định hạn chế việc người Việt Nam ủy quyền cho người nước ngoài sử dụng TKTT; khi đó, việc sử dụng TKTT theo ủy quyền phải phù hợp với quy định pháp luật và của ngân hàng về việc sử dụng TKTT của người cư trú là công dân Việt Nam. Tuy nhiên, chính sách áp dụng cho tài khoản của người Việt Nam là người cư trú và người nước ngoài là khác nhau. 
=> Do đó, việc chấp thuận cơ chế ủy quyền sử dụng tài khoản này có thể dẫn đến rủi ro là người nước ngoài lạm dụng việc ủy quyền này để được phép sử dụng TKTT vào các mục đích chỉ dành cho người cư trú là Công dân Việt Nam. 
- Về việc người Việt Nam ủy quyền cho người nước ngoài tất toán tiền gửi có kỳ hạn: Hiện pháp luật cũng không có quy định cụ thể về việc cá nhân người Việt Nam ủy quyền cho người nước ngoài thực hiện giao dịch liên quan đến tiền gửi có kỳ hạn. Mặc dù vậy, chính sách áp dụng cho người Việt Nam và người nước ngoài liên quan đến tiền gửi có kỳ hạn là khác nhau. 
+ Cụ thể theo quy định tại Thông tư 22/2018/TT-NHNN thì (1) người được ngoài chỉ được gửi tiền gửi có kỳ hạn khi được phép cư trú tại Việt Nam với thời hạn từ 6 (sáu) tháng trở lên; và (2) thời hạn gửi tiền không được dài hơn thời hạn hiệu lực còn lại của Giấy tờ xác minh. 
=> Do đó, việc chấp nhận cho người Việt Nam ủy quyền cho người nước ngoài có thể dẫn đến rủi ro là người nước ngoài sẽ lạm dụng việc ủy quyền này để được phép thực hiện các giao dịch liên quan đến tiền gửi có kỳ hạn, trong khi về pháp lý, người nước ngoài bị hạn chế trong việc gửi tiền gửi có kỳ hạn. 
- Về việc người Việt Nam ủy quyền cho người nước ngoài rút tiền gửi có kỳ hạn: Pháp luật về tiền gửi có kỳ hạn không có quy định hạn chế người Việt Nam ủy quyền cho người nước ngoài tất toán trước hạn tiền gửi có kỳ hạn. Mặc dù vậy đối với tiền gửi có kỳ hạn online thì Khách hàng có thể chủ động tự thực hiện tất toán tiền gửi có kỳ hạn trên mobile app thông qua user, password và OTP mà không cần phải đến quầy thực hiện giao dịch của ngân hàng.  
3. Kết luận: 
Đơn vị tư vấn và giải thích rõ để KH hiểu về các quy định pháp lý liên quan và hướng dẫn KH thực hiện các giao dịch qua Internet banking mà không cần phải thực hiện cơ chế ủy quyền.","Điều 138. Đại diện theo ủy quyền
1. Cá nhân, pháp nhân có thể uỷ quyền cho cá nhân, pháp nhân khác xác
lập, thực hiện giao dịch dân sự.
2. Các thành viên hộ gia đình, tổ hợp tác, tổ chức khác không có tư cách
pháp nhân có thể thỏa thuận cử cá nhân, pháp nhân khác đại diện theo ủy quyền
xác lập, thực hiện giao dịch dân sự liên quan đến tài sản chung của các thành
viên hộ gia đình, tổ hợp tác, tổ chức khác không có tư cách pháp nhân.
3. Người từ đủ mười lăm tuổi đến chưa đủ mười tám tuôi có thê là người
đại diện theo uỷ quyên, trừ trường hợp pháp luật quy định giao dịch dân sự phải
đo người từ đủ mười tám tuôi trở lên xác lập, thực hiện.","Thành; corrected 2026-09-11: Thông tư 49/2018 và 49/2019 không tồn tại - file 49-nhnn.pdf là TT 22/2018/TT-NHNN (tiền gửi có kỳ hạn), xác minh bằng OCR header; chỉ sửa số hiệu văn bản, nội dung tư vấn giữ nguyên; passage repaired 2026-09-11 from corpus 91/2015/QH13 Điều 138 (verbatim; was annotator summary)",,,
66,,"Doanh nghiệp kinh doanh bất động sản là nhà ở thương mại, có được phép vay nước ngoài để phát triển dự án nhà thương mại hay không?",Không có trong kho văn bản,,Hương,,,
67,,"Đơn vị đang tiếp nhận đề nghị mở tài khoản từ trường mầm non, trường mẫu giáo, nhóm trẻ, lớp mẫu giáo độc lập. Vậy các loại hình này có được mở tài khoản thanh toán tổ chức hay không?",Không có trong kho văn bản,,Hương,,,
68,,"Đơn vị đang tiếp nhận đề nghị mở tài khoản thanh toán từ Ban quản trị nhà chung cư có nhiều chủ sở hữu và có từ 20 căn hộ trở lên để quản lý kinh phí hoạt động của Ban quản trị. Hỏi: - Ban quản trị nhà chung cư có nhiều chủ sở hữu và có từ 20 căn hộ trở lên có được mở tài khoản không? - Trường hợp mở tài khoản thanh toán tổ chức, căn cứ vào giấy tờ nào để xác định ai trong Ban quản trị chung cư là đại diện hợp pháp của chủ tài khoản hoạt động?",Không có trong kho văn bản,,Hương,,,
69,,"Đơn vị đang tiếp nhận đề nghị mở tài khoản thanh toán từ Ban quản trị nhà chung cư có nhiều chủ sở hữu để quản lý kinh phí bảo trì (là TKTT của BQT để quản lý, sử dụng kinh phí bảo trì). Đề nghị hướng dẫn cho Đơn vị xác định Đại diện hợp pháp của chủ tài khoản đối với TKTT?",Không có trong kho văn bản,,Hương,,,
70,,"Ban quản trị nhà chung cư có nhu cầu mở TKTT tại VPBank. Ban quản trị không có Kế toán trưởng/Phụ trách kế toán nên không cung cấp Quyết định bổ nhiệm Kế toán trưởng/Phụ trách kế toán trong hồ sơ mở TKTT. Hỏi, với trường hợp trên, VPBank có thể mở TKTT cho Khách hàng không?",Không có trong kho văn bản,,Hương,,,
71,,"Với các loại hình công ty là công ty đấu giá và Công ty Luật, KH có thể cung cấp ""Giấy đăng ký hoạt động do Sở tư pháp cấp"" thay cho ""Giấy chứng nhận đăng ký doanh nghiệp do Phòng ĐKKD – Sở KH&ĐT cấp"" trong hồ sơ mở TKTT được không?",Không có trong kho văn bản,,Hương,,,
72,,"Khách hàng có nhu cầu mở TKTT của cho Văn phòng đại diện của thương nhân nước ngoài tại Việt Nam bằng ngoại tệ. Hỏi, với trường hợp trên, VPBank có thể mở TKTT cho Văn phòng đại diện của thương nhân nước ngoài tại Việt Nam với tư cách độc lập không?",Không có trong kho văn bản,,Hương,,,
73,,Hiệp hội A – Chi hội B có nhu cầu mở TKTT độc lập không phụ thuộc vào Hiệp hội A. Hỏi Đơn vị kinh doanh có thể mở được cho KH theo đề nghị trên hay không?,Không có trong kho văn bản,,Hương,,,
74,,"Đơn vị kinh doanh đang có trường hợp Khách hàng là Công ty TNHH A có thông tin của đại diện pháp luật trên Đăng ký kinh doanh là Căn cước số 022083xxxxxx. Hiện Người đại diện theo pháp luật của KH đang bị mất Thẻ căn cước, tuy nhiên KH có thể cung Hộ chiếu (còn hiệu lực) trong đó có dẫn chiếu đến số Căn cước khớp với số trên ĐKKD. Hỏi, trường hợp này có thể chấp nhận mở TKTT cho KH không?",Không có trong kho văn bản,,Hương,,,
75,,"Đối với các Tài khoản thanh toán mà ngân hàng (các Đơn vị có chức năng tại ngân hàng) phát hiện có dấu hiệu lừa đảo. Đơn vị kinh doanh cũng đã đến xác thực địa chỉ theo đăng ký của KH thì không tồn tại. Hỏi: Với những trường hợp đó, có thể tạm dừng giao dịch TKTT của KH hay không?",Không có trong kho văn bản,,Hương,,,
76,,"Trong quá trình sử dụng tài khoản thanh toán, Khách hàng thay đổi mẫu dấu (chỉ thay đổi về bố cục, không thay đổi nội dung) thì có cần đăng ký với ngân hàng không?",Không có trong kho văn bản,,Hương,,,
77,,Đại diện pháp luật của công ty có được ủy quyền cho Kế toán trưởng ký tên tại Mục Chủ tài khoản trên các chứng từ giao dịch tài khoản thanh toán của công ty không?,Không có trong kho văn bản,,Hương,,,
78,,Người đại diện theo pháp luật của Khách hàng doanh nghiệp bị tạm giam thì người đó có thể ký các chứng từ giao dịch tài khoản của doanh nghiệp không?,Không có trong kho văn bản,,Hương,,,
79,,Khách hàng là Công ty TNHH 02 thành viên trở lên có nhu cầu mở TKTT. Khách hàng cung cấp Quyết định bổ nhiệm Kế toán trưởng do Giám đốc ký ban hành. Hỏi: Quyết định bổ nhiệm Kế toán trưởng của Khách hàng có được chấp nhận không?,Không có trong kho văn bản,,Hương,,,
80,,Khách hàng là Công ty TNHH 02 thành viên trở lên đang có tài khoản thanh toán tại ngân hàng có Đại diện theo pháp luật là một trong hai thành viên góp vốn. Đại diện theo pháp luật của công ty là Đại diện hợp pháp duy nhất của Chủ tài khoản đăng ký với ngân hàng mới qua đời. Hỏi: Hiện nay công ty có nhu cầu chuyển tiền để thanh toán cho đối tác thì cần thực hiện thủ tục gì?,Không có trong kho văn bản,,Hương,,,
81,,"Bà A sinh năm 1979. GCN đứng tên một mình Bà A được cấp năm 2004. Năm 2005 Bà A kết hôn. Trường hợp này, khi thế chấp quyền sử dụng đất cho Ngân hàng, Bà A có phải cung cấp Giấy xác nhận tình trạng hôn nhân từ thời điểm Bà A đủ tuổi đăng ký kết hôn hay không?",Không có trong kho văn bản,,Hương,,,
82,,"GCN đứng tên một mình Bà A được cấp trong thời kỳ hôn nhân, có nguồn gốc nhận tặng cho riêng. Tuy nhiên, khi ký hợp đồng thế chấp, đăng ký giao dịch bảo đảm thì cả hai vợ chồng Bà A đều tham gia ký HĐTC, Đơn đăng ký thế chấp. Trường hợp này, Đơn vị có cần yêu cầu KH sửa đổi, bổ sung gì đối với HĐTC không? KH có thể đề nghị giải ngân tiếp với tài sản bảo đảm theo HĐTC này không?",Không có trong kho văn bản,,Hương,,,
83,,"GCN đứng tên một mình Bà A được cấp trong thời kỳ hôn nhân, có nguồn gốc nhận tặng cho riêng. Hiện Bà A muốn thế chấp tài sản này cho Ngân hàng thì HĐTC có bắt buộc phải có chữ ký của người chồng hay không?",Không có trong kho văn bản,,Hương,,,
84,,"KH gồm Ông A và Bà B có nhu cầu vay vốn tại BIDV, tài sản bảo đảm là chiếc xe ô tô đứng tên Ông A (tài sản hình thành năm 2016), theo thông tin KH cung cấp thì vợ, chồng Khách hàng đã kết hôn từ năm 2015, tuy nhiên KH không cung cấp được Giấy chứng nhận đăng ký kết hôn và chỉ cung cấp được Giấy khai sinh của con chung có ghi tên khách hàng là bố mẹ. Vậy, trong trường hợp này Giấy khai sinh có thể thay thế Giấy đăng ký kết hôn được hay không? Và xác định Bên thế chấp trong hợp đồng thế chấp?",Không có trong kho văn bản,,Hương,,,
85,,Trường hợp chủ tài sản chưa đủ 18 tuổi có yêu cầu người giám hộ là cả bố và mẹ cùng đại diện ký hợp đồng thế chấp không?,Không có trong kho văn bản,,Hương,,,
86,,"Ông A và bà B là hai vợ chồng và đã được phê duyệt khoản vay 1,4 tỷ đồng, tài sản bảo đảm cho khoản vay là QSD đứng tên 2 vợ chồng. Tuy nhiên sau khi vay vốn tại Vietcombank, hai vợ chồng đã ly hôn, trong quyết định ly hôn thì việc phân chia tài sản chung vợ chồng do hai bên tự thỏa thuận. Hiện tại, khoản vay của hai vợ chồng vẫn đang còn dư nợ, người chồng phát sinh nhu cầu vay thêm và vẫn dùng tài sản nêu trên để bảo đảm cho khoản vay của mình tại Vietcombank. Chi nhánh đề nghị QA tư vấn về việc tiếp tục cấp khoản vay mới cho người chồng dựa trên tài sản bảo đảm hiện tại, các thủ tục pháp lý liên quan cần thực hiện như thế nào?",Không có trong kho văn bản,,Hương,,,
87,,KH có TSBĐ là BĐS đang đảm bảo nghĩa vụ vay vốn tại Vietinbank. KH mua thửa đất bên cạnh thửa đất đang thế chấp và có nhu cầu mượn GCN để làm thủ tục hợp thửa tại cơ quan đăng ký quyền sử dụng đất. Đơn vị đề nghị QA tư vấn các thủ tục liên quan. ,Không có trong kho văn bản,,Hương,,,
88,,"Đơn vị đang xử lý hồ sơ cho vay và thế chấp tài sản hình thành từ vốn vay cho KH. KH thông báo đã ly hôn, hiện độc thân. Khách hàng phải cung cấp Quyết định ly hôn của Tòa án có phù hợp để tiếp tục xử lý hồ sơ hay không?",Không có trong kho văn bản,,,,,
